Rk,School,G,W,L,W-L%,SRS,SOS,,W,L,,W,L,,W,L,,Tm.,Opp.,,MP,FG,FGA,FG%,3P,3PA,3P%,FT,FTA,FT%,ORB,TRB,AST,STL,BLK▼,TOV,PF
1,Virginia,34,29,5,.853,21.61,9.38,,15,3,,16,1,,8,2,,80.6,68.4,,40.7,28.0,60.5,.463,10.1,28.1,.359,14.5,20.0,.726,13.2,40.2,16.6,6.44,6.47,10.8,17.6
2,Georgia,32,22,10,.688,19.58,8.93,,10,8,,14,4,,6,4,,89.8,79.2,,40.6,30.9,65.5,.471,9.81,28.8,.341,18.3,24.2,.754,13.0,38.2,14.9,8.38,6.09,10.7,17.0
3,Michigan,33,31,2,.939,32.93,14.54,,19,1,,14,1,,11,0,,87.3,68.9,,40.2,30.4,60.1,.507,9.12,25.2,.362,17.3,23.2,.746,11.0,40.2,18.6,5.82,5.97,12.1,15.5
4,UC Irvine,34,23,11,.676,3.66,-1.40,,15,5,,12,4,,7,5,,77.4,68.4,,40.4,28.4,61.1,.464,5.76,16.9,.340,14.9,21.5,.692,11.6,40.4,16.1,7.76,5.91,12.7,15.7
5,Syracuse,32,15,17,.469,10.30,9.55,,6,12,,12,6,,2,7,,75.0,74.3,,40.8,27.3,58.6,.465,7.16,21.8,.329,13.3,20.6,.648,10.3,34.2,12.8,6.19,5.91,11.0,16.4
6,Kansas,33,23,10,.697,21.11,14.87,,12,6,,14,2,,5,6,,75.6,69.4,,40.3,26.8,59.0,.453,7.36,21.1,.350,14.8,19.2,.767,10.1,38.8,14.3,5.48,5.73,10.7,14.4
7,Seton Hall,33,21,12,.636,13.46,8.46,,10,10,,12,5,,6,5,,70.3,65.3,,40.0,25.4,58.2,.435,4.76,15.6,.305,14.8,20.5,.723,12.5,35.8,13.1,9.21,5.67,11.1,18.8
8,Southern California,32,18,14,.563,10.59,11.17,,7,13,,9,7,,5,6,,78.6,77.9,,40.8,26.8,59.0,.454,6.22,19.8,.314,18.8,26.0,.724,11.4,36.5,15.3,6.34,5.66,12.5,18.7
9,Utah Valley,32,25,7,.781,5.37,-1.76,,14,4,,15,0,,6,7,,80.8,68.6,,40.5,29.7,58.8,.505,6.78,19.8,.342,14.7,21.1,.696,12.0,36.8,18.7,9.53,5.59,14.1,18.6
10,Long Island University,34,24,10,.706,-4.94,-7.91,,15,3,,14,1,,10,9,,74.1,71.1,,40.1,27.4,57.1,.481,5.97,16.5,.361,13.2,19.8,.668,11.4,35.0,13.6,7.82,5.38,13.0,17.6
11,Florida Atlantic,33,18,15,.545,3.79,1.95,,9,9,,11,4,,4,8,,78.7,74.3,,40.5,28.2,61.2,.461,7.85,23.6,.332,14.3,20.2,.710,11.9,38.8,13.2,5.88,5.36,12.3,17.6
12,Kennesaw State,34,21,13,.618,0.14,-1.99,,10,10,,13,3,,4,8,,83.4,76.1,,40.3,27.6,61.9,.446,9.41,26.9,.350,18.6,27.0,.691,13.9,40.3,14.3,7.09,5.29,11.9,20.0
13,Connecticut,34,29,5,.853,22.93,10.55,,17,3,,15,2,,9,2,,77.5,65.1,,40.3,28.3,58.6,.482,8.32,23.6,.352,12.6,17.6,.716,11.6,36.6,18.4,6.88,5.26,11.2,18.0
14,Merrimack,34,23,11,.676,-4.27,-6.33,,17,3,,11,0,,9,8,,68.5,66.5,,40.4,22.2,53.4,.416,8.06,24.6,.327,16.1,20.4,.788,8.12,28.7,12.4,8.21,5.15,9.56,16.3
15,Arkansas,33,25,8,.758,22.10,12.28,,13,5,,17,1,,5,5,,90.1,80.2,,40.6,32.2,64.4,.500,8.12,21.3,.381,17.6,23.6,.747,11.2,36.1,16.9,7.36,5.12,8.97,17.0
16,Florida,33,26,7,.788,27.92,13.14,,16,2,,14,1,,8,2,,86.8,72.0,,40.0,30.8,64.4,.478,7.36,23.9,.308,17.8,25.2,.710,16.1,45.4,16.6,6.70,5.06,11.9,17.8
17,Alabama,32,23,9,.719,22.70,14.45,,13,5,,12,3,,7,3,,91.7,83.5,,40.3,30.2,65.9,.458,12.7,35.3,.358,18.8,24.5,.765,12.2,40.6,16.1,6.44,5.06,9.78,18.5
18,West Georgia,32,15,17,.469,-10.93,-5.77,,8,10,,10,5,,4,11,,76.6,79.6,,40.5,28.3,63.3,.447,7.09,21.1,.336,12.9,18.4,.700,12.0,37.0,12.8,6.47,4.97,11.3,16.8
19,Cal State Bakersfield,32,8,24,.250,-12.68,-1.25,,2,18,,6,11,,2,13,,73.1,82.2,,40.0,24.8,59.1,.420,4.94,17.0,.290,18.5,25.1,.735,11.4,34.8,11.1,7.63,4.91,13.6,20.1
20,St. John's (NY),34,28,6,.824,22.43,10.84,,18,2,,15,2,,9,1,,81.6,70.0,,40.1,27.9,61.6,.454,6.91,20.8,.332,18.8,25.8,.727,13.1,38.6,16.3,7.91,4.88,10.5,17.3
21,Charleston Southern,32,15,17,.469,-6.69,-6.65,,6,10,,10,4,,5,11,,83.4,80.1,,40.9,29.4,64.4,.457,12.0,33.1,.361,12.6,19.5,.647,11.9,42.0,16.8,4.84,4.88,13.9,21.7
22,Marshall,32,19,13,.594,-2.82,-4.40,,11,7,,13,4,,6,8,,81.1,78.0,,40.0,29.0,61.7,.469,10.1,27.4,.368,13.1,17.9,.732,11.3,36.8,16.6,6.19,4.84,11.7,20.2
23,Seattle,33,20,13,.606,4.44,2.73,,8,10,,13,4,,5,7,,71.9,67.0,,40.2,25.3,57.5,.439,7.21,22.0,.328,14.2,20.1,.704,9.15,32.9,13.3,8.00,4.79,11.6,16.5
24,Saint Joseph's,33,22,11,.667,2.65,0.97,,13,5,,13,3,,6,7,,73.3,69.9,,40.2,25.7,59.8,.430,8.27,26.8,.308,13.7,18.4,.743,11.6,38.8,15.6,5.48,4.76,11.7,14.0
25,Nevada-Las Vegas,33,17,16,.515,5.64,6.11,,11,9,,10,6,,6,6,,79.4,78.6,,40.5,27.7,59.0,.470,7.36,21.1,.349,16.6,24.1,.687,11.1,35.0,14.2,7.58,4.76,12.1,21.4
26,Louisiana Tech,34,20,14,.588,-2.90,-2.96,,11,9,,14,3,,4,10,,69.9,65.0,,40.4,25.6,58.1,.441,5.82,19.5,.299,12.7,19.1,.667,13.2,38.5,12.6,7.38,4.74,12.2,16.3
27,Vanderbilt,33,26,7,.788,23.18,11.36,,11,7,,13,3,,8,4,,86.7,74.9,,40.3,29.3,61.2,.478,9.48,26.8,.354,18.7,23.7,.789,10.7,35.4,16.5,8.18,4.70,9.58,19.5
28,South Carolina Upstate,32,13,19,.406,-10.23,-5.54,,5,11,,10,5,,3,13,,74.3,73.7,,40.6,26.7,60.7,.440,7.22,22.0,.328,13.6,19.8,.685,11.1,36.8,12.8,6.66,4.69,12.5,18.3
29,Prairie View,35,18,17,.514,-12.71,-9.91,,9,9,,10,3,,3,13,,78.9,76.1,,40.1,26.6,60.1,.443,6.17,18.5,.334,19.5,25.8,.753,10.1,34.0,11.9,7.94,4.66,11.9,19.1
30,Illinois,32,24,8,.750,26.46,11.90,,15,5,,14,3,,8,2,,84.4,69.8,,40.6,28.7,62.0,.463,10.9,31.4,.347,16.1,20.4,.789,13.2,40.7,14.7,3.75,4.63,8.88,13.4
31,Florida International,32,15,17,.469,-1.80,-0.46,,8,12,,12,6,,3,10,,80.6,77.9,,40.5,28.3,62.1,.457,7.28,20.8,.351,16.7,24.2,.689,13.1,37.9,14.8,9.16,4.63,13.0,17.9
32,St. Bonaventure,34,17,17,.500,2.41,1.69,,4,14,,9,7,,4,7,,76.4,74.5,,40.3,28.0,59.9,.468,7.06,18.9,.374,13.2,17.8,.744,11.8,35.3,15.7,7.59,4.62,11.4,16.4
33,Presbyterian,33,15,18,.455,-8.30,-5.20,,7,9,,10,4,,3,13,,72.4,72.2,,40.5,26.1,54.9,.475,5.15,16.0,.323,15.0,21.9,.685,11.0,35.4,13.1,5.73,4.61,13.0,17.7
34,Bethune-Cookman,32,17,15,.531,-9.37,-6.43,,14,4,,10,1,,7,11,,75.4,76.9,,40.5,26.7,57.3,.466,5.69,17.1,.333,16.3,23.6,.690,10.4,35.8,13.7,7.03,4.59,13.8,18.1
35,Arizona State,33,17,16,.515,10.81,12.81,,7,11,,10,5,,2,9,,76.3,78.3,,40.0,25.8,57.8,.447,7.42,22.2,.334,17.2,22.8,.753,10.2,33.2,13.7,7.00,4.58,12.1,17.2
36,San Diego State,33,22,11,.667,13.65,8.15,,14,6,,14,2,,5,5,,78.2,71.0,,40.8,27.6,58.2,.474,6.70,19.3,.347,16.3,22.3,.731,10.1,35.5,15.0,7.64,4.58,12.1,18.9
37,TCU,33,22,11,.667,15.77,9.53,,11,7,,14,5,,5,5,,78.3,72.1,,40.5,27.2,60.6,.448,7.39,22.3,.331,16.6,23.5,.708,12.4,36.2,15.6,7.70,4.55,10.9,16.3
38,Lindenwood,33,18,15,.545,-9.10,-8.43,,11,9,,9,5,,7,9,,77.8,72.7,,40.0,28.1,62.0,.453,5.88,19.1,.308,15.6,23.0,.680,12.8,39.2,14.5,8.88,4.52,13.5,17.1
39,College of Charleston,32,21,11,.656,-1.15,-2.57,,14,4,,11,4,,8,4,,75.4,73.4,,40.3,25.8,57.9,.445,6.50,21.9,.297,17.3,23.7,.732,10.6,37.2,13.5,5.63,4.50,10.7,16.7
40,Tulane,33,18,15,.545,-2.49,1.13,,8,10,,10,8,,6,4,,72.4,75.5,,40.3,23.2,54.7,.423,7.91,24.7,.321,18.2,23.7,.766,8.00,31.1,12.8,7.70,4.48,10.7,17.7
41,Little Rock,32,12,20,.375,-12.96,-7.70,,9,11,,7,6,,5,13,,70.5,74.1,,40.0,26.4,59.2,.446,6.50,18.3,.356,11.3,16.7,.675,11.3,33.8,14.0,7.88,4.47,12.8,15.7
42,Quinnipiac,32,19,13,.594,-5.46,-7.00,,12,8,,10,5,,9,7,,75.3,72.0,,40.3,26.9,62.6,.429,7.38,21.3,.346,14.2,20.8,.685,12.7,37.0,13.6,7.91,4.44,11.0,16.3
43,Brigham Young,34,23,11,.676,21.05,12.46,,9,9,,12,3,,3,6,,83.9,75.3,,40.1,29.7,62.3,.477,8.65,24.8,.349,15.9,21.3,.746,12.4,38.3,13.5,7.21,4.44,10.9,15.8
44,Kentucky,34,21,13,.618,19.82,12.88,,10,8,,14,4,,4,6,,80.8,73.8,,40.0,28.1,60.5,.464,8.09,23.7,.341,16.5,22.7,.728,11.9,37.5,16.0,7.15,4.41,10.5,18.4
45,Lamar,31,12,19,.387,-5.71,-3.64,,7,15,,7,8,,5,10,,69.9,69.1,,40.2,25.7,59.9,.429,6.81,20.7,.329,11.7,16.6,.702,13.2,37.3,14.5,6.48,4.39,12.0,17.3
46,Mississippi State,32,13,19,.406,7.29,11.47,,5,13,,8,8,,4,6,,77.6,81.8,,40.5,28.3,63.0,.450,8.19,25.3,.324,12.8,19.3,.660,11.3,38.2,12.8,5.78,4.38,11.6,16.1
47,North Texas,33,19,14,.576,2.09,1.16,,9,9,,12,5,,5,7,,70.9,67.4,,40.9,24.6,57.9,.425,5.64,18.8,.300,16.0,23.1,.693,12.2,35.2,12.6,9.33,4.36,11.4,19.5
48,Virginia Commonwealth,33,26,7,.788,13.10,2.95,,15,3,,15,2,,7,3,,81.9,71.8,,40.0,26.8,58.1,.462,9.27,25.5,.364,18.9,25.6,.741,11.3,36.8,14.2,7.33,4.36,10.7,17.3
49,Wright State,34,23,11,.676,0.14,-4.43,,15,5,,11,5,,9,5,,80.7,73.4,,40.1,28.7,58.7,.488,7.09,19.6,.361,16.3,22.1,.736,11.3,35.4,13.8,7.41,4.35,11.3,17.4
50,Tennessee-Martin,33,22,11,.667,-5.91,-9.05,,13,7,,12,3,,8,6,,69.8,63.2,,40.2,23.9,56.8,.421,8.03,26.4,.304,14.0,20.7,.677,13.9,39.9,13.6,8.85,4.33,14.4,16.7
51,McNeese State,33,28,5,.848,7.78,-2.03,,19,3,,14,0,,9,5,,80.0,66.5,,40.5,28.1,60.2,.468,6.67,20.9,.319,17.1,22.9,.747,12.7,35.2,14.2,10.5,4.33,9.61,18.7
52,UTSA,30,5,25,.167,-14.19,1.45,,1,17,,2,12,,2,12,,69.5,80.7,,40.0,24.8,62.2,.398,7.50,25.2,.297,12.4,18.0,.691,12.3,36.2,10.9,6.60,4.33,12.0,17.0
53,Davidson,33,20,13,.606,4.29,2.77,,10,8,,11,7,,7,4,,71.7,67.4,,40.5,25.5,55.9,.456,8.88,24.7,.360,11.9,18.2,.653,9.79,33.3,13.7,6.61,4.33,10.4,16.8
54,Monmouth,34,19,15,.559,-2.10,-3.13,,11,7,,10,4,,6,9,,72.7,70.9,,40.4,25.7,58.6,.439,6.91,20.1,.344,14.3,19.1,.747,11.1,35.0,13.9,7.79,4.32,11.4,15.9
55,Memphis,32,13,19,.406,3.96,5.43,,8,10,,10,6,,3,10,,75.2,76.7,,40.3,26.7,61.4,.434,6.53,20.7,.316,15.4,21.3,.721,13.1,36.8,13.3,8.44,4.31,13.6,20.3
56,Mississippi,35,15,20,.429,11.14,11.37,,4,14,,7,9,,3,7,,75.9,76.1,,40.7,26.9,60.4,.446,7.11,21.5,.332,14.9,19.9,.749,10.0,34.3,13.5,7.09,4.31,9.74,19.3
57,Southern Utah,32,10,22,.313,-9.18,-0.21,,6,12,,7,6,,2,15,,76.3,79.5,,40.2,27.3,59.3,.461,7.41,21.6,.342,14.3,19.8,.722,10.4,35.9,14.0,5.56,4.28,14.2,16.6
58,Middle Tennessee,32,17,15,.531,0.26,1.39,,11,9,,11,4,,5,8,,75.4,72.8,,40.9,26.4,59.4,.445,9.28,27.3,.340,13.3,19.0,.702,11.1,36.2,14.3,6.16,4.25,11.5,17.1
59,Arizona,34,32,2,.941,29.93,12.58,,16,2,,16,1,,9,1,,86.1,68.8,,40.1,30.6,60.9,.502,5.88,16.3,.360,19.1,26.1,.734,12.8,42.5,16.9,7.82,4.24,10.8,16.0
60,Cincinnati,33,18,15,.545,15.51,9.97,,9,9,,15,3,,2,8,,73.1,67.6,,40.2,26.0,60.4,.431,8.97,26.4,.339,12.1,17.8,.681,11.1,37.3,16.6,6.27,4.24,11.8,16.0
61,Southern Indiana,30,7,23,.233,-16.22,-8.97,,4,16,,3,10,,4,11,,68.7,73.7,,40.3,23.3,60.4,.386,7.57,24.4,.310,14.5,22.1,.656,13.2,37.5,10.3,6.33,4.23,12.0,17.1
62,Idaho State,33,13,20,.394,-5.53,-1.60,,5,13,,8,6,,3,12,,74.5,76.2,,40.2,25.5,56.4,.452,7.67,23.2,.330,15.9,21.5,.738,11.0,33.3,11.9,5.24,4.21,11.1,17.6
63,James Madison,33,18,15,.545,-4.95,-5.24,,9,9,,11,4,,5,10,,74.5,73.8,,40.3,25.9,56.8,.455,8.39,24.1,.348,14.4,20.4,.706,10.6,36.7,12.5,5.21,4.21,11.7,18.8
64,Central Michigan,31,10,21,.323,-8.46,-2.46,,6,12,,8,5,,1,15,,73.4,76.9,,40.0,27.0,57.8,.467,6.48,19.6,.331,12.9,18.5,.699,10.0,32.6,15.1,6.61,4.19,12.6,17.6
65,Bryant,31,9,22,.290,-18.18,-7.90,,5,11,,8,5,,1,17,,64.8,72.5,,40.5,22.3,54.8,.406,7.97,26.2,.304,12.4,16.5,.747,9.84,33.3,12.1,5.90,4.19,13.1,16.4
66,Auburn,33,17,16,.515,17.02,13.69,,7,11,,11,4,,2,8,,82.7,79.4,,40.3,27.4,60.0,.457,7.94,23.5,.338,19.9,26.8,.744,13.4,36.4,12.7,7.45,4.18,10.2,17.5
67,South Florida,32,24,8,.750,12.98,2.43,,15,3,,13,2,,9,3,,88.3,76.2,,40.8,29.2,66.2,.441,9.75,29.3,.333,20.2,27.2,.743,15.6,42.8,17.3,9.16,4.16,11.2,19.5
68,Eastern Michigan,31,10,21,.323,-5.69,-1.49,,4,14,,7,7,,3,14,,70.7,73.5,,40.3,26.1,58.5,.446,6.00,18.6,.322,12.5,17.2,.728,9.97,35.5,12.6,5.94,4.16,11.9,18.2
69,Washington,33,16,17,.485,14.18,10.70,,7,13,,10,6,,4,9,,77.1,73.6,,40.5,28.2,61.5,.458,6.70,21.3,.315,14.1,18.5,.764,11.9,37.2,13.9,5.73,4.15,10.5,16.9
70,Boston College,31,11,20,.355,3.41,6.67,,4,14,,10,7,,1,10,,67.4,70.7,,40.6,23.9,58.5,.408,7.29,24.8,.294,12.4,19.0,.653,10.7,36.6,11.3,4.84,4.13,10.4,16.8
71,UC Riverside,32,10,22,.313,-7.75,-0.28,,5,15,,7,7,,3,15,,72.9,77.9,,40.0,25.3,58.5,.433,7.34,22.7,.323,15.0,20.2,.743,10.3,34.7,12.7,5.34,4.13,13.1,19.1
72,Michigan State,32,25,7,.781,23.46,12.92,,15,5,,15,2,,6,4,,78.9,68.4,,40.3,27.6,58.6,.471,7.66,21.3,.359,16.2,21.2,.763,12.7,39.8,18.5,5.13,4.09,11.5,16.3
73,Loyola Marymount,32,15,17,.469,1.10,1.52,,6,12,,10,8,,4,7,,74.3,72.1,,40.5,26.7,58.2,.458,8.13,23.3,.349,12.8,18.2,.704,9.09,34.0,13.2,6.13,4.09,12.0,17.8
74,Hawaii,32,24,8,.750,4.86,-3.57,,14,6,,16,3,,6,5,,79.6,69.7,,40.3,26.8,58.4,.459,7.38,23.4,.315,18.6,25.1,.741,11.1,39.3,13.7,6.63,4.06,13.5,17.8
75,Murray State,32,20,12,.625,3.91,0.51,,12,8,,12,3,,5,6,,83.3,79.9,,40.0,27.9,60.8,.460,9.47,27.2,.348,18.0,23.8,.757,11.7,36.4,13.8,5.97,4.03,11.7,18.7
76,Central Connecticut State,30,18,12,.600,-11.32,-9.93,,12,6,,10,4,,8,8,,73.8,70.9,,40.2,26.8,56.8,.471,7.30,19.8,.368,13.0,16.9,.769,9.07,34.4,13.8,5.60,4.03,10.6,13.7
77,Dayton,33,23,10,.697,8.96,4.11,,12,6,,14,3,,6,5,,74.7,69.9,,40.5,23.9,53.6,.447,7.61,22.3,.341,19.2,25.5,.755,8.85,32.7,14.3,8.52,4.03,12.0,16.6
78,Baylor,32,16,16,.500,15.34,11.79,,6,12,,11,6,,3,7,,82.6,77.2,,40.0,29.3,61.2,.479,8.22,23.8,.345,15.7,21.4,.732,12.8,36.8,15.8,6.56,4.00,11.5,16.2
79,Albany (NY),32,11,21,.344,-13.89,-8.06,,7,9,,6,5,,4,13,,72.0,72.9,,40.0,27.6,58.9,.468,7.34,21.9,.335,9.44,14.3,.661,11.3,34.4,13.9,6.91,4.00,12.2,16.8
80,Temple,32,16,16,.500,1.06,-0.75,,8,10,,10,6,,5,6,,73.9,70.8,,40.2,25.0,56.0,.447,6.81,20.2,.338,17.1,22.8,.747,10.0,33.7,12.3,5.69,4.00,9.00,17.3
81,Xavier,33,15,18,.455,7.89,10.16,,6,14,,12,6,,1,10,,78.4,80.6,,40.3,28.0,63.2,.444,9.36,25.6,.365,12.9,17.8,.729,9.97,34.3,17.4,6.48,4.00,10.0,17.5
82,East Carolina,31,11,20,.355,-5.71,0.46,,6,12,,7,10,,4,8,,71.5,77.5,,40.5,24.9,59.4,.419,5.35,18.6,.288,16.4,23.3,.704,12.5,36.5,11.8,6.42,3.94,12.2,16.1
83,Oregon,32,12,20,.375,8.96,12.06,,5,15,,10,7,,2,8,,70.8,73.9,,40.2,24.3,56.9,.426,7.81,24.4,.321,14.5,19.9,.730,11.2,34.4,14.3,6.06,3.94,11.8,15.6
84,SIU Edwardsville,32,19,13,.594,-8.44,-10.24,,12,8,,10,5,,8,7,,71.0,64.7,,40.3,25.8,58.0,.445,7.31,21.1,.347,12.0,17.8,.675,10.9,36.7,13.2,7.59,3.94,11.7,16.1
85,Georgia Tech,31,11,20,.355,3.11,6.76,,2,16,,10,9,,1,9,,73.8,77.4,,40.2,26.4,59.6,.442,6.94,19.8,.351,14.1,19.9,.711,10.6,37.1,15.8,6.06,3.94,13.4,18.0
86,Houston Christian,32,12,20,.375,-9.74,-3.61,,8,14,,9,5,,3,13,,67.1,72.2,,40.2,23.7,53.8,.440,6.06,19.6,.309,13.7,19.6,.697,10.2,31.9,13.9,6.66,3.94,12.4,15.3
87,Stonehill,33,12,21,.364,-14.59,-9.27,,8,10,,8,5,,4,15,,66.4,68.6,,40.6,23.8,57.5,.415,7.52,23.3,.322,11.2,16.4,.686,10.0,37.6,12.5,4.85,3.94,13.0,16.2
88,William & Mary,32,20,12,.625,-0.05,-2.68,,10,8,,11,2,,6,9,,83.1,77.7,,40.0,28.0,58.3,.480,8.22,24.8,.332,19.0,25.5,.745,8.88,34.9,17.9,8.00,3.94,12.1,17.5
89,Wichita State,32,22,10,.688,9.06,1.74,,13,5,,14,3,,7,4,,78.3,70.4,,40.9,27.8,62.3,.445,7.38,21.4,.345,15.5,22.4,.691,14.8,41.0,11.7,6.03,3.91,10.3,17.3
90,Florida State,33,18,15,.545,11.68,9.26,,10,8,,11,6,,6,5,,80.4,77.9,,40.0,27.3,62.1,.440,10.4,31.4,.331,15.4,21.5,.713,11.5,35.3,14.3,7.91,3.91,10.9,18.3
91,Louisiana State,32,15,17,.469,12.69,9.76,,3,15,,9,8,,3,7,,81.4,78.5,,41.1,28.0,59.5,.471,6.78,20.5,.331,18.6,24.3,.764,11.2,36.9,14.7,5.97,3.91,11.0,18.7
92,Providence,33,15,18,.455,10.84,9.54,,7,13,,10,6,,3,8,,85.3,84.0,,41.1,29.5,61.9,.476,9.12,25.1,.364,17.2,22.7,.757,11.0,38.5,14.0,5.36,3.91,12.4,18.4
93,Rice,31,13,18,.419,-4.46,0.30,,7,11,,8,8,,4,9,,73.9,74.5,,40.6,25.3,60.3,.420,9.23,26.5,.348,14.0,20.5,.685,13.9,38.1,12.2,6.68,3.90,12.1,18.5
94,Saint Peter's,29,17,12,.586,-7.44,-7.58,,14,6,,13,1,,4,10,,70.8,68.4,,40.3,24.2,58.8,.412,7.34,23.0,.319,15.1,20.6,.733,13.8,35.7,13.0,9.00,3.90,11.6,20.0
95,North Carolina A&T,30,11,19,.367,-9.55,-4.94,,4,14,,6,6,,4,11,,75.1,77.8,,40.2,25.7,55.7,.461,5.73,18.1,.317,18.0,25.1,.716,10.7,36.9,11.9,5.33,3.90,12.8,18.0
96,South Carolina State,32,10,22,.313,-21.78,-8.61,,7,7,,6,5,,3,16,,67.1,78.8,,40.0,22.9,55.5,.412,6.16,18.3,.337,15.2,22.7,.669,11.1,31.0,12.1,6.97,3.88,14.8,21.4
97,Houston,34,28,6,.824,26.23,11.93,,14,4,,15,1,,6,3,,77.1,62.9,,40.1,27.8,61.7,.450,8.79,25.2,.349,12.8,16.6,.772,12.8,36.6,14.7,7.74,3.85,8.50,18.0
98,Southern,34,17,17,.500,-10.98,-6.95,,11,7,,8,4,,7,12,,79.6,77.9,,40.4,27.9,61.4,.453,6.97,20.0,.349,16.9,24.3,.698,11.7,35.6,15.0,9.32,3.82,11.9,18.7
99,High Point,34,30,4,.882,6.77,-7.87,,15,1,,17,1,,7,2,,90.0,70.3,,40.3,30.4,61.9,.491,9.24,26.0,.356,19.9,26.8,.743,11.6,36.4,16.3,10.9,3.82,9.35,18.6
100,Portland State,31,20,11,.645,0.07,-2.64,,13,5,,11,3,,8,7,,76.6,70.3,,40.3,27.5,59.6,.460,6.68,20.5,.325,15.1,21.3,.708,11.2,36.9,14.5,7.61,3.81,11.6,19.6
101,Brown,27,9,18,.333,-9.89,-4.65,,3,11,,6,8,,3,10,,70.4,70.1,,40.7,26.1,58.9,.444,6.93,21.8,.317,11.1,16.3,.683,10.8,35.0,15.6,8.00,3.81,12.9,17.9
102,Nevada,34,22,12,.647,10.18,5.83,,12,8,,15,2,,4,8,,75.9,71.6,,40.6,24.8,56.5,.439,6.62,18.3,.362,19.8,26.3,.752,11.3,36.0,14.2,6.68,3.79,10.1,18.2
103,Loyola (IL),33,9,24,.273,-6.10,2.87,,4,14,,6,10,,1,9,,66.8,75.8,,40.2,22.9,54.3,.422,8.21,25.9,.317,12.7,18.9,.673,10.3,34.1,13.9,4.06,3.79,13.1,16.9
104,Mercyhurst,34,17,17,.500,-9.85,-9.44,,10,8,,12,3,,5,14,,69.4,67.4,,40.6,26.4,58.4,.453,6.00,18.4,.327,10.5,14.5,.725,9.06,32.6,14.6,7.24,3.79,9.47,18.2
105,Southern Mississippi,35,19,16,.543,-5.38,-4.50,,9,9,,10,3,,4,11,,74.7,73.9,,40.3,25.8,57.2,.451,5.11,17.1,.300,18.0,24.5,.733,11.3,36.7,11.5,7.43,3.77,12.9,19.3
106,North Alabama,30,9,21,.300,-15.63,-5.49,,4,14,,5,8,,4,12,,69.4,77.6,,40.3,24.5,56.2,.436,5.80,19.0,.305,14.6,21.2,.688,11.0,33.4,10.1,6.53,3.77,11.4,14.8
107,New Orleans,33,15,18,.455,-3.95,-0.79,,12,10,,5,6,,9,11,,74.5,77.7,,40.3,24.7,55.7,.443,5.97,18.8,.318,19.2,25.8,.743,12.1,37.5,12.9,5.79,3.76,14.4,19.6
108,Oklahoma,34,19,15,.559,15.02,9.38,,7,11,,11,5,,4,7,,82.7,77.1,,40.3,28.4,60.4,.470,9.74,26.5,.368,16.2,21.7,.745,11.6,35.8,14.3,6.26,3.76,9.94,17.5
109,Alabama State,32,10,22,.313,-14.20,-8.13,,7,11,,5,4,,4,15,,73.2,77.3,,40.0,25.4,61.0,.417,7.44,23.3,.319,14.8,21.4,.694,12.5,36.2,12.4,8.19,3.75,13.1,19.1
110,UT Arlington,32,18,14,.563,-1.72,-1.69,,9,9,,9,4,,8,8,,70.0,66.7,,40.5,24.3,55.5,.437,4.91,16.9,.291,16.6,23.1,.719,12.3,37.1,11.7,7.66,3.72,13.9,18.8
111,Texas Tech,32,22,10,.688,21.94,14.15,,12,6,,14,2,,5,5,,80.4,72.6,,40.2,28.5,61.0,.467,11.5,29.3,.393,11.8,16.5,.715,11.5,36.9,15.8,5.78,3.72,10.8,16.3
112,Stanford,32,20,12,.625,12.56,9.28,,9,9,,12,6,,5,5,,76.0,72.7,,40.0,25.7,58.7,.438,9.22,25.9,.356,15.3,20.9,.731,11.3,33.7,11.9,7.91,3.72,10.6,17.6
113,Stony Brook,32,17,15,.531,-5.43,-3.67,,9,9,,12,4,,4,9,,71.7,71.2,,40.5,25.1,59.1,.424,9.50,27.2,.349,12.0,16.7,.722,10.3,34.7,13.3,6.75,3.72,11.3,16.1
114,Santa Clara,34,26,8,.765,15.90,6.08,,15,3,,14,1,,8,3,,82.9,72.4,,40.0,30.4,64.9,.468,10.1,29.2,.346,12.0,16.4,.736,13.1,35.7,16.8,8.91,3.71,10.8,19.5
115,Gonzaga,33,30,3,.909,25.14,6.02,,16,2,,15,0,,8,2,,85.1,66.0,,40.2,32.3,63.4,.510,6.67,19.6,.340,13.8,19.7,.699,12.0,39.9,18.3,8.52,3.70,9.67,16.8
116,Drexel,33,17,16,.515,-4.73,-4.48,,10,8,,12,4,,4,9,,68.1,67.3,,40.0,24.4,55.7,.438,7.82,22.3,.350,11.5,17.4,.661,10.8,35.2,13.3,6.09,3.70,12.5,16.7
117,Appalachian State,32,19,13,.594,-3.76,-5.66,,11,7,,11,4,,7,8,,72.0,66.1,,40.2,25.0,56.8,.440,7.94,26.2,.303,14.1,22.0,.642,12.2,39.1,12.1,4.91,3.69,9.88,15.6
118,Hofstra,34,24,10,.706,4.48,-2.46,,12,6,,10,2,,9,8,,75.6,66.1,,40.3,26.1,59.0,.442,9.47,25.8,.368,14.0,18.8,.746,12.4,39.3,12.8,4.97,3.68,10.6,17.1
119,Stephen F. Austin,33,28,5,.848,4.08,-4.60,,20,2,,15,1,,12,3,,76.4,65.9,,40.0,27.6,61.5,.449,8.85,24.4,.363,12.3,18.1,.681,12.5,37.3,13.7,6.91,3.67,9.18,15.8
120,Howard,33,23,10,.697,-4.62,-11.83,,11,3,,11,4,,7,6,,77.5,67.8,,40.1,26.1,56.8,.459,6.67,19.3,.345,18.7,25.5,.731,12.4,36.6,16.2,8.67,3.67,13.5,19.2
121,Southern Methodist,33,20,13,.606,17.29,10.69,,8,10,,15,3,,3,8,,84.2,77.6,,40.3,30.8,62.8,.490,8.45,22.6,.374,14.2,19.2,.741,12.3,37.7,16.9,7.09,3.67,11.3,16.9
122,Southeast Missouri State,33,20,13,.606,-6.84,-7.81,,14,6,,10,5,,8,7,,74.5,70.6,,40.2,26.3,58.4,.450,6.42,21.2,.303,15.6,22.4,.696,9.94,34.1,12.5,6.79,3.67,11.8,19.8
123,Dartmouth,27,11,16,.407,-8.23,-2.91,,5,9,,5,8,,6,8,,75.8,76.7,,40.2,25.0,56.8,.441,10.1,27.9,.361,15.7,21.0,.745,8.81,35.3,13.9,5.00,3.67,12.2,16.0
124,Oregon State,33,17,16,.515,0.80,3.83,,9,9,,12,5,,4,7,,71.1,74.2,,40.6,22.6,53.0,.427,8.21,23.5,.350,17.6,22.8,.772,8.61,32.4,13.8,5.52,3.67,11.9,17.8
125,Rhode Island,32,16,16,.500,2.45,0.76,,7,11,,10,6,,4,7,,69.9,68.2,,40.3,23.7,54.6,.434,7.38,23.8,.311,15.1,21.0,.721,10.6,32.9,11.3,8.41,3.66,12.8,18.2
126,Georgia Southern,37,21,16,.568,-6.47,-6.01,,8,10,,9,5,,7,8,,80.9,79.7,,40.4,26.6,60.8,.438,10.0,29.7,.337,17.7,23.7,.745,10.8,34.1,11.2,8.08,3.65,10.4,19.2
127,Tennessee State,32,23,9,.719,-4.53,-8.66,,15,5,,10,2,,10,7,,80.5,73.3,,40.2,28.9,63.0,.460,6.38,19.3,.331,16.3,21.3,.765,13.0,38.0,13.2,9.38,3.63,12.2,18.1
128,Saint Mary's (CA),32,27,5,.844,17.91,5.58,,16,2,,17,0,,8,2,,78.2,64.6,,40.0,26.6,57.7,.461,8.13,20.9,.389,16.8,20.9,.805,12.4,40.3,15.5,5.63,3.63,10.8,15.6
129,Oakland,32,16,16,.500,-1.33,-0.10,,12,8,,7,6,,8,9,,82.6,81.7,,40.0,29.0,61.2,.474,7.22,20.8,.348,17.4,23.2,.750,11.1,35.0,15.8,7.63,3.63,10.5,15.2
130,Youngstown State,32,15,17,.469,-4.42,-4.62,,8,12,,10,5,,4,11,,78.0,73.1,,40.2,27.2,58.7,.462,9.94,28.7,.346,13.7,18.6,.739,10.8,34.6,14.7,7.22,3.63,12.7,17.3
131,Florida Gulf Coast,34,16,18,.471,-6.39,-5.01,,8,10,,11,6,,3,11,,77.4,76.4,,40.4,28.3,62.3,.454,7.94,24.5,.324,12.9,17.9,.719,11.9,36.9,14.7,7.74,3.62,11.0,18.6
132,Harvard,29,17,12,.586,-1.61,-4.08,,10,4,,8,4,,9,6,,70.1,66.7,,40.5,25.4,54.9,.463,7.62,22.0,.346,11.6,14.6,.799,8.31,32.3,14.1,7.17,3.62,11.1,13.6
133,Tennessee,33,22,11,.667,22.11,12.02,,11,7,,14,3,,5,5,,79.5,69.4,,40.5,28.3,61.1,.463,6.48,19.4,.334,16.4,23.7,.694,16.0,42.6,16.9,7.52,3.61,11.7,17.9
134,Fairfield,34,21,13,.618,-8.05,-9.05,,11,9,,12,4,,7,8,,74.4,71.5,,40.1,27.2,63.1,.431,7.59,22.6,.336,12.4,17.5,.710,13.9,38.5,12.2,6.68,3.59,10.2,15.1
135,Texas State,32,19,13,.594,-7.25,-6.68,,11,7,,16,1,,3,9,,73.9,71.0,,40.5,27.0,57.7,.469,4.72,14.3,.330,15.1,19.9,.759,11.4,35.7,13.1,8.38,3.59,12.7,18.0
136,Grand Canyon,32,20,12,.625,11.04,4.07,,13,7,,13,4,,6,5,,75.6,68.7,,40.2,25.8,56.8,.455,7.03,22.1,.318,16.9,22.4,.753,10.3,36.2,12.8,6.59,3.59,12.2,18.5
137,UTEP,31,11,20,.355,-6.64,-0.39,,7,13,,9,7,,2,11,,69.3,72.4,,40.5,24.1,56.4,.427,7.35,21.8,.338,13.8,19.8,.700,9.77,32.5,11.7,7.61,3.58,11.7,18.4
138,Morgan State,30,14,16,.467,-19.25,-10.91,,10,4,,9,6,,5,9,,75.3,78.2,,40.2,25.0,59.0,.424,6.97,21.1,.331,18.3,24.7,.742,11.4,34.9,13.2,4.97,3.57,12.6,21.4
139,Illinois-Chicago,34,19,15,.559,3.84,0.49,,12,8,,9,5,,7,8,,75.5,70.0,,40.6,26.8,59.0,.455,6.21,19.2,.323,15.6,21.4,.730,12.9,36.4,14.5,7.97,3.56,12.0,16.8
140,Southern Illinois,32,16,16,.500,3.10,0.88,,10,10,,8,6,,7,8,,73.0,69.6,,40.5,27.5,60.8,.452,5.00,18.0,.278,13.0,19.2,.679,11.4,38.2,13.5,8.03,3.56,12.0,17.1
141,Georgetown,34,16,18,.471,9.23,8.52,,6,14,,10,7,,4,8,,73.6,72.9,,40.4,25.6,58.0,.440,6.50,20.4,.318,16.0,21.6,.740,11.2,35.6,14.8,6.47,3.56,10.7,17.8
142,Loyola (MD),32,12,20,.375,-13.32,-8.49,,8,10,,8,6,,3,13,,75.2,77.1,,40.6,26.4,60.8,.434,9.53,28.6,.334,12.9,18.4,.702,10.7,35.2,13.2,6.19,3.56,10.9,16.8
143,UNC Asheville,32,15,17,.469,-6.14,-3.87,,8,8,,9,7,,4,9,,73.4,72.9,,40.5,25.6,56.3,.456,6.91,19.8,.349,15.3,22.2,.687,10.5,34.8,11.0,5.44,3.56,12.1,18.0
144,Bowling Green,32,18,14,.563,0.48,-3.56,,9,9,,10,7,,6,6,,81.3,71.6,,40.2,28.8,60.5,.476,7.09,20.6,.345,16.7,22.8,.730,10.2,36.0,14.2,9.75,3.56,11.5,17.8
145,Ohio,32,15,17,.469,-4.63,-1.33,,9,9,,10,6,,4,8,,77.9,78.6,,40.3,27.6,59.9,.461,7.00,22.8,.308,15.6,22.1,.706,10.1,33.6,13.5,6.13,3.56,10.9,17.9
146,Northwestern,34,15,19,.441,12.61,11.43,,5,15,,9,7,,3,8,,73.1,72.0,,40.1,26.2,56.7,.461,6.35,19.3,.330,14.4,19.2,.751,9.09,30.5,17.2,5.79,3.56,8.53,17.1
147,UAB,32,20,12,.625,3.57,-0.24,,11,7,,8,9,,10,2,,79.2,73.8,,40.5,28.6,64.5,.443,5.53,19.7,.281,16.5,23.4,.705,12.9,39.9,14.3,7.91,3.53,8.91,14.3
148,Northern Kentucky,34,20,14,.588,-2.43,-4.65,,10,10,,12,5,,7,8,,83.1,77.5,,40.3,28.9,61.8,.467,9.41,27.6,.342,16.0,22.4,.714,11.9,35.4,15.8,8.62,3.53,11.8,18.4
149,North Carolina Central,32,14,18,.438,-18.13,-8.49,,8,6,,8,5,,4,12,,71.8,75.5,,40.2,24.8,56.5,.439,6.25,19.0,.328,16.0,21.9,.728,10.8,31.5,13.6,8.78,3.53,12.2,17.8
150,Kansas State,32,12,20,.375,8.59,10.87,,3,15,,10,8,,1,10,,79.6,81.8,,40.0,29.0,63.3,.459,9.44,25.9,.364,12.1,17.0,.710,10.4,34.0,16.8,7.03,3.53,12.9,19.2
151,Louisiana,33,11,22,.333,-12.02,-5.02,,7,11,,7,8,,3,13,,63.7,70.7,,40.0,22.4,55.6,.403,7.58,22.5,.336,11.2,16.0,.704,9.82,30.3,10.3,5.79,3.52,10.8,19.0
152,Radford,32,16,16,.500,-7.11,-6.18,,9,7,,12,5,,4,8,,81.4,78.8,,40.6,27.3,61.0,.448,9.47,27.7,.342,17.3,24.5,.706,11.7,35.9,13.0,7.88,3.50,12.5,18.3
153,Valparaiso,33,18,15,.545,-0.02,0.67,,11,9,,13,4,,4,10,,72.0,71.5,,40.8,24.5,58.3,.420,7.27,21.4,.340,15.8,22.3,.707,12.0,36.2,12.1,5.97,3.48,10.5,17.8
154,Saint Louis,33,28,5,.848,17.29,1.54,,15,3,,19,0,,7,3,,87.2,69.5,,40.0,30.5,60.0,.509,10.9,27.2,.401,15.2,20.5,.744,10.2,39.9,18.3,7.15,3.48,12.5,18.3
155,Wake Forest,33,17,16,.515,12.61,10.82,,7,11,,12,6,,2,7,,78.8,77.1,,40.5,26.8,59.6,.450,8.97,26.1,.344,16.2,20.9,.774,10.1,33.2,14.3,7.82,3.48,10.8,18.8
156,Missouri,32,20,12,.625,13.08,8.77,,10,8,,15,3,,5,7,,79.7,75.3,,40.3,27.9,57.0,.490,7.19,20.5,.350,16.6,24.2,.686,11.6,35.6,14.1,6.66,3.47,12.4,17.6
157,George Washington,33,18,15,.545,9.06,2.25,,8,10,,12,4,,3,7,,82.1,73.7,,40.2,28.4,60.8,.467,9.97,28.3,.352,15.3,21.3,.718,12.8,37.7,15.7,7.48,3.45,12.7,17.9
158,Coppin State,31,7,24,.226,-24.84,-8.11,,5,9,,3,6,,4,15,,65.5,80.4,,40.2,22.7,55.5,.409,5.97,19.5,.305,14.2,21.0,.674,11.2,32.5,11.7,6.39,3.45,15.4,18.5
159,Mercer,32,19,13,.594,-2.85,-5.19,,11,7,,14,1,,5,11,,82.7,75.5,,40.0,28.6,61.8,.463,8.75,25.1,.349,16.8,23.2,.723,12.3,37.6,13.8,7.88,3.44,10.4,15.4
160,North Carolina,32,24,8,.750,19.40,10.94,,12,6,,18,0,,4,6,,79.8,71.3,,40.0,28.0,59.2,.473,8.63,25.0,.345,15.2,22.2,.684,10.8,38.0,16.0,5.34,3.44,9.66,14.6
161,DePaul,32,16,16,.500,7.47,6.78,,8,12,,11,7,,4,7,,70.3,69.6,,40.0,24.6,56.6,.435,7.19,22.1,.325,13.8,20.0,.692,10.3,33.3,15.0,6.91,3.44,12.0,17.9
162,Belmont,32,26,6,.813,8.96,-0.39,,16,4,,13,2,,11,3,,83.9,73.3,,40.3,30.1,58.6,.514,10.9,27.0,.404,12.8,18.7,.685,9.13,36.0,18.6,6.13,3.44,12.6,17.6
163,Liberty,32,25,7,.781,2.49,-1.55,,17,3,,14,2,,10,2,,78.2,70.4,,40.3,27.9,54.3,.514,10.6,26.7,.398,11.8,16.7,.705,5.66,29.1,17.2,6.31,3.44,8.84,14.1
164,Kent State,33,24,9,.727,-0.10,-2.45,,14,4,,14,3,,7,5,,85.1,79.6,,40.8,27.8,61.6,.452,9.85,27.5,.358,19.6,26.4,.742,13.1,39.6,16.0,6.88,3.42,13.2,19.7
165,Rutgers,33,14,19,.424,4.91,9.46,,6,14,,10,7,,2,9,,70.6,75.1,,40.5,24.2,57.9,.418,6.58,20.1,.328,15.5,20.9,.741,10.7,32.7,12.3,6.12,3.42,10.2,16.6
166,Charlotte,34,17,17,.500,-0.18,1.09,,9,9,,11,6,,4,8,,73.3,74.4,,40.7,25.1,55.0,.456,8.71,24.9,.349,14.4,20.1,.716,11.1,34.5,13.1,4.59,3.41,11.9,16.9
167,Utah,32,10,22,.313,6.20,10.95,,2,16,,8,9,,1,10,,74.3,79.1,,40.2,26.5,58.3,.454,7.72,21.9,.353,13.6,18.5,.738,10.0,33.6,13.7,5.34,3.41,11.4,16.2
168,Alcorn State,32,9,23,.281,-19.81,-6.53,,7,11,,5,4,,2,18,,66.9,80.2,,40.1,23.9,56.8,.420,6.38,19.1,.333,12.8,18.1,.708,9.41,30.2,11.1,7.69,3.41,13.6,17.7
169,Louisiana-Monroe,32,4,28,.125,-18.51,-4.84,,1,17,,3,11,,1,15,,72.4,83.9,,40.3,24.0,58.1,.413,7.69,24.1,.319,16.8,22.9,.731,9.34,32.4,12.2,6.13,3.41,12.1,14.5
170,Texas Southern,30,12,18,.400,-14.02,-7.95,,10,8,,9,5,,3,12,,75.0,78.0,,40.7,26.3,58.4,.450,6.17,18.8,.329,16.3,22.7,.717,10.4,35.6,11.3,6.80,3.40,13.6,19.7
171,Troy,33,22,11,.667,-0.75,-4.56,,12,6,,10,3,,9,7,,80.3,73.1,,41.5,27.4,61.0,.449,9.30,27.8,.335,16.1,21.8,.738,12.7,38.3,16.0,7.97,3.39,11.9,16.7
172,Miami (FL),33,25,8,.758,18.05,7.29,,13,5,,15,3,,8,2,,81.9,71.2,,40.0,30.0,59.8,.501,6.58,18.9,.347,15.4,22.4,.685,12.2,37.3,16.1,7.88,3.39,11.2,15.5
173,Eastern Washington,33,14,19,.424,-1.97,-0.47,,11,7,,8,4,,5,13,,78.1,79.0,,40.3,27.7,58.1,.477,7.24,20.2,.358,15.4,20.8,.743,10.2,32.3,13.6,5.91,3.39,12.2,18.1
174,Rider,29,4,25,.138,-19.13,-4.99,,3,17,,4,9,,0,16,,63.4,76.0,,40.0,23.2,58.7,.395,4.45,16.2,.275,12.6,18.1,.695,12.6,35.0,10.3,6.03,3.38,11.2,16.2
175,Colorado,32,17,15,.531,10.90,10.37,,7,11,,13,5,,2,8,,80.0,79.4,,40.3,28.2,59.9,.470,7.44,21.1,.353,16.2,21.4,.757,9.97,34.3,15.7,6.34,3.38,10.2,17.5
176,Oral Roberts,33,10,23,.303,-10.10,-2.20,,4,12,,7,8,,1,13,,73.3,77.5,,40.3,24.6,57.5,.428,8.55,26.5,.323,15.6,21.0,.744,10.4,34.9,11.9,6.00,3.36,13.3,19.7
177,NC State,33,20,13,.606,18.03,10.85,,10,8,,11,6,,6,4,,83.7,76.5,,40.5,28.5,60.8,.468,10.4,26.7,.388,16.4,21.4,.768,9.85,34.5,15.6,8.06,3.36,9.24,18.2
178,Towson,34,19,15,.559,-0.81,-1.43,,9,9,,11,3,,3,10,,69.2,66.1,,40.1,25.2,59.6,.423,6.38,21.0,.303,12.4,17.8,.695,13.5,39.2,10.2,6.00,3.35,10.3,15.7
179,Miami (OH),32,31,1,.969,5.38,-5.48,,18,0,,16,0,,14,0,,90.7,75.3,,40.6,31.3,59.7,.524,10.4,26.7,.392,17.7,23.6,.749,8.28,35.5,16.1,7.44,3.34,10.5,16.1
180,Evansville,32,7,25,.219,-8.81,3.69,,3,17,,5,10,,1,12,,67.0,76.5,,40.3,23.6,55.1,.428,7.81,23.8,.328,12.0,16.4,.731,7.78,31.3,13.1,5.25,3.34,12.9,15.9
181,Louisville,33,23,10,.697,23.42,10.84,,11,7,,15,2,,4,7,,84.8,72.2,,40.0,28.7,61.1,.470,11.5,32.3,.357,15.7,20.5,.769,11.3,38.5,17.1,6.88,3.33,11.6,18.4
182,Lehigh,34,18,16,.529,-9.32,-7.03,,11,7,,13,4,,4,11,,73.2,74.0,,41.3,26.1,56.1,.464,7.85,21.9,.359,13.3,18.1,.731,7.68,31.9,14.3,6.71,3.32,12.1,16.0
183,Coastal Carolina,32,19,13,.594,-7.51,-5.77,,11,7,,8,5,,10,7,,73.3,72.6,,40.9,25.1,60.9,.412,8.94,26.4,.339,14.1,19.4,.729,10.6,40.1,10.4,4.38,3.31,10.8,18.3
184,Le Moyne,32,15,17,.469,-10.88,-9.30,,10,8,,9,4,,5,12,,73.0,73.2,,40.0,25.2,54.7,.460,7.53,22.2,.340,15.2,21.1,.719,8.31,34.9,14.2,5.81,3.31,13.2,17.4
185,Furman,34,22,12,.647,-3.22,-6.12,,10,8,,11,5,,7,5,,76.5,70.5,,40.4,27.5,57.7,.476,8.88,27.1,.327,12.6,18.3,.690,10.9,38.0,15.6,4.79,3.29,11.9,15.1
186,Duke,34,32,2,.941,31.57,12.43,,17,1,,15,0,,10,1,,82.3,63.1,,40.0,28.6,58.4,.490,9.09,25.9,.351,16.0,22.1,.724,12.5,40.3,16.9,7.79,3.26,10.5,15.7
187,East Tennessee State,34,23,11,.676,-0.62,-7.31,,13,5,,13,4,,8,6,,77.6,69.3,,40.3,27.9,57.1,.488,7.41,21.6,.342,14.4,19.4,.744,9.32,33.7,14.1,8.74,3.26,10.2,16.4
188,Boston University,34,17,17,.500,-8.07,-8.22,,10,8,,10,5,,6,12,,75.5,73.9,,41.0,26.8,54.2,.495,9.38,23.9,.393,12.4,17.1,.729,8.29,32.3,14.3,4.79,3.26,11.6,16.2
189,Hampton,32,13,19,.406,-8.63,-4.53,,7,11,,10,2,,2,12,,69.9,70.8,,40.3,24.0,57.9,.414,6.41,21.8,.294,15.5,21.6,.717,12.5,36.1,12.1,6.53,3.25,11.2,19.3
190,Texas A&M,32,21,11,.656,16.77,8.62,,11,7,,14,4,,6,5,,87.7,79.6,,40.9,29.6,64.5,.458,10.8,29.9,.362,17.8,24.1,.737,12.2,37.7,18.1,8.13,3.22,10.8,19.3
191,Indiana State,32,11,21,.344,-2.68,0.72,,4,16,,8,7,,3,12,,73.6,74.5,,40.8,27.1,58.3,.465,8.34,26.2,.319,11.1,16.4,.676,9.31,35.1,17.5,6.19,3.22,13.7,16.1
192,NJIT,33,16,17,.485,-15.76,-8.26,,10,6,,8,6,,8,11,,67.0,73.2,,40.1,23.3,57.4,.406,7.06,23.3,.303,13.4,19.0,.707,9.85,34.5,10.8,6.67,3.21,11.6,18.2
193,Butler,32,16,16,.500,10.48,8.64,,7,13,,10,7,,3,8,,79.4,77.5,,40.6,27.2,60.1,.452,6.88,21.0,.327,18.2,25.3,.719,12.4,37.8,15.5,6.50,3.19,11.3,15.3
194,Detroit Mercy,32,17,15,.531,-5.60,-3.17,,12,8,,9,5,,7,9,,77.2,77.3,,40.0,27.2,61.2,.445,6.56,18.8,.348,16.3,21.0,.775,12.3,37.6,13.1,5.97,3.19,11.3,19.4
195,IU Indy,32,7,25,.219,-12.44,-4.14,,3,17,,5,9,,2,15,,83.5,88.3,,40.2,31.7,68.9,.460,9.63,29.6,.326,10.6,14.6,.727,11.3,32.4,20.3,8.88,3.19,12.0,22.1
196,Virginia Tech,32,19,13,.594,13.29,9.39,,8,10,,14,3,,3,7,,78.8,74.9,,41.1,27.4,60.7,.452,8.56,24.1,.355,15.3,20.7,.743,11.0,34.8,14.4,6.41,3.19,10.4,17.1
197,Sacramento State,31,10,21,.323,-7.78,-0.06,,6,12,,10,4,,0,16,,77.7,82.0,,40.2,25.5,60.7,.421,7.45,22.4,.333,19.2,24.7,.777,9.61,34.3,13.0,7.61,3.19,10.4,18.5
198,East Texas A&M,32,11,21,.344,-11.00,-2.03,,6,16,,6,8,,4,13,,70.2,74.5,,40.0,24.8,57.2,.433,8.56,26.5,.323,12.1,17.8,.677,9.38,33.1,16.1,7.28,3.19,12.9,16.9
199,Maine,32,8,24,.250,-16.90,-9.57,,6,10,,4,8,,4,14,,62.5,68.4,,40.0,22.3,50.0,.445,5.97,18.7,.319,12.1,18.8,.641,6.28,28.0,12.3,7.81,3.19,12.4,16.6
200,Navy,33,26,7,.788,-0.85,-9.88,,17,1,,15,2,,10,4,,74.7,63.8,,40.5,26.0,54.6,.476,6.58,18.3,.360,16.1,21.9,.735,10.5,36.6,16.3,7.67,3.18,11.3,14.3
201,Utah Tech,34,19,15,.559,-3.54,-1.28,,11,7,,11,3,,6,10,,76.8,74.9,,41.0,27.7,58.5,.473,7.82,22.5,.347,13.6,18.7,.730,9.53,34.0,14.6,7.21,3.18,12.4,16.2
202,Yale,29,24,5,.828,6.51,-2.60,,11,3,,10,2,,9,3,,81.7,70.4,,40.3,29.0,58.1,.499,8.48,21.1,.401,15.3,20.2,.756,10.4,35.0,16.2,5.45,3.17,9.34,15.7
203,New Mexico State,32,16,16,.500,-1.27,-1.34,,8,12,,10,5,,3,8,,75.1,72.0,,40.5,26.0,60.7,.428,7.53,23.1,.326,15.6,21.4,.728,12.4,38.0,12.9,6.44,3.16,10.5,19.9
204,Georgia State,32,10,22,.313,-11.57,-4.57,,7,11,,7,7,,3,12,,70.4,74.7,,40.2,22.7,59.1,.384,8.13,25.5,.318,17.0,21.7,.784,10.7,35.1,11.6,6.91,3.16,10.9,18.4
205,Kansas City,31,4,27,.129,-19.65,-1.90,,1,15,,3,11,,1,15,,69.3,83.9,,40.2,25.0,60.5,.412,6.71,22.3,.301,12.7,18.7,.676,10.5,33.4,11.9,6.29,3.16,13.1,16.3
206,Purdue Fort Wayne,32,17,15,.531,-7.25,-2.70,,11,9,,11,4,,6,11,,78.1,77.1,,40.0,28.0,60.0,.466,9.38,26.7,.352,12.8,18.0,.711,8.03,30.3,13.8,8.53,3.16,9.94,15.6
207,Old Dominion,33,12,21,.364,-7.18,-4.18,,7,11,,7,6,,4,14,,76.2,77.9,,40.3,26.6,59.9,.444,7.70,21.7,.354,15.3,20.8,.734,9.52,34.9,13.1,5.73,3.15,10.9,19.3
208,Tarleton State,32,14,18,.438,-4.75,-1.46,,5,13,,10,6,,4,11,,74.5,73.4,,40.5,26.1,58.0,.450,4.59,14.3,.322,17.7,23.8,.745,11.1,32.9,11.2,10.3,3.13,14.3,20.1
209,California,32,21,11,.656,11.69,7.62,,9,9,,16,4,,4,6,,77.9,73.3,,40.3,25.9,58.5,.443,8.97,24.9,.361,17.1,21.9,.779,9.16,34.8,13.7,5.88,3.13,10.3,18.8
210,Bradley,33,21,12,.636,3.84,0.56,,13,7,,14,2,,4,7,,77.6,73.4,,41.4,26.3,60.1,.438,8.67,24.4,.355,16.2,22.2,.733,10.2,34.3,13.4,8.03,3.12,9.70,18.6
211,Siena,34,23,11,.676,-4.33,-9.18,,13,7,,9,4,,9,7,,70.5,65.7,,40.1,25.3,55.4,.457,5.38,17.7,.304,14.6,18.9,.769,10.2,34.4,13.4,5.79,3.12,10.3,13.7
212,Pennsylvania,28,17,11,.607,-0.86,-1.97,,9,5,,12,2,,4,8,,75.7,72.9,,40.2,26.3,59.9,.440,7.86,20.6,.381,15.2,22.1,.685,11.5,36.4,13.9,6.82,3.11,10.8,16.6
213,Northern Iowa,35,23,12,.657,8.52,1.52,,11,9,,12,5,,6,6,,69.9,61.3,,40.3,26.2,54.9,.477,7.77,21.9,.355,9.80,14.0,.699,6.86,31.9,15.0,6.46,3.11,9.34,15.3
214,Marist,31,19,12,.613,-3.62,-8.59,,12,8,,11,4,,7,7,,69.7,63.8,,40.2,25.7,58.3,.441,6.65,20.3,.328,11.5,14.7,.783,10.0,35.9,15.3,7.03,3.10,11.2,16.8
215,Eastern Kentucky,32,11,21,.344,-10.14,-4.54,,7,11,,8,7,,3,13,,80.3,81.8,,40.6,27.4,62.7,.437,11.3,31.8,.354,14.2,19.6,.725,12.7,36.0,14.6,7.00,3.09,11.8,18.4
216,Pittsburgh,33,13,20,.394,8.60,9.90,,5,13,,8,10,,3,8,,70.5,71.8,,40.3,25.3,57.5,.439,8.18,24.5,.334,11.8,17.5,.674,11.8,34.5,13.2,6.55,3.09,11.2,16.2
217,Missouri State,34,16,18,.471,-2.65,-1.39,,8,12,,11,7,,3,10,,75.0,73.6,,40.6,25.6,56.9,.450,7.65,23.2,.329,16.2,23.9,.677,11.5,34.6,14.5,6.79,3.09,11.1,17.5
218,Akron,34,29,5,.853,9.05,-3.32,,17,1,,15,0,,9,3,,88.4,73.5,,40.0,32.1,63.8,.503,10.9,28.8,.379,13.3,17.7,.754,11.4,38.1,18.4,7.53,3.09,10.9,15.8
219,Wisconsin,34,24,10,.706,19.54,12.45,,14,6,,15,2,,6,4,,83.0,75.9,,40.6,27.9,61.9,.450,11.8,32.6,.361,15.5,19.8,.786,10.4,35.5,16.0,5.68,3.09,8.94,17.2
220,Drake,34,14,20,.412,-0.91,1.46,,6,14,,6,11,,4,7,,75.1,74.8,,40.3,25.9,58.6,.442,9.15,26.8,.342,14.1,19.6,.719,9.59,35.4,13.5,5.47,3.09,10.2,16.8
221,Morehead State,33,20,13,.606,-11.11,-7.55,,15,5,,11,2,,7,10,,75.3,74.7,,40.3,26.8,58.0,.462,5.91,17.8,.333,15.8,21.6,.734,12.3,36.0,13.4,6.55,3.06,11.8,17.2
222,Massachusetts-Lowell,33,15,18,.455,-14.10,-8.40,,9,7,,10,4,,5,14,,74.9,76.3,,40.0,27.3,59.3,.461,5.91,18.3,.322,14.4,21.5,.667,12.3,37.5,12.5,5.24,3.06,12.2,14.7
223,Marquette,32,12,20,.375,9.22,9.85,,7,13,,10,7,,2,10,,75.2,75.8,,40.5,26.8,61.1,.438,8.16,25.8,.317,13.5,20.0,.675,11.1,34.2,15.5,9.34,3.06,11.4,17.0
224,Wofford,32,19,13,.594,-7.36,-7.16,,11,7,,10,5,,9,7,,78.8,77.1,,40.2,27.2,59.8,.454,9.16,26.2,.349,15.3,21.7,.704,11.0,34.8,14.1,5.78,3.06,9.38,17.3
225,Jacksonville State,32,15,17,.469,-3.44,-2.78,,10,10,,10,7,,5,8,,72.7,68.4,,40.3,24.3,55.5,.439,7.78,21.7,.358,16.2,23.6,.685,10.9,36.8,12.1,6.19,3.06,11.4,17.2
226,Duquesne,33,18,15,.545,3.39,2.36,,9,9,,12,6,,5,7,,78.3,75.2,,40.6,26.9,58.7,.459,8.64,25.7,.336,15.8,22.2,.714,10.7,35.1,15.1,7.79,3.06,12.5,19.4
227,Eastern Illinois,33,13,20,.394,-13.46,-5.83,,8,12,,9,6,,3,13,,67.1,70.3,,40.5,24.0,56.1,.428,5.45,16.9,.323,13.7,18.6,.735,10.0,32.8,12.2,7.76,3.06,12.5,16.4
228,Delaware,31,10,21,.323,-8.63,-2.43,,6,14,,5,10,,4,10,,67.7,74.0,,40.8,23.2,52.2,.445,8.65,24.0,.360,12.6,16.0,.788,6.35,30.5,12.1,5.65,3.06,12.0,14.5
229,Toledo,34,19,15,.559,0.79,-1.55,,11,7,,11,4,,5,9,,81.0,76.6,,40.0,30.0,61.3,.489,7.24,19.8,.366,13.8,18.2,.759,10.3,34.0,16.1,7.68,3.03,10.2,14.8
230,Colgate,33,18,15,.545,-5.98,-5.37,,11,7,,9,5,,6,10,,76.4,74.6,,40.9,28.1,58.7,.479,7.36,20.5,.359,12.8,17.1,.749,8.85,34.1,14.6,5.97,3.03,10.1,17.0
231,Columbia,28,16,12,.571,-2.55,-3.93,,5,9,,9,5,,7,7,,76.6,71.7,,40.4,28.5,60.0,.475,7.93,22.3,.355,11.6,16.9,.688,12.8,39.3,15.8,5.86,3.00,13.0,16.4
232,UCF,32,21,11,.656,13.32,10.82,,9,9,,13,5,,5,5,,81.0,78.5,,40.3,29.4,63.0,.466,7.84,21.7,.362,14.4,19.4,.740,12.4,37.2,15.8,5.66,3.00,11.2,17.5
233,Texas A&M-Corpus Christi,33,18,15,.545,-2.46,-1.60,,13,9,,10,5,,7,9,,72.5,67.7,,40.2,25.7,56.2,.457,6.39,17.9,.356,14.7,21.8,.677,11.4,36.1,13.4,7.61,3.00,13.2,20.2
234,San Francisco,33,17,16,.515,4.41,4.25,,8,10,,9,6,,4,7,,74.7,73.2,,40.3,24.8,56.8,.437,9.06,26.1,.347,16.0,22.4,.713,10.9,36.1,13.9,5.33,3.00,10.9,17.2
235,Mount St. Mary's,32,15,17,.469,-10.34,-7.21,,11,9,,8,5,,7,11,,68.1,70.1,,40.2,24.2,55.2,.438,7.72,23.8,.325,12.0,17.9,.671,10.9,37.1,13.6,6.13,3.00,15.2,17.9
236,Florida A&M,31,15,16,.484,-14.02,-8.95,,11,7,,8,4,,5,11,,70.4,74.6,,40.2,24.5,56.2,.435,6.87,21.1,.326,14.6,21.0,.697,10.7,34.2,12.8,8.10,3.00,15.1,18.0
237,Elon,32,14,18,.438,-5.46,-3.00,,6,12,,8,8,,6,9,,78.1,77.9,,40.6,27.3,60.4,.451,8.94,26.1,.343,14.7,20.3,.722,12.0,35.5,14.8,6.91,2.97,10.8,16.9
238,Norfolk State,32,15,17,.469,-13.55,-10.52,,8,6,,9,4,,5,10,,76.4,73.8,,40.0,26.8,57.8,.464,5.88,17.5,.336,17.0,24.5,.693,11.6,34.8,11.9,7.09,2.97,12.3,19.6
239,Jackson State,33,12,21,.364,-19.47,-5.96,,10,8,,7,3,,4,15,,70.2,83.8,,40.3,22.8,58.7,.389,7.97,25.4,.314,16.6,21.9,.758,11.4,34.0,10.5,6.30,2.97,13.9,19.3
240,Tennessee Tech,31,13,18,.419,-13.23,-7.88,,8,12,,8,6,,5,12,,73.3,74.5,,40.0,25.4,57.4,.443,6.81,21.6,.315,15.6,20.6,.759,10.9,36.2,12.2,5.94,2.97,13.3,16.2
241,Iona,32,18,14,.563,-7.26,-7.98,,10,10,,11,3,,6,8,,73.8,73.1,,40.8,26.0,59.3,.438,9.56,27.2,.351,12.3,17.4,.707,9.91,35.6,14.0,6.63,2.97,12.0,16.2
242,George Mason,32,23,9,.719,6.45,1.19,,11,7,,17,2,,4,6,,73.3,67.5,,40.0,25.3,53.3,.475,6.38,18.7,.341,16.3,22.4,.728,9.63,34.8,12.7,5.03,2.97,10.6,15.3
243,Northeastern,31,7,24,.226,-8.87,-2.81,,2,16,,2,10,,3,13,,74.9,81.0,,40.2,27.6,59.9,.461,7.61,22.6,.337,12.1,17.6,.690,9.55,31.6,15.4,6.97,2.97,11.5,19.3
244,Long Beach State,32,10,22,.313,-5.50,0.27,,6,14,,7,9,,3,13,,74.9,77.8,,40.5,27.4,60.1,.457,6.81,20.6,.331,13.2,18.2,.726,9.41,33.2,13.1,6.97,2.97,12.8,20.2
245,Binghamton,31,8,23,.258,-20.66,-10.76,,4,12,,7,8,,1,14,,67.9,74.9,,40.8,23.4,51.0,.459,5.29,16.2,.327,15.8,21.3,.745,6.68,31.3,11.6,5.16,2.97,12.3,16.7
246,Milwaukee,32,12,20,.375,-7.49,-2.23,,8,12,,8,6,,3,14,,76.3,79.6,,40.0,27.5,61.9,.444,7.50,23.3,.323,13.8,19.9,.690,12.6,36.0,13.3,6.75,2.94,10.4,18.8
247,Maryland,33,12,21,.364,4.81,11.69,,4,16,,7,8,,2,10,,69.7,76.6,,40.2,23.2,56.9,.407,8.45,26.7,.317,14.9,20.7,.722,12.2,35.4,10.5,4.76,2.94,12.4,18.0
248,Texas,32,18,14,.563,16.18,10.31,,9,9,,12,5,,4,6,,83.8,76.8,,40.3,28.3,58.2,.486,7.41,21.0,.353,19.8,26.3,.752,12.0,37.7,12.3,5.75,2.94,11.0,18.8
249,Jacksonville,32,12,20,.375,-10.70,-5.04,,7,11,,8,4,,3,14,,73.1,73.4,,40.3,26.1,57.4,.455,7.09,21.7,.327,13.8,19.3,.718,11.1,33.9,12.1,6.63,2.94,11.2,19.4
250,West Virginia,32,18,14,.563,12.82,8.38,,9,9,,15,3,,3,6,,69.2,64.8,,40.5,24.2,54.8,.441,7.72,23.5,.328,13.2,19.4,.677,10.5,34.6,12.8,6.41,2.94,11.3,15.4
251,Queens (NC),34,21,13,.618,-3.29,-4.96,,13,5,,12,2,,6,10,,84.9,82.9,,40.3,29.0,60.2,.482,10.2,28.3,.360,16.6,22.5,.739,10.2,33.8,15.9,5.91,2.94,10.7,19.9
252,Sacred Heart,33,14,19,.424,-11.26,-8.04,,9,11,,8,5,,5,13,,75.2,76.6,,40.2,25.4,58.5,.434,10.6,29.7,.359,13.7,17.7,.777,10.2,34.9,14.9,5.73,2.94,12.1,14.8
253,Vermont,34,22,12,.647,-6.80,-10.17,,12,4,,13,3,,8,7,,73.4,68.5,,40.4,26.1,56.3,.463,8.59,25.3,.340,12.7,17.8,.714,8.79,34.8,12.7,4.59,2.94,9.41,16.9
254,California Baptist,32,24,8,.750,2.54,-2.92,,13,5,,15,0,,7,7,,73.3,67.8,,40.5,25.7,59.3,.433,6.34,18.8,.337,15.6,21.8,.716,14.0,40.1,10.4,5.44,2.91,12.3,18.7
255,Winthrop,34,23,11,.676,-0.64,-4.42,,13,3,,13,1,,7,9,,83.6,75.5,,40.1,27.3,62.5,.436,9.41,27.8,.339,19.7,27.0,.731,13.9,41.3,14.3,7.03,2.91,10.9,19.2
256,Utah State,34,28,6,.824,17.36,6.51,,15,5,,14,1,,7,5,,82.5,70.4,,40.1,29.1,58.4,.498,8.62,24.1,.358,15.6,22.1,.707,10.9,34.6,17.6,8.79,2.91,10.6,18.9
257,Arkansas-Pine Bluff,32,13,19,.406,-14.76,-6.90,,10,8,,7,4,,6,14,,77.3,81.0,,40.2,26.7,59.3,.451,7.56,22.1,.343,16.3,21.5,.755,10.3,33.6,15.5,7.16,2.91,13.4,19.5
258,UCLA,34,23,11,.676,18.28,11.55,,13,7,,17,1,,4,6,,77.7,71.0,,40.4,27.5,58.4,.471,8.00,20.9,.382,14.8,19.3,.767,9.97,32.3,16.3,6.56,2.91,8.88,17.1
259,Washington State,32,12,20,.375,3.51,5.12,,7,11,,9,6,,1,11,,76.1,77.5,,40.0,26.8,57.4,.467,9.47,25.7,.369,13.1,17.6,.742,9.81,34.3,13.9,5.63,2.91,13.0,17.8
260,Portland,34,15,19,.441,-2.06,3.97,,6,12,,12,6,,1,12,,74.4,78.5,,40.3,26.7,57.3,.466,6.03,19.9,.302,15.0,20.4,.738,9.47,33.8,16.6,5.91,2.91,13.7,17.5
261,Niagara,30,8,22,.267,-16.26,-7.84,,5,15,,6,7,,2,14,,63.9,71.2,,40.2,23.4,53.0,.441,7.10,21.3,.334,10.0,13.8,.725,7.97,29.2,14.0,5.63,2.90,11.9,15.2
262,Cal State Northridge,34,20,14,.588,-1.95,-1.26,,12,8,,12,3,,7,8,,81.4,79.8,,40.1,29.8,65.5,.454,7.15,22.1,.323,14.7,22.1,.667,13.0,41.4,16.9,6.88,2.88,13.1,18.1
263,North Dakota State,34,27,7,.794,2.51,-5.78,,14,2,,13,1,,10,5,,80.7,69.6,,40.6,28.8,61.5,.468,9.41,25.8,.365,13.7,18.9,.725,11.6,36.4,15.5,8.32,2.85,10.8,14.7
264,New Mexico,33,23,10,.697,13.53,5.06,,13,7,,14,3,,7,5,,80.5,70.8,,40.0,27.7,60.2,.460,9.33,25.8,.362,15.9,21.8,.727,10.8,36.5,14.9,7.94,2.85,10.7,17.7
265,Grambling,33,14,19,.424,-12.20,-9.98,,7,11,,7,5,,4,13,,70.3,70.1,,40.0,23.6,54.9,.430,6.64,20.8,.318,16.5,22.5,.732,10.3,33.5,12.0,8.06,2.85,14.6,18.7
266,Cal State Fullerton,34,18,16,.529,-1.74,0.14,,12,8,,10,4,,6,10,,83.0,81.7,,40.0,28.3,62.7,.451,9.26,27.0,.343,17.1,23.9,.717,9.62,35.4,16.1,8.15,2.85,11.5,18.9
267,Montana State,32,18,14,.563,1.10,-1.04,,12,6,,11,2,,6,11,,77.9,71.4,,40.3,27.4,58.8,.467,9.91,26.7,.371,13.1,17.6,.745,9.31,33.1,11.4,6.84,2.84,10.0,15.7
268,Sam Houston,33,22,11,.667,3.59,-0.41,,13,7,,13,1,,6,9,,82.2,74.2,,40.0,29.2,62.8,.464,8.39,22.8,.367,15.5,21.5,.722,13.8,40.7,15.3,7.24,2.82,11.8,17.5
269,Cornell,28,15,13,.536,-1.65,-2.80,,8,6,,7,4,,8,8,,88.5,83.4,,40.4,31.0,62.6,.495,12.9,32.9,.393,13.5,18.1,.742,10.5,35.2,21.3,6.00,2.82,11.7,19.1
270,Texas-Rio Grande Valley,33,19,14,.576,0.95,-2.18,,14,8,,10,5,,8,8,,75.9,69.5,,40.5,26.9,56.8,.474,9.39,25.1,.374,12.6,16.6,.762,9.52,34.9,16.5,6.06,2.82,12.1,17.9
271,Alabama A&M,33,18,15,.545,-12.97,-10.47,,10,8,,12,5,,4,8,,72.1,72.5,,40.2,23.8,54.5,.436,6.48,18.7,.347,18.1,24.5,.738,9.42,34.1,11.7,6.00,2.82,11.4,18.4
272,Clemson,34,24,10,.706,17.00,9.59,,12,6,,13,3,,6,5,,74.1,66.7,,40.3,25.4,56.1,.453,8.21,24.1,.341,15.1,20.8,.726,9.29,34.3,12.8,6.32,2.82,9.38,16.0
273,Omaha,33,16,17,.485,-7.24,-3.48,,8,8,,10,4,,5,10,,76.0,76.4,,40.2,26.7,57.7,.463,8.45,24.0,.352,14.1,19.1,.735,8.94,34.5,13.1,5.76,2.82,11.1,16.7
274,Pepperdine,32,9,23,.281,-5.84,3.46,,4,14,,7,10,,2,11,,72.3,79.6,,40.3,25.2,59.0,.427,7.22,22.8,.317,14.7,19.5,.750,11.1,33.9,14.1,6.03,2.81,12.8,15.5
275,Southeastern Louisiana,31,9,22,.290,-9.29,-2.83,,6,16,,5,7,,2,15,,65.0,70.5,,40.2,22.2,53.7,.414,6.03,21.3,.283,14.5,21.3,.684,10.2,32.0,11.6,6.94,2.81,12.4,17.7
276,Lipscomb,32,19,13,.594,-4.15,-4.75,,12,6,,13,1,,6,11,,79.7,75.7,,40.2,28.5,61.7,.462,10.8,29.7,.362,12.0,15.9,.754,9.41,34.6,18.0,7.00,2.81,11.3,16.0
277,Samford,32,18,14,.563,-5.26,-6.09,,11,7,,11,3,,6,9,,78.9,75.3,,40.5,26.4,58.2,.454,9.69,27.0,.358,16.4,23.8,.689,9.13,36.4,14.8,4.59,2.78,9.22,16.0
278,Abilene Christian,33,14,19,.424,-7.16,-1.23,,5,13,,9,5,,3,12,,70.3,72.4,,40.2,24.4,55.8,.438,5.73,18.3,.313,15.8,22.5,.704,11.2,31.7,13.3,9.73,2.76,14.3,20.9
279,San Diego,33,12,21,.364,-3.46,2.57,,5,13,,9,8,,2,11,,74.5,77.9,,40.5,26.8,60.3,.444,9.18,26.0,.353,11.7,15.5,.756,10.2,31.7,16.1,7.85,2.76,12.5,18.1
280,Western Carolina,31,15,16,.484,-6.39,-3.70,,10,8,,10,3,,4,12,,78.5,77.3,,40.3,28.1,63.3,.445,8.68,26.0,.334,13.5,18.9,.716,13.8,38.9,12.8,6.13,2.74,11.5,19.0
281,Cleveland State,33,11,22,.333,-13.05,-3.02,,6,14,,7,8,,3,13,,79.8,85.9,,40.0,26.5,58.2,.454,10.8,28.9,.375,16.1,21.3,.753,9.82,32.5,15.5,5.64,2.73,12.8,19.1
282,Green Bay,33,18,15,.545,-4.97,-3.00,,12,8,,10,4,,6,9,,74.8,74.8,,40.3,25.5,52.5,.486,7.06,19.5,.362,16.7,21.8,.766,7.58,31.3,13.9,4.48,2.73,10.5,16.9
283,Buffalo,32,17,15,.531,-3.51,-3.98,,7,11,,7,8,,8,6,,78.0,76.2,,40.3,26.2,55.4,.473,9.63,25.2,.383,16.0,21.8,.734,9.03,31.7,14.5,7.56,2.72,10.9,16.1
284,Northern Arizona,32,10,22,.313,-10.72,-1.20,,4,14,,9,7,,1,13,,71.3,76.4,,40.0,25.7,55.3,.465,7.47,20.3,.367,12.4,18.2,.681,7.91,29.8,13.3,6.88,2.72,10.5,17.3
285,Iowa State,34,27,7,.794,27.15,10.50,,12,6,,16,1,,5,5,,81.8,65.1,,40.0,29.5,60.2,.490,9.03,23.4,.387,13.8,20.5,.672,11.9,35.6,17.2,8.97,2.71,10.3,16.0
286,Purdue,34,26,8,.765,25.22,13.60,,13,7,,12,5,,8,3,,81.7,70.1,,40.1,29.8,59.9,.498,9.44,24.8,.381,12.6,17.0,.744,11.4,35.6,19.9,5.59,2.71,9.06,14.7
287,Nicholls State,33,14,19,.424,-6.75,-2.04,,12,10,,6,6,,7,12,,72.4,74.9,,40.0,25.3,58.0,.436,8.55,25.6,.334,13.3,19.9,.667,10.5,31.1,13.2,8.97,2.70,11.9,17.8
288,UC Davis,33,19,14,.576,-1.08,-1.11,,11,9,,12,4,,6,9,,77.6,75.1,,40.3,25.7,57.7,.446,8.64,24.8,.348,17.5,23.4,.750,9.21,33.2,15.5,8.03,2.70,12.8,18.7
289,Indiana,32,18,14,.563,16.70,10.70,,9,11,,14,4,,3,8,,78.2,72.2,,40.5,26.5,56.0,.474,9.81,28.3,.347,15.3,19.6,.780,8.22,32.4,16.6,4.66,2.69,10.2,18.3
290,Ball State,31,12,19,.387,-9.57,-4.26,,7,11,,7,7,,4,11,,67.5,69.5,,40.3,23.9,56.9,.420,7.03,22.2,.316,12.7,18.3,.694,9.71,32.3,12.7,7.58,2.68,10.6,15.9
291,Creighton,32,15,17,.469,10.58,10.48,,9,11,,10,6,,4,8,,75.1,75.0,,40.2,26.5,59.1,.448,9.84,28.5,.345,12.3,16.3,.760,9.47,35.2,15.5,5.81,2.66,11.3,14.3
292,Northern Colorado,32,20,12,.625,0.31,-2.45,,10,8,,11,3,,8,7,,82.5,76.5,,40.6,30.2,61.6,.490,9.56,26.4,.362,12.5,16.5,.759,9.41,36.6,16.6,4.34,2.66,10.9,17.9
293,Minnesota,32,15,17,.469,10.46,8.96,,8,12,,13,4,,2,9,,70.0,68.5,,40.5,24.1,52.4,.460,8.59,24.7,.348,13.2,18.8,.700,8.53,31.0,17.4,6.47,2.66,10.6,14.7
294,Western Michigan,31,10,21,.323,-8.31,-2.14,,4,14,,7,8,,3,13,,74.8,79.5,,40.2,26.3,59.7,.440,7.35,20.9,.351,14.8,20.0,.742,11.0,36.3,12.6,4.58,2.65,12.1,18.6
295,Oklahoma State,33,19,14,.576,11.93,10.57,,6,12,,14,5,,2,7,,84.3,82.9,,40.5,29.0,63.0,.460,7.64,22.6,.338,18.6,24.8,.751,11.5,38.0,14.8,7.21,2.64,11.9,17.3
296,St. Thomas,33,24,9,.727,3.29,-5.28,,12,4,,14,1,,8,6,,82.7,71.7,,40.0,29.6,58.0,.510,9.76,26.8,.365,13.8,20.2,.681,7.12,33.4,17.1,7.48,2.64,9.42,15.6
297,La Salle,32,9,23,.281,-4.08,4.01,,5,13,,7,6,,1,13,,67.1,74.1,,40.0,23.3,56.8,.410,5.34,17.9,.298,15.2,20.9,.724,12.3,35.1,13.0,6.81,2.63,12.1,16.3
298,Maryland-Eastern Shore,32,9,23,.281,-17.47,-8.34,,5,9,,6,4,,2,18,,64.4,70.8,,40.8,23.9,53.8,.444,5.38,17.9,.300,11.2,15.6,.717,10.5,32.5,13.5,5.72,2.63,15.8,18.1
299,Chattanooga,32,13,19,.406,-10.88,-6.95,,7,11,,7,8,,6,9,,76.7,75.3,,40.0,26.8,58.3,.461,10.6,29.5,.358,12.4,16.2,.767,7.81,33.1,15.3,5.31,2.63,9.59,18.9
300,UC San Diego,34,23,11,.676,2.34,-1.67,,12,8,,10,5,,8,5,,75.7,70.3,,40.0,27.0,59.1,.458,8.35,25.2,.331,13.3,19.1,.695,9.65,36.9,15.1,7.62,2.62,11.4,16.0
301,Arkansas State,32,20,12,.625,-0.64,-4.37,,11,7,,11,4,,9,7,,83.0,77.2,,40.5,28.0,62.1,.451,9.31,28.0,.333,17.6,24.0,.733,14.3,41.3,15.8,7.47,2.59,14.3,18.6
302,Robert Morris,33,22,11,.667,-1.27,-4.69,,13,7,,14,3,,8,7,,77.4,72.1,,40.8,28.5,60.2,.474,9.00,24.2,.373,11.4,16.5,.692,13.2,37.7,17.7,5.76,2.58,12.5,18.0
303,Canisius,31,10,21,.323,-16.96,-7.83,,5,15,,7,8,,3,13,,62.9,70.5,,40.2,21.8,54.4,.401,7.16,21.6,.331,12.2,16.9,.718,10.3,33.5,12.0,4.94,2.58,12.7,17.5
304,Mississippi Valley State,33,3,30,.091,-28.34,-7.88,,2,16,,2,9,,1,18,,64.2,83.0,,40.3,22.8,55.6,.411,5.15,17.2,.300,13.4,18.8,.714,9.18,30.5,12.2,7.24,2.58,15.4,21.4
305,North Dakota,35,18,17,.514,-8.92,-3.51,,10,6,,9,7,,7,8,,76.6,77.3,,40.3,26.5,60.5,.437,8.09,24.4,.332,15.6,22.1,.704,10.7,33.1,11.4,8.49,2.57,9.80,20.0
306,Nebraska,32,26,6,.813,21.54,10.48,,15,5,,16,2,,7,3,,77.3,66.2,,40.3,27.4,58.9,.465,10.5,29.9,.353,12.0,16.0,.750,8.78,34.9,18.0,7.25,2.56,9.75,14.3
307,Maryland-Baltimore County,32,24,8,.750,-4.39,-11.86,,14,2,,15,2,,9,6,,76.2,67.0,,40.3,26.9,57.1,.471,8.09,22.4,.361,14.3,18.8,.762,8.22,35.5,12.2,5.03,2.56,9.59,13.3
308,Wagner,31,14,17,.452,-11.78,-8.68,,8,10,,8,5,,6,12,,71.3,71.7,,40.8,25.4,58.0,.437,7.39,21.1,.350,13.2,18.1,.730,11.9,37.3,12.5,5.55,2.52,12.8,18.6
309,Incarnate Word,31,12,19,.387,-7.07,-2.50,,7,15,,9,6,,2,12,,74.3,73.7,,40.0,26.0,58.1,.447,8.58,22.8,.377,13.7,19.2,.716,11.8,34.3,11.7,5.39,2.48,11.2,17.7
310,South Dakota,32,16,16,.500,-8.59,-4.87,,8,8,,12,5,,3,10,,79.6,80.2,,40.6,26.6,58.9,.451,6.97,21.0,.332,19.4,26.4,.737,10.7,34.4,12.3,6.22,2.47,11.8,15.4
311,Tulsa,33,26,7,.788,11.16,0.81,,13,5,,13,2,,8,4,,85.6,73.0,,40.5,28.2,59.1,.477,10.6,27.4,.388,18.7,23.9,.781,11.2,38.0,15.6,6.33,2.45,10.5,16.1
312,The Citadel,33,11,22,.333,-16.49,-5.89,,7,11,,7,8,,3,12,,70.4,77.5,,40.8,24.8,58.5,.423,9.52,29.1,.327,11.3,16.8,.673,10.5,32.9,12.8,5.55,2.45,10.4,16.3
313,Gardner-Webb,33,4,29,.121,-22.35,-1.85,,1,15,,3,10,,0,16,,68.1,85.5,,40.0,24.6,57.5,.428,6.88,22.3,.309,12.1,17.7,.684,8.55,30.7,10.2,6.33,2.45,13.6,17.6
314,Austin Peay,31,22,9,.710,-2.23,-6.68,,15,3,,12,1,,9,7,,81.6,73.2,,40.0,28.2,60.2,.468,8.39,23.4,.359,16.8,22.7,.743,10.7,35.5,16.2,9.23,2.42,10.8,16.9
315,UNC Wilmington,32,26,6,.813,2.51,-5.03,,15,3,,15,3,,11,2,,77.0,67.7,,40.0,26.1,58.6,.446,8.00,22.4,.357,16.8,24.4,.687,13.2,40.0,13.5,5.28,2.41,10.0,17.2
316,VMI,32,6,26,.188,-20.70,-6.01,,1,17,,5,9,,1,14,,72.0,80.0,,40.0,24.3,60.4,.402,10.7,32.6,.329,12.8,17.6,.723,10.2,33.3,12.6,7.03,2.41,10.0,16.7
317,Ohio State,33,21,12,.636,19.10,12.10,,12,8,,14,3,,5,6,,79.8,72.8,,40.5,27.6,56.1,.493,8.09,22.5,.360,16.4,21.2,.775,9.30,33.2,14.4,4.88,2.39,10.4,17.7
318,UC Santa Barbara,32,18,14,.563,1.16,-1.80,,11,9,,11,4,,5,8,,77.6,72.8,,40.6,26.3,56.1,.468,9.03,24.2,.373,16.1,21.1,.763,10.5,35.1,14.2,6.41,2.38,12.8,18.8
319,South Carolina,32,13,19,.406,7.64,9.17,,4,14,,11,8,,2,8,,74.9,76.5,,40.5,25.2,58.0,.434,8.00,25.8,.311,16.6,21.3,.781,9.25,32.6,13.3,5.50,2.38,9.94,17.6
320,Northwestern State,32,10,22,.313,-9.29,-2.46,,8,14,,8,6,,2,15,,68.3,72.4,,40.2,23.2,53.1,.437,5.97,18.0,.332,15.9,21.4,.742,8.88,31.4,11.9,6.44,2.38,11.7,16.7
321,Air Force,32,3,29,.094,-13.65,4.70,,0,20,,3,15,,0,12,,61.5,79.9,,40.0,21.8,51.2,.425,6.53,21.4,.306,11.5,17.9,.641,7.03,29.1,12.2,5.63,2.38,14.8,17.8
322,Montana,34,18,16,.529,-2.32,-0.45,,10,8,,11,6,,5,9,,77.3,74.6,,40.0,26.7,54.6,.489,8.18,22.9,.358,15.6,20.3,.770,6.62,34.4,14.8,5.59,2.38,13.7,17.7
323,Longwood,32,16,16,.500,-8.21,-7.86,,8,8,,11,4,,4,10,,77.7,74.1,,41.1,26.9,58.6,.459,6.19,19.6,.315,17.7,23.9,.740,12.2,37.2,12.7,8.72,2.34,13.9,19.5
324,Wyoming,32,18,14,.563,7.57,4.08,,9,11,,14,4,,3,9,,77.1,73.0,,40.0,26.6,58.8,.453,8.19,24.8,.330,15.7,21.0,.744,12.1,35.6,14.0,6.41,2.34,11.0,20.8
325,Manhattan,32,12,20,.375,-15.08,-7.89,,8,12,,7,7,,3,12,,74.0,78.9,,40.5,25.3,59.4,.426,7.19,22.2,.324,16.2,20.4,.795,10.7,33.2,12.8,7.84,2.34,10.7,14.8
326,Lafayette,32,11,21,.344,-12.84,-6.58,,8,10,,6,10,,5,11,,69.4,74.4,,40.2,24.6,57.5,.428,7.38,23.0,.321,12.9,18.7,.690,9.28,33.1,13.6,5.56,2.34,10.4,16.3
327,Western Kentucky,32,18,14,.563,0.49,-0.44,,11,9,,12,4,,5,7,,79.3,76.1,,40.3,25.6,62.0,.413,8.44,24.7,.341,19.7,25.9,.759,12.8,38.9,13.3,7.63,2.31,10.4,19.8
328,Idaho,35,21,14,.600,-0.03,-2.69,,9,9,,9,4,,7,9,,78.7,72.6,,40.1,26.9,59.9,.448,9.97,28.0,.356,15.0,20.4,.735,10.7,37.4,12.5,5.86,2.31,10.6,18.2
329,Illinois State,32,20,12,.625,6.32,0.87,,12,8,,13,2,,5,7,,75.1,68.4,,40.2,26.9,57.7,.467,8.59,24.4,.352,12.7,18.1,.702,9.75,35.7,13.5,5.72,2.31,11.3,16.8
330,Richmond,32,15,17,.469,2.27,0.30,,5,13,,11,7,,3,8,,76.7,73.9,,40.2,25.9,57.8,.447,9.00,24.8,.364,16.0,21.2,.753,8.66,33.1,14.2,7.03,2.31,9.72,17.9
331,New Haven,31,14,17,.452,-13.63,-7.67,,9,9,,9,6,,5,11,,64.9,66.3,,40.0,23.5,53.2,.441,6.71,21.5,.313,11.3,16.4,.688,7.84,31.4,12.1,6.55,2.29,11.1,13.9
332,South Dakota State,32,14,18,.438,-3.08,-2.94,,7,9,,9,4,,4,9,,75.4,72.8,,40.2,27.3,59.4,.460,8.03,23.3,.344,12.7,17.8,.711,10.9,37.3,14.3,5.75,2.28,11.1,16.7
333,Pacific,33,18,15,.545,4.36,2.84,,8,10,,11,3,,4,11,,72.7,68.8,,40.2,26.4,56.6,.466,7.24,20.1,.360,12.7,16.9,.754,11.7,38.2,15.3,5.42,2.27,13.0,18.2
334,South Alabama,32,21,11,.656,-4.38,-6.74,,11,7,,10,4,,8,6,,74.6,69.8,,40.8,26.3,56.5,.466,7.22,20.7,.348,14.7,22.3,.660,8.66,35.5,11.8,8.09,2.25,8.72,12.7
335,San Jose State,33,9,24,.273,-1.98,6.43,,3,17,,6,10,,1,12,,72.0,78.5,,40.2,25.1,57.4,.437,7.85,21.9,.358,14.0,19.2,.731,10.3,29.7,10.7,5.76,2.24,10.1,17.6
336,Notre Dame,31,13,18,.419,9.07,9.94,,4,14,,10,7,,2,9,,74.5,75.3,,40.6,25.8,58.0,.445,9.00,25.3,.356,13.8,19.8,.697,11.1,36.6,12.3,4.45,2.23,11.5,17.9
337,Cal Poly,33,14,19,.424,-4.15,-0.19,,10,10,,8,6,,6,11,,82.1,85.0,,40.2,27.0,62.5,.433,10.8,32.7,.331,17.2,21.9,.787,11.3,38.2,13.7,6.58,2.21,15.2,19.3
338,New Hampshire,30,9,21,.300,-16.97,-7.25,,5,11,,8,5,,1,16,,69.2,74.6,,41.0,24.8,60.5,.409,8.13,26.3,.309,11.5,17.4,.660,10.4,35.5,11.2,6.20,2.20,11.2,17.6
339,Villanova,32,24,8,.750,16.32,9.94,,15,5,,13,3,,9,3,,77.2,70.8,,40.5,27.3,59.8,.457,9.63,27.3,.353,13.0,18.7,.694,11.5,34.5,15.5,7.44,2.19,10.1,16.0
340,Fresno State,32,13,19,.406,3.50,4.66,,7,13,,10,8,,2,10,,72.8,72.8,,40.0,25.4,57.1,.445,7.44,23.2,.320,14.6,19.6,.745,9.59,34.5,12.8,6.66,2.19,12.7,16.7
341,Massachusetts,33,17,16,.515,-2.13,-3.22,,7,11,,11,5,,2,8,,80.2,77.6,,40.9,28.8,61.4,.469,7.52,21.7,.346,15.1,22.5,.672,12.2,37.5,17.0,6.67,2.18,13.0,20.8
342,Princeton,29,9,20,.310,-6.91,-1.94,,5,9,,8,4,,1,12,,68.6,72.0,,40.3,23.1,54.6,.424,8.31,24.3,.341,14.0,18.6,.752,9.45,33.3,12.8,4.76,2.17,11.0,16.5
343,Fordham,32,17,15,.531,0.25,-0.95,,8,10,,11,7,,4,6,,69.8,65.5,,40.2,26.2,59.6,.440,6.72,22.9,.294,10.7,15.3,.697,12.4,38.3,14.3,7.34,2.16,11.4,15.7
344,Boise State,32,20,12,.625,12.06,7.86,,12,8,,12,4,,6,5,,78.2,73.5,,40.9,25.7,56.7,.453,8.31,24.3,.342,18.6,23.6,.786,10.8,36.1,13.0,4.59,2.16,11.7,17.0
345,Colorado State,33,21,12,.636,8.58,5.04,,11,9,,12,5,,6,5,,76.1,71.1,,40.0,25.2,51.6,.489,9.88,25.3,.391,15.7,20.4,.771,8.64,32.2,15.9,5.33,2.09,11.8,16.8
346,Saint Francis (PA),31,7,24,.226,-18.85,-5.82,,5,13,,5,8,,2,14,,71.5,81.0,,40.2,25.6,59.5,.430,7.71,22.6,.340,12.6,18.2,.694,10.5,32.6,13.4,7.42,2.06,12.9,18.3
347,Stetson,33,12,21,.364,-12.68,-4.68,,7,11,,9,5,,2,14,,73.7,79.7,,40.2,25.9,56.7,.456,9.27,25.5,.363,12.6,18.5,.681,9.55,32.8,15.3,6.24,2.06,12.5,15.5
348,Denver,32,15,17,.469,-5.75,-2.02,,8,8,,9,5,,6,11,,82.8,82.8,,40.0,29.0,60.3,.480,8.84,23.3,.380,16.0,20.8,.773,10.4,34.0,11.6,4.59,2.00,9.84,17.8
349,Iowa,33,21,12,.636,19.00,9.75,,10,10,,14,3,,3,8,,75.2,66.0,,40.2,26.5,53.8,.491,8.00,22.4,.357,14.3,18.6,.770,8.82,29.4,15.3,7.12,2.00,9.70,17.6
350,Western Illinois,31,5,26,.161,-23.43,-8.15,,1,19,,4,11,,1,15,,64.9,76.8,,40.2,22.6,56.2,.403,5.87,18.7,.314,13.7,20.6,.665,10.4,31.9,8.42,5.19,1.97,11.8,16.1
351,Northern Illinois,30,9,21,.300,-14.76,-2.22,,4,14,,6,7,,3,14,,69.5,77.8,,40.0,23.6,56.8,.416,7.97,25.5,.312,14.4,21.6,.664,11.8,34.7,12.5,6.03,1.87,14.9,18.3
352,Delaware State,31,8,23,.258,-22.54,-10.80,,2,12,,5,7,,2,14,,61.2,70.5,,40.3,22.1,55.5,.398,4.68,15.8,.296,12.3,17.8,.689,9.90,31.2,10.6,7.65,1.87,13.2,17.0
353,Central Arkansas,34,22,12,.647,-1.33,-4.64,,15,3,,14,1,,6,10,,80.9,74.7,,40.7,28.4,62.2,.457,10.7,30.6,.350,13.3,18.7,.709,10.8,35.9,16.3,8.82,1.85,10.9,16.4
354,UNC Greensboro,34,15,19,.441,-11.29,-6.01,,9,9,,8,6,,4,9,,78.6,80.5,,40.4,26.7,58.3,.458,8.32,23.1,.361,16.8,23.8,.707,10.1,35.4,12.8,5.56,1.85,10.2,16.1
355,Campbell,34,16,18,.471,-2.84,-0.09,,8,10,,10,4,,3,13,,79.1,77.6,,40.0,26.9,59.1,.455,7.18,21.8,.330,18.2,25.1,.726,12.5,35.8,12.5,6.71,1.82,12.4,17.7
356,Bucknell,33,10,23,.303,-14.37,-5.43,,6,12,,6,8,,4,12,,67.4,76.3,,40.5,23.6,56.2,.419,7.36,24.0,.306,12.8,16.7,.768,9.18,31.4,12.7,7.21,1.79,12.8,17.8
357,Holy Cross,33,11,22,.333,-13.66,-6.79,,5,13,,6,8,,4,14,,68.2,73.3,,40.0,24.1,55.3,.436,6.64,20.7,.321,13.3,17.6,.756,7.64,31.2,10.8,5.73,1.79,10.2,15.6
358,Bellarmine,32,13,19,.406,-8.98,-4.62,,7,11,,9,5,,2,13,,80.0,81.7,,40.3,28.3,54.4,.521,8.44,22.1,.382,14.9,18.8,.792,6.44,27.9,15.1,6.09,1.72,10.3,16.6
359,Penn State,32,12,20,.375,4.01,9.66,,3,17,,9,8,,2,9,,73.7,79.3,,40.0,26.3,56.1,.469,6.91,21.3,.324,14.2,19.0,.750,8.31,29.0,12.7,6.94,1.69,10.5,15.5
360,Army,32,11,21,.344,-15.27,-7.14,,5,13,,6,10,,5,10,,72.2,77.2,,40.8,25.2,61.2,.412,10.6,32.7,.324,11.2,15.7,.715,11.8,35.5,15.0,5.84,1.59,11.9,18.8
361,Weber State,32,16,16,.500,-2.81,-2.58,,10,8,,11,5,,5,10,,81.2,77.3,,40.5,28.7,61.2,.469,7.13,20.4,.349,16.7,22.8,.734,11.6,37.0,13.4,7.19,1.56,11.1,18.4
362,FDU,32,11,21,.344,-14.97,-7.42,,8,10,,8,6,,3,15,,67.2,70.2,,40.2,23.3,56.3,.413,7.94,25.6,.310,12.8,18.1,.706,12.0,35.3,12.1,5.03,1.53,11.8,17.3
363,American,32,16,16,.500,-6.92,-6.22,,9,9,,11,6,,5,10,,74.6,71.3,,40.0,26.3,58.6,.449,9.00,27.0,.333,12.9,17.2,.751,9.66,31.8,13.4,7.72,1.50,10.6,18.6
364,North Florida,32,7,25,.219,-15.39,-2.96,,5,13,,5,8,,2,14,,79.6,88.2,,40.2,27.4,61.5,.446,11.0,31.4,.351,13.7,17.7,.774,9.38,32.3,13.9,5.06,1.38,12.5,18.1
365,Chicago State,32,7,25,.219,-16.27,-4.91,,5,13,,5,6,,2,19,,65.8,76.1,,40.2,23.5,58.0,.405,5.78,18.2,.318,13.0,17.5,.742,10.7,31.1,11.7,8.16,1.25,10.5,18.8