"rank",TIERS,"name",TEAM,"POS","BYE WEEK","UPSIDE ","BUST ","SOS SEASON","ECR VS. ADP"
"1",1,"Ja'Marr Chase",CIN,"WR1","10","Coach Upside rating","Coach Bust rating","3 out of 5 stars","0"
"2",1,"Bijan Robinson",ATL,"RB1","5","Coach Upside rating","Coach Bust rating","4 out of 5 stars","0"
"3",1,"Jahmyr Gibbs",DET,"RB2","8","Coach Upside rating","Coach Bust rating","2 out of 5 stars","+1"
"4",1,"CeeDee Lamb",DAL,"WR2","10","Coach Upside rating","Coach Bust rating","2 out of 5 stars","+2"
"5",1,"Saquon Barkley",PHI,"RB3","9","Coach Upside rating","Coach Bust rating","3 out of 5 stars","-2"
"6",1,"Justin Jefferson",MIN,"WR3","6","Coach Upside rating","Coach Bust rating","2 out of 5 stars","-1"
"7",2,"Malik Nabers",NYG,"WR4","14","Coach Upside rating","Coach Bust rating","2 out of 5 stars","+4"
"8",2,"Nico Collins",HOU,"WR5","6","Coach Upside rating","Coach Bust rating","4 out of 5 stars","+4"
"9",2,"Christian McCaffrey",SF,"RB4","14","Coach Upside rating","Coach Bust rating","3 out of 5 stars","-2"
"10",2,"Amon-Ra St. Brown",DET,"WR6","8","Coach Upside rating","Coach Bust rating","3 out of 5 stars","-2"
"11",2,"Derrick Henry",BAL,"RB5","7","Coach Upside rating","Coach Bust rating","4 out of 5 stars","-2"
"12",2,"Puka Nacua",LAR,"WR7","8","Coach Upside rating","Coach Bust rating","3 out of 5 stars","+1"
"13",2,"Ashton Jeanty",LV,"RB6","8","Coach Upside rating","Coach Bust rating","2 out of 5 stars","-3"
"14",2,"Brian Thomas Jr.",JAC,"WR8","8","Coach Upside rating","Coach Bust rating","4 out of 5 stars","+1"
"15",3,"Drake London",ATL,"WR9","5","Coach Upside rating","Coach Bust rating","3 out of 5 stars","+2"
"16",3,"De'Von Achane",MIA,"RB7","12","Coach Upside rating","Coach Bust rating","4 out of 5 stars","0"
"17",3,"A.J. Brown",PHI,"WR10","9","Coach Upside rating","Coach Bust rating","3 out of 5 stars","+7"
"18",3,"Brock Bowers",LV,"TE1","8","Coach Upside rating","Coach Bust rating","2 out of 5 stars","+2"
"19",3,"Jonathan Taylor",IND,"RB8","11","Coach Upside rating","Coach Bust rating","2 out of 5 stars","-1"
"20",3,"Josh Jacobs",GB,"RB9","5","Coach Upside rating","Coach Bust rating","4 out of 5 stars","-6"
"21",3,"Bucky Irving",TB,"RB10","9","Coach Upside rating","Coach Bust rating","3 out of 5 stars","-2"
"22",3,"Chase Brown",CIN,"RB11","10","Coach Upside rating","Coach Bust rating","4 out of 5 stars","0"
"23",3,"Trey McBride",ARI,"TE2","8","Coach Upside rating","Coach Bust rating","5 out of 5 stars","+4"
"24",3,"Ladd McConkey",LAC,"WR11","12","Coach Upside rating","Coach Bust rating","3 out of 5 stars","+2"
"25",4,"Josh Allen",BUF,"QB1","7","Coach Upside rating","Coach Bust rating","4 out of 5 stars","-4"
"26",4,"Lamar Jackson",BAL,"QB2","7","Coach Upside rating","Coach Bust rating","3 out of 5 stars","-3"
"27",4,"Kyren Williams",LAR,"RB12","8","Coach Upside rating","Coach Bust rating","3 out of 5 stars","-2"
"28",4,"Jaxon Smith-Njigba",SEA,"WR12","8","Coach Upside rating","Coach Bust rating","3 out of 5 stars","+5"
"29",4,"Tee Higgins",CIN,"WR13","10","Coach Upside rating","Coach Bust rating","3 out of 5 stars","+3"
"30",4,"George Kittle",SF,"TE3","14","Coach Upside rating","Coach Bust rating","3 out of 5 stars","+4"
"31",4,"Mike Evans",TB,"WR14","9","Coach Upside rating","Coach Bust rating","3 out of 5 stars","+8"
"32",4,"Jayden Daniels",WAS,"QB3","12","Coach Upside rating","Coach Bust rating","2 out of 5 stars","-3"
"33",4,"Garrett Wilson",NYJ,"WR15","9","Coach Upside rating","Coach Bust rating","4 out of 5 stars","+8"
"34",4,"Tyreek Hill",MIA,"WR16","12","Coach Upside rating","Coach Bust rating","3 out of 5 stars","-3"
"35",4,"James Cook",BUF,"RB13","7","Coach Upside rating","Coach Bust rating","4 out of 5 stars","-7"
"36",4,"Omarion Hampton",LAC,"RB14","12","Coach Upside rating","Coach Bust rating","2 out of 5 stars","-6"
"37",4,"Davante Adams",LAR,"WR17","8","Coach Upside rating","Coach Bust rating","3 out of 5 stars","+8"
"38",4,"Jalen Hurts",PHI,"QB4","9","Coach Upside rating","Coach Bust rating","3 out of 5 stars","-3"
"39",5,"Kenneth Walker III",SEA,"RB15","8","Coach Upside rating","Coach Bust rating","3 out of 5 stars","+3"
"40",5,"Terry McLaurin",WAS,"WR18","12","Coach Upside rating","Coach Bust rating","3 out of 5 stars","+3"
"41",5,"Marvin Harrison Jr.",ARI,"WR19","8","Coach Upside rating","Coach Bust rating","4 out of 5 stars","-1"
"42",5,"Alvin Kamara",NO,"RB16","11","Coach Upside rating","Coach Bust rating","4 out of 5 stars","-4"
"43",5,"Breece Hall",NYJ,"RB17","9","Coach Upside rating","Coach Bust rating","5 out of 5 stars","-6"
"44",5,"Courtland Sutton",DEN,"WR20","12","Coach Upside rating","Coach Bust rating","3 out of 5 stars","+8"
"45",5,"DK Metcalf",PIT,"WR21","5","Coach Upside rating","Coach Bust rating","4 out of 5 stars","+3"
"46",5,"DJ Moore",CHI,"WR22","5","Coach Upside rating","Coach Bust rating","2 out of 5 stars","+5"
"47",5,"Joe Burrow",CIN,"QB5","10","Coach Upside rating","Coach Bust rating","2 out of 5 stars","-11"
"48",5,"TreVeyon Henderson",NE,"RB18","14","Coach Upside rating","Coach Bust rating","4 out of 5 stars","-2"
"49",5,"Chuba Hubbard",CAR,"RB19","14","Coach Upside rating","Coach Bust rating","3 out of 5 stars","-5"
"50",5,"James Conner",ARI,"RB20","8","Coach Upside rating","Coach Bust rating","3 out of 5 stars","-3"
"51",5,"Tetairoa McMillan",CAR,"WR23","14","Coach Upside rating","Coach Bust rating","4 out of 5 stars","+8"
"52",5,"DeVonta Smith",PHI,"WR24","9","Coach Upside rating","Coach Bust rating","3 out of 5 stars","+3"
"53",5,"Jameson Williams",DET,"WR25","8","Coach Upside rating","Coach Bust rating","3 out of 5 stars","+9"
"54",5,"Xavier Worthy",KC,"WR26","10","Coach Upside rating","Coach Bust rating","3 out of 5 stars","+4"
"55",6,"Calvin Ridley",TEN,"WR27","10","Coach Upside rating","Coach Bust rating","4 out of 5 stars","+13"
"56",6,"George Pickens",DAL,"WR28","10","Coach Upside rating","Coach Bust rating","2 out of 5 stars","+4"
"57",6,"Tony Pollard",TEN,"RB21","10","Coach Upside rating","Coach Bust rating","2 out of 5 stars","-1"
"58",6,"Zay Flowers",BAL,"WR29","7","Coach Upside rating","Coach Bust rating","3 out of 5 stars","+6"
"59",6,"D'Andre Swift",CHI,"RB22","5","Coach Upside rating","Coach Bust rating","3 out of 5 stars","+2"
"60",6,"Jaylen Waddle",MIA,"WR30","12","Coach Upside rating","Coach Bust rating","3 out of 5 stars","+10"
"61",6,"RJ Harvey",DEN,"RB23","12","Coach Upside rating","Coach Bust rating","2 out of 5 stars","-12"
"62",6,"David Montgomery",DET,"RB24","8","Coach Upside rating","Coach Bust rating","2 out of 5 stars","-8"
"63",6,"Isiah Pacheco",KC,"RB25","10","Coach Upside rating","Coach Bust rating","2 out of 5 stars","-6"
"64",6,"Sam LaPorta",DET,"TE4","8","Coach Upside rating","Coach Bust rating","3 out of 5 stars","-11"
"65",6,"Aaron Jones Sr.",MIN,"RB26","6","Coach Upside rating","Coach Bust rating","3 out of 5 stars","+1"
"66",6,"Patrick Mahomes II",KC,"QB6","10","Coach Upside rating","Coach Bust rating","3 out of 5 stars","-16"
"67",6,"T.J. Hockenson",MIN,"TE5","6","Coach Upside rating","Coach Bust rating","3 out of 5 stars","-2"
"68",6,"Chris Olave",NO,"WR31","11","Coach Upside rating","Coach Bust rating","4 out of 5 stars","+8"
"69",6,"Travis Hunter",JAC,"WR32","8","Coach Upside rating","Coach Bust rating","4 out of 5 stars","+3"
"70",6,"Baker Mayfield",TB,"QB7","9","Coach Upside rating","Coach Bust rating","2 out of 5 stars","-1"
"71",6,"Rome Odunze",CHI,"WR33","5","Coach Upside rating","Coach Bust rating","2 out of 5 stars","+7"
"72",6,"Tyrone Tracy Jr.",NYG,"RB27","14","Coach Upside rating","Coach Bust rating","3 out of 5 stars","+3"
"73",6,"Bo Nix",DEN,"QB8","12","Coach Upside rating","Coach Bust rating","4 out of 5 stars","-2"
"74",7,"Jerry Jeudy",CLE,"WR34","9","Coach Upside rating","Coach Bust rating","2 out of 5 stars","+3"
"75",7,"Ricky Pearsall",SF,"WR35","14","Coach Upside rating","Coach Bust rating","4 out of 5 stars","+5"
"76",7,"Emeka Egbuka",TB,"WR36","9","Coach Upside rating","Coach Bust rating","3 out of 5 stars","+6"
"77",7,"Rashee Rice",KC,"WR37","10","Coach Upside rating","Coach Bust rating","3 out of 5 stars","-10"
"78",7,"Kaleb Johnson",PIT,"RB28","5","Coach Upside rating","Coach Bust rating","4 out of 5 stars","-5"
"79",7,"Jaylen Warren",PIT,"RB29","5","Coach Upside rating","Coach Bust rating","4 out of 5 stars","0"
"80",7,"Travis Kelce",KC,"TE6","10","Coach Upside rating","Coach Bust rating","3 out of 5 stars","-17"
"81",7,"Mark Andrews",BAL,"TE7","7","Coach Upside rating","Coach Bust rating","3 out of 5 stars","-7"
"82",7,"Stefon Diggs",NE,"WR38","14","Coach Upside rating","Coach Bust rating","3 out of 5 stars","+5"
"83",7,"Kyler Murray",ARI,"QB9","8","Coach Upside rating","Coach Bust rating","4 out of 5 stars","+9"
"84",7,"Dak Prescott",DAL,"QB10","10","Coach Upside rating","Coach Bust rating","2 out of 5 stars","+5"
"85",7,"Jordan Mason",MIN,"RB30","6","Coach Upside rating","Coach Bust rating","3 out of 5 stars","0"
"86",7,"Travis Etienne Jr.",JAC,"RB31","8","Coach Upside rating","Coach Bust rating","2 out of 5 stars","+4"
"87",7,"Jakobi Meyers",LV,"WR39","8","Coach Upside rating","Coach Bust rating","4 out of 5 stars","+1"
"88",7,"David Njoku",CLE,"TE8","9","Coach Upside rating","Coach Bust rating","3 out of 5 stars","-2"
"89",7,"Deebo Samuel Sr.",WAS,"WR40","12","Coach Upside rating","Coach Bust rating","3 out of 5 stars","-5"
"90",7,"Zach Charbonnet",SEA,"RB32","8","Coach Upside rating","Coach Bust rating","3 out of 5 stars","+9"
"91",7,"Evan Engram",DEN,"TE9","12","Coach Upside rating","Coach Bust rating","3 out of 5 stars","-10"
"92",7,"Jordan Addison",MIN,"WR41","6","Coach Upside rating","Coach Bust rating","2 out of 5 stars","-1"
"93",7,"Brock Purdy",SF,"QB11","14","Coach Upside rating","Coach Bust rating","4 out of 5 stars","+2"
"94",7,"Justin Fields",NYJ,"QB12","9","Coach Upside rating","Coach Bust rating","5 out of 5 stars","+19"
"95",7,"Tucker Kraft",GB,"TE10","5","Coach Upside rating","Coach Bust rating","2 out of 5 stars","+2"
"96",7,"Matthew Golden",GB,"WR42","5","Coach Upside rating","Coach Bust rating","2 out of 5 stars","-3"
"97",7,"Jauan Jennings",SF,"WR43","14","Coach Upside rating","Coach Bust rating","4 out of 5 stars","+5"
"98",7,"Javonte Williams",DAL,"RB33","10","Coach Upside rating","Coach Bust rating","2 out of 5 stars","+12"
"99",7,"Tyler Warren",IND,"TE11","11","Coach Upside rating","Coach Bust rating","3 out of 5 stars","-3"
"100",7,"Justin Herbert",LAC,"QB13","12","Coach Upside rating","Coach Bust rating","3 out of 5 stars","+8"
"101",7,"Jacory Croskey-Merritt",WAS,"RB34","12","Coach Upside rating","Coach Bust rating","2 out of 5 stars","+5"
"102",7,"Drake Maye",NE,"QB14","14","Coach Upside rating","Coach Bust rating","5 out of 5 stars","+16"
"103",7,"J.K. Dobbins",DEN,"RB35","12","Coach Upside rating","Coach Bust rating","2 out of 5 stars","-5"
"104",7,"Khalil Shakir",BUF,"WR44","7","Coach Upside rating","Coach Bust rating","3 out of 5 stars","+3"
"105",7,"Caleb Williams",CHI,"QB15","5","Coach Upside rating","Coach Bust rating","2 out of 5 stars","+9"
"106",8,"Josh Downs",IND,"WR45","11","Coach Upside rating","Coach Bust rating","4 out of 5 stars","+17"
"107",8,"Jared Goff",DET,"QB16","8","Coach Upside rating","Coach Bust rating","2 out of 5 stars","-6"
"108",8,"Jayden Reed",GB,"WR46","5","Coach Upside rating","Coach Bust rating","2 out of 5 stars","+4"
"109",8,"Tank Bigsby",JAC,"RB36","8","Coach Upside rating","Coach Bust rating","2 out of 5 stars","0"
"110",8,"Michael Pittman Jr.",IND,"WR47","11","Coach Upside rating","Coach Bust rating","4 out of 5 stars","+11"
"111",8,"Rhamondre Stevenson",NE,"RB37","14","Coach Upside rating","Coach Bust rating","4 out of 5 stars","+5"
"112",8,"Austin Ekeler",WAS,"RB38","12","Coach Upside rating","Coach Bust rating","2 out of 5 stars","+5"
"113",8,"Chris Godwin Jr.",TB,"WR48","9","Coach Upside rating","Coach Bust rating","3 out of 5 stars","-9"
"114",8,"Cooper Kupp",SEA,"WR49","8","Coach Upside rating","Coach Bust rating","3 out of 5 stars","-14"
"115",8,"Jordan Love",GB,"QB17","5","Coach Upside rating","Coach Bust rating","2 out of 5 stars","+17"
"116",8,"Trevor Lawrence",JAC,"QB18","8","Coach Upside rating","Coach Bust rating","3 out of 5 stars","+36"
"117",8,"Cam Skattebo",NYG,"RB39","14","Coach Upside rating","Coach Bust rating","3 out of 5 stars","-12"
"118",8,"Jake Ferguson",DAL,"TE12","10","Coach Upside rating","Coach Bust rating","2 out of 5 stars","+7"
"119",8,"C.J. Stroud",HOU,"QB19","6","Coach Upside rating","Coach Bust rating","3 out of 5 stars","+8"
"120",8,"J.J. McCarthy",MIN,"QB20","6","Coach Upside rating","Coach Bust rating","2 out of 5 stars","+14"
"121",8,"Keon Coleman",BUF,"WR50","7","Coach Upside rating","Coach Bust rating","3 out of 5 stars","+8"
"122",8,"Braelon Allen",NYJ,"RB40","9","Coach Upside rating","Coach Bust rating","5 out of 5 stars","-11"
"123",8,"Darnell Mooney",ATL,"WR51","5","Coach Upside rating","Coach Bust rating","3 out of 5 stars","+25"
"124",8,"Dalton Kincaid",BUF,"TE13","7","Coach Upside rating","Coach Bust rating","3 out of 5 stars","+2"
"125",8,"Dallas Goedert",PHI,"TE14","9","Coach Upside rating","Coach Bust rating","3 out of 5 stars","+11"
"126",8,"Najee Harris",LAC,"RB41","12","Coach Upside rating","Coach Bust rating","2 out of 5 stars","-4"
"127",8,"Rashid Shaheed",NO,"WR52","11","Coach Upside rating","Coach Bust rating","4 out of 5 stars","+12"
"128",8,"Colston Loveland",CHI,"TE15","5","Coach Upside rating","Coach Bust rating","4 out of 5 stars","-13"
"129",8,"Rachaad White",TB,"RB42","9","Coach Upside rating","Coach Bust rating","3 out of 5 stars","+18"
"130",8,"Christian Kirk",HOU,"WR53","6","Coach Upside rating","Coach Bust rating","4 out of 5 stars","+31"
"131",8,"Trey Benson",ARI,"RB43","8","Coach Upside rating","Coach Bust rating","3 out of 5 stars","+12"
"132",8,"Ray Davis",BUF,"RB44","7","Coach Upside rating","Coach Bust rating","4 out of 5 stars","+21"
"133",9,"Brian Robinson Jr.",SF,"RB45","14","Coach Upside rating","Coach Bust rating","3 out of 5 stars","-39"
"134",9,"Brandon Aiyuk",SF,"WR54","14","Coach Upside rating","Coach Bust rating","4 out of 5 stars","+8"
"135",9,"Nick Chubb",HOU,"RB46","6","Coach Upside rating","Coach Bust rating","2 out of 5 stars","-15"
"136",9,"Joe Mixon",HOU,"RB47","6","Coach Upside rating","Coach Bust rating","2 out of 5 stars","-53"
"137",9,"Kyle Pitts Sr.",ATL,"TE16","5","Coach Upside rating","Coach Bust rating","3 out of 5 stars","-6"
"138",9,"Quinshon Judkins",CLE,"RB48","9","Coach Upside rating","Coach Bust rating","4 out of 5 stars","-35"
"139",9,"Dylan Sampson",CLE,"RB49","9","Coach Upside rating","Coach Bust rating","4 out of 5 stars","+15"
"140",9,"Jaydon Blue",DAL,"RB50","10","Coach Upside rating","Coach Bust rating","2 out of 5 stars","-10"
"141",9,"Marvin Mims Jr.",DEN,"WR55","12","Coach Upside rating","Coach Bust rating","3 out of 5 stars","+9"
"142",9,"Rashod Bateman",BAL,"WR56","7","Coach Upside rating","Coach Bust rating","3 out of 5 stars","+33"
"143",9,"Tua Tagovailoa",MIA,"QB21","12","Coach Upside rating","Coach Bust rating","5 out of 5 stars","+19"
"144",9,"Jerome Ford",CLE,"RB51","9","Coach Upside rating","Coach Bust rating","4 out of 5 stars","+2"
"145",9,"Bhayshul Tuten",JAC,"RB52","8","Coach Upside rating","Coach Bust rating","2 out of 5 stars","-5"
"146",9,"Tyler Allgeier",ATL,"RB53","5","Coach Upside rating","Coach Bust rating","4 out of 5 stars","+19"
"147",9,"Hunter Henry",NE,"TE17","14","Coach Upside rating","Coach Bust rating","3 out of 5 stars","+9"
"148",9,"Tyjae Spears",TEN,"RB54","10","Coach Upside rating","Coach Bust rating","2 out of 5 stars","+11"
"149",9,"Bryce Young",CAR,"QB22","14","Coach Upside rating","Coach Bust rating","3 out of 5 stars","+22"
"150",9,"Cedric Tillman",CLE,"WR57","9","Coach Upside rating","Coach Bust rating","2 out of 5 stars","+59"
"151",9,"Luther Burden III",CHI,"WR58","5","Coach Upside rating","Coach Bust rating","2 out of 5 stars","-2"
"152",9,"Michael Penix Jr.",ATL,"QB23","5","Coach Upside rating","Coach Bust rating","4 out of 5 stars","+8"
"153",9,"Jayden Higgins",HOU,"WR59","6","Coach Upside rating","Coach Bust rating","4 out of 5 stars","-12"
"154",9,"Keenan Allen",LAC,"WR60","12","Coach Upside rating","Coach Bust rating","3 out of 5 stars","-16"
"155",9,"Zach Ertz",WAS,"TE18","12","Coach Upside rating","Coach Bust rating","3 out of 5 stars","+2"
"156",9,"Geno Smith",LV,"QB24","8","Coach Upside rating","Coach Bust rating","3 out of 5 stars","+23"
"157",9,"Romeo Doubs",GB,"WR61","5","Coach Upside rating","Coach Bust rating","2 out of 5 stars","+71"
"158",9,"Matthew Stafford",LAR,"QB25","8","Coach Upside rating","Coach Bust rating","3 out of 5 stars","+14"
"159",9,"Jonnu Smith",PIT,"TE19","5","Coach Upside rating","Coach Bust rating","3 out of 5 stars","-24"
"160",9,"Rico Dowdle",CAR,"RB55","14","Coach Upside rating","Coach Bust rating","3 out of 5 stars","+4"
"161",9,"Adam Thielen",MIN,"WR62","6","Coach Upside rating","Coach Bust rating","2 out of 5 stars","+5"
"162",9,"Joshua Palmer",BUF,"WR63","7","Coach Upside rating","Coach Bust rating","3 out of 5 stars","+6"
"163",9,"DeMario Douglas",NE,"WR64","14","Coach Upside rating","Coach Bust rating","3 out of 5 stars","+55"
"164",9,"Wan'Dale Robinson",NYG,"WR65","14","Coach Upside rating","Coach Bust rating","2 out of 5 stars","+58"
"165",9,"Marquise Brown",KC,"WR66","10","Coach Upside rating","Coach Bust rating","3 out of 5 stars","+2"
"166",9,"Ollie Gordon II",MIA,"RB56","12","Coach Upside rating","Coach Bust rating","4 out of 5 stars","-21"
"167",9,"Brenton Strange",JAC,"TE20","8","Coach Upside rating","Coach Bust rating","3 out of 5 stars","+20"
"168",9,"Kyle Williams",NE,"WR67","14","Coach Upside rating","Coach Bust rating","3 out of 5 stars","+18"
"169",10,"Tre' Harris",LAC,"WR68","12","Coach Upside rating","Coach Bust rating","3 out of 5 stars","+1"
"170",10,"Xavier Legette",CAR,"WR69","14","Coach Upside rating","Coach Bust rating","4 out of 5 stars","+43"
"171",10,"Cam Ward",TEN,"QB26","10","Coach Upside rating","Coach Bust rating","2 out of 5 stars","-16"
"172",10,"Denver Broncos",DEN,"DST1","12","Coach Upside rating–No rating available","Coach Bust rating–No rating available","4 out of 5 stars","-48"
"173",10,"Isaiah Likely",BAL,"TE21","7","Coach Upside rating","Coach Bust rating","3 out of 5 stars","+15"
"174",10,"Quentin Johnston",LAC,"WR70","12","Coach Upside rating","Coach Bust rating","3 out of 5 stars","+98"
"175",10,"Jalen Coker",CAR,"WR71","14","Coach Upside rating","Coach Bust rating","4 out of 5 stars","+56"
"176",10,"Chig Okonkwo",TEN,"TE22","10","Coach Upside rating","Coach Bust rating","3 out of 5 stars","0"
"177",10,"Blake Corum",LAR,"RB57","8","Coach Upside rating","Coach Bust rating","3 out of 5 stars","+47"
"178",10,"Roschon Johnson",CHI,"RB58","5","Coach Upside rating","Coach Bust rating","3 out of 5 stars","+65"
"179",10,"Sam Darnold",SEA,"QB27","8","Coach Upside rating","Coach Bust rating","4 out of 5 stars","-1"
"180",10,"Isaac Guerendo",SF,"RB59","14","Coach Upside rating","Coach Bust rating","3 out of 5 stars","+1"
"181",10,"Philadelphia Eagles",PHI,"DST2","9","Coach Upside rating–No rating available","Coach Bust rating–No rating available","2 out of 5 stars","-53"
"182",10,"Pittsburgh Steelers",PIT,"DST3","5","Coach Upside rating–No rating available","Coach Bust rating–No rating available","3 out of 5 stars","-45"
"183",10,"Woody Marks",HOU,"RB60","6","Coach Upside rating","Coach Bust rating","2 out of 5 stars","+22"
"184",10,"Baltimore Ravens",BAL,"DST4","7","Coach Upside rating–No rating available","Coach Bust rating–No rating available","3 out of 5 stars","-33"
"185",10,"Minnesota Vikings",MIN,"DST5","6","Coach Upside rating–No rating available","Coach Bust rating–No rating available","2 out of 5 stars","-27"
"186",10,"Jaylen Wright",MIA,"RB61","12","Coach Upside rating","Coach Bust rating","4 out of 5 stars","+4"
"187",10,"Cade Otton",TB,"TE23","9","Coach Upside rating","Coach Bust rating","3 out of 5 stars","+4"
"188",10,"Mike Gesicki",CIN,"TE24","10","Coach Upside rating","Coach Bust rating","2 out of 5 stars","+19"
"189",10,"DeAndre Hopkins",BAL,"WR72","7","Coach Upside rating","Coach Bust rating","3 out of 5 stars","-16"
"190",10,"Will Shipley",PHI,"RB62","9","Coach Upside rating","Coach Bust rating","3 out of 5 stars","+25"
"191",10,"Houston Texans",HOU,"DST6","6","Coach Upside rating–No rating available","Coach Bust rating–No rating available","2 out of 5 stars","-17"
"192",10,"Pat Freiermuth",PIT,"TE25","5","Coach Upside rating","Coach Bust rating","3 out of 5 stars","+3"
"193",10,"Buffalo Bills",BUF,"DST7","7","Coach Upside rating–No rating available","Coach Bust rating–No rating available","5 out of 5 stars","-1"
"194",10,"Brandon Aubrey",DAL,"K1","10","Coach Upside rating","Coach Bust rating","4 out of 5 stars","-75"
"195",10,"Kansas City Chiefs",KC,"DST8","10","Coach Upside rating–No rating available","Coach Bust rating–No rating available","1 out of 5 stars","-15"
"196",10,"Alec Pierce",IND,"WR73","11","Coach Upside rating","Coach Bust rating","4 out of 5 stars","+54"
"197",10,"Kyle Monangai",CHI,"RB63","5","Coach Upside rating","Coach Bust rating","3 out of 5 stars","+15"
"198",10,"Detroit Lions",DET,"DST9","8","Coach Upside rating–No rating available","Coach Bust rating–No rating available","1 out of 5 stars","-13"
"199",10,"Chris Rodriguez Jr.",WAS,"RB64","12","Coach Upside rating","Coach Bust rating","2 out of 5 stars","+53"
"200",10,"DJ Giddens",IND,"RB65","11","Coach Upside rating","Coach Bust rating","2 out of 5 stars","+26"
"201",10,"Cameron Dicker",LAC,"K2","12","Coach Upside rating","Coach Bust rating","5 out of 5 stars","-68"
"202",10,"Mason Taylor",NYJ,"TE26","9","Coach Upside rating","Coach Bust rating","3 out of 5 stars","-5"
"203",10,"Jake Bates",DET,"K3","8","Coach Upside rating","Coach Bust rating","1 out of 5 stars","-59"
"204",10,"Aaron Rodgers",PIT,"QB28","5","Coach Upside rating","Coach Bust rating","4 out of 5 stars","-35"
"205",10,"Seattle Seahawks",SEA,"DST10","8","Coach Upside rating–No rating available","Coach Bust rating–No rating available","3 out of 5 stars","+11"
"206",10,"Green Bay Packers",GB,"DST11","5","Coach Upside rating–No rating available","Coach Bust rating–No rating available","2 out of 5 stars","+4"
"207",10,"Kendre Miller",NO,"RB66","11","Coach Upside rating","Coach Bust rating","4 out of 5 stars","+30"
"208",10,"Wil Lutz",DEN,"K4","12","Coach Upside rating","Coach Bust rating","5 out of 5 stars","-12"
"209",10,"Los Angeles Rams",LAR,"DST12","8","Coach Upside rating–No rating available","Coach Bust rating–No rating available","3 out of 5 stars","+14"
"210",11,"Kareem Hunt",KC,"RB67","10","Coach Upside rating","Coach Bust rating","2 out of 5 stars","-47"
"211",11,"Justice Hill",BAL,"RB68","7","Coach Upside rating","Coach Bust rating","4 out of 5 stars","+22"
"212",11,"Elic Ayomanor",TEN,"WR74","10","Coach Upside rating","Coach Bust rating","4 out of 5 stars","+45"
"213",11,"Darius Slayton",NYG,"WR75","14","Coach Upside rating","Coach Bust rating","2 out of 5 stars","+60"
"214",11,"Ka'imi Fairbairn",HOU,"K5","6","Coach Upside rating","Coach Bust rating","3 out of 5 stars","-32"
"215",11,"Los Angeles Chargers",LAC,"DST13","12","Coach Upside rating–No rating available","Coach Bust rating–No rating available","5 out of 5 stars","+46"
"216",11,"Pat Bryant",DEN,"WR76","12","Coach Upside rating","Coach Bust rating","3 out of 5 stars","+32"
"217",11,"Michael Wilson",ARI,"WR77","8","Coach Upside rating–No rating available","Coach Bust rating–No rating available","4 out of 5 stars","+65"
"218",11,"Chase McLaughlin",TB,"K6","9","Coach Upside rating","Coach Bust rating","3 out of 5 stars","-34"
"219",11,"Dalton Schultz",HOU,"TE27","6","Coach Upside rating","Coach Bust rating","3 out of 5 stars","+34"
"220",11,"Dameon Pierce",HOU,"RB69","6","Coach Upside rating","Coach Bust rating","2 out of 5 stars","+46"
"221",11,"Daniel Jones",IND,"QB29","11","Coach Upside rating","Coach Bust rating","3 out of 5 stars","+30"
"222",11,"Adonai Mitchell",IND,"WR78","11","Coach Upside rating","Coach Bust rating","4 out of 5 stars","+52"
"223",11,"Chris Boswell",PIT,"K7","5","Coach Upside rating","Coach Bust rating","1 out of 5 stars","-46"
"224",11,"Keaton Mitchell",BAL,"RB70","7","Coach Upside rating","Coach Bust rating","4 out of 5 stars","-3"
"225",11,"MarShawn Lloyd",GB,"RB71","5","Coach Upside rating","Coach Bust rating","4 out of 5 stars","+68"
"226",11,"New York Jets",NYJ,"DST14","9","Coach Upside rating–No rating available","Coach Bust rating–No rating available","5 out of 5 stars","+6"
"227",11,"Harrison Butker",KC,"K8","10","Coach Upside rating","Coach Bust rating","3 out of 5 stars","-44"
"228",11,"Jaylin Noel",HOU,"WR79","6","Coach Upside rating","Coach Bust rating","4 out of 5 stars","+43"
"229",11,"Evan McPherson",CIN,"K9","10","Coach Upside rating","Coach Bust rating","1 out of 5 stars","-28"
"230",11,"Ja'Tavion Sanders",CAR,"TE28","14","Coach Upside rating","Coach Bust rating","4 out of 5 stars","+26"
"231",11,"San Francisco 49ers",SF,"DST15","14","Coach Upside rating–No rating available","Coach Bust rating–No rating available","5 out of 5 stars","-38"
"232",11,"Tyler Bass",BUF,"K10","7","Coach Upside rating","Coach Bust rating","2 out of 5 stars","-29"
"233",11,"Jack Bech",LV,"WR80","8","Coach Upside rating","Coach Bust rating","4 out of 5 stars","+1"
"234",11,"Andrei Iosivas",CIN,"WR81","10","Coach Upside rating","Coach Bust rating","3 out of 5 stars","+44"
"235",11,"Tahj Brooks",CIN,"RB72","10","Coach Upside rating","Coach Bust rating","4 out of 5 stars","+4"
"236",11,"Miles Sanders",DAL,"RB73","10","Coach Upside rating","Coach Bust rating","2 out of 5 stars","+18"
"237",11,"Juwan Johnson",NO,"TE29","11","Coach Upside rating","Coach Bust rating","3 out of 5 stars","+44"
"238",11,"Calvin Austin III",PIT,"WR82","5","Coach Upside rating","Coach Bust rating","4 out of 5 stars","+65"
"239",11,"Elijah Arroyo",SEA,"TE30","8","Coach Upside rating","Coach Bust rating","4 out of 5 stars","-41"
"240",11,"Brashard Smith",KC,"RB74","10","Coach Upside rating","Coach Bust rating","2 out of 5 stars","+6"
"241",11,"Tyler Lockett",TEN,"WR83","10","Coach Upside rating","Coach Bust rating","4 out of 5 stars","+35"
"242",11,"Jake Elliott",PHI,"K11","9","Coach Upside rating","Coach Bust rating","2 out of 5 stars","-36"
"243",11,"Tory Horton",SEA,"WR84","8","Coach Upside rating","Coach Bust rating","3 out of 5 stars","+2"
"244",11,"Jarquez Hunter",LAR,"RB75","8","Coach Upside rating","Coach Bust rating","3 out of 5 stars","+20"
"245",11,"Jalen McMillan",TB,"WR85","9","Coach Upside rating","Coach Bust rating","3 out of 5 stars","+15"
"246",11,"Russell Wilson",NYG,"QB30","14","Coach Upside rating","Coach Bust rating","1 out of 5 stars","-2"
"247",11,"Dontayvion Wicks",GB,"WR86","5","Coach Upside rating","Coach Bust rating","2 out of 5 stars","+67"
"248",11,"Sean Tucker",TB,"RB76","9","Coach Upside rating","Coach Bust rating","3 out of 5 stars","+29"
"249",11,"Devin Neal",NO,"RB77","11","Coach Upside rating","Coach Bust rating","4 out of 5 stars","+45"
"250",11,"Jalen Royals",KC,"WR87","10","Coach Upside rating","Coach Bust rating","3 out of 5 stars","+33"
"251",11,"Dyami Brown",JAC,"WR88","8","Coach Upside rating","Coach Bust rating","4 out of 5 stars","+19"
"252",11,"Dont'e Thornton Jr.",LV,"WR89","8","Coach Upside rating","Coach Bust rating","4 out of 5 stars","-44"
"253",11,"Anthony Richardson Sr.",IND,"QB31","11","Coach Upside rating","Coach Bust rating","3 out of 5 stars","-11"
"254",11,"Younghoe Koo",ATL,"K12","5","Coach Upside rating","Coach Bust rating","4 out of 5 stars","-43"
"255",11,"Matt Gay",WAS,"K13","12","Coach Upside rating","Coach Bust rating","3 out of 5 stars","-36"
"256",11,"Isaac TeSlaa",DET,"WR90","8","Coach Upside rating","Coach Bust rating","3 out of 5 stars","-36"
"257",11,"Roman Wilson",PIT,"WR91","5","Coach Upside rating","Coach Bust rating","4 out of 5 stars","+28"
"258",11,"Raheem Mostert",LV,"RB78","8","Coach Upside rating","Coach Bust rating","2 out of 5 stars","+5"
"259",11,"Cole Kmet",CHI,"TE31","5","Coach Upside rating","Coach Bust rating","4 out of 5 stars","+46"
"260",11,"Jaleel McLaughlin",DEN,"RB79","12","Coach Upside rating","Coach Bust rating","2 out of 5 stars","+55"
"261",11,"Tampa Bay Buccaneers",TB,"DST16","9","Coach Upside rating–No rating available","Coach Bust rating–No rating available","3 out of 5 stars","-57"
"262",11,"Theo Johnson",NYG,"TE32","14","Coach Upside rating","Coach Bust rating","2 out of 5 stars","+25"
"263",11,"Joe Flacco",CLE,"QB32","9","Coach Upside rating","Coach Bust rating","2 out of 5 stars","-14"
"264",11,"Malik Washington",MIA,"WR92","12","Coach Upside rating","Coach Bust rating","3 out of 5 stars","+58"
"265",11,"Devaughn Vele",NO,"WR93","11","Coach Upside rating","Coach Bust rating","4 out of 5 stars","-"
"266",11,"Harold Fannin Jr.",CLE,"TE33","9","Coach Upside rating","Coach Bust rating","3 out of 5 stars","+13"
"267",12,"Dallas Cowboys",DAL,"DST17","10","Coach Upside rating–No rating available","Coach Bust rating–No rating available","0 out of 5 stars","-32"
"268",12,"Spencer Rattler",NO,"QB33","11","Coach Upside rating","Coach Bust rating","5 out of 5 stars","-9"
"269",12,"Trevor Etienne",CAR,"RB80","14","Coach Upside rating","Coach Bust rating","3 out of 5 stars","+43"
"270",12,"Elijah Mitchell",KC,"RB81","10","Coach Upside rating","Coach Bust rating","2 out of 5 stars","+18"
"271",12,"Kenneth Gainwell",PIT,"RB82","5","Coach Upside rating","Coach Bust rating","4 out of 5 stars","+36"
"272",12,"Amari Cooper",LV,"WR94","8","Coach Upside rating","Coach Bust rating","4 out of 5 stars","-45"
"273",12,"Tyler Shough",NO,"QB34","11","Coach Upside rating","Coach Bust rating","5 out of 5 stars","+54"
"274",12,"Devin Singletary",NYG,"RB83","14","Coach Upside rating","Coach Bust rating","3 out of 5 stars","+28"
"275",12,"Joshua Karty",LAR,"K14","8","Coach Upside rating","Coach Bust rating","2 out of 5 stars","-13"
"276",12,"Brandin Cooks",NO,"WR95","11","Coach Upside rating","Coach Bust rating","4 out of 5 stars","+78"
"277",12,"Jalen Tolbert",DAL,"WR96","10","Coach Upside rating","Coach Bust rating","2 out of 5 stars","+82"
"278",12,"Ty Johnson",BUF,"RB84","7","Coach Upside rating","Coach Bust rating","4 out of 5 stars","-"
"279",12,"Kayshon Boutte",NE,"WR97","14","Coach Upside rating","Coach Bust rating","3 out of 5 stars","+37"
"280",12,"Elijah Moore",BUF,"WR98","7","Coach Upside rating","Coach Bust rating","3 out of 5 stars","-"
"281",12,"Antonio Gibson",NE,"RB85","14","Coach Upside rating","Coach Bust rating","4 out of 5 stars","-6"
"282",12,"Jason Sanders",MIA,"K15","12","Coach Upside rating","Coach Bust rating","2 out of 5 stars","-14"
"283",12,"Noah Gray",KC,"TE34","10","Coach Upside rating","Coach Bust rating","3 out of 5 stars","+42"
"284",12,"Nick Westbrook-Ikhine",MIA,"WR99","12","Coach Upside rating","Coach Bust rating","3 out of 5 stars","-"
"285",12,"Isaiah Davis",NYJ,"RB86","9","Coach Upside rating","Coach Bust rating","5 out of 5 stars","-"
"286",12,"Darren Waller",MIA,"TE35","12","Coach Upside rating","Coach Bust rating","3 out of 5 stars","-86"
"287",12,"Tre Tucker",LV,"WR100","8","Coach Upside rating","Coach Bust rating","4 out of 5 stars","-"
"288",12,"Jaxson Dart",NYG,"QB35","14","Coach Upside rating","Coach Bust rating","1 out of 5 stars","-50"
"289",12,"Chicago Bears",CHI,"DST18","5","Coach Upside rating–No rating available","Coach Bust rating–No rating available","2 out of 5 stars","-49"
"290",12,"Jalen Nailor",MIN,"WR101","6","Coach Upside rating–No rating available","Coach Bust rating–No rating available","2 out of 5 stars","-"
"291",12,"Parker Washington",JAC,"WR102","8","Coach Upside rating","Coach Bust rating","4 out of 5 stars","-"
"292",12,"Jordan James",SF,"RB87","14","Coach Upside rating","Coach Bust rating","3 out of 5 stars","+16"
"293",12,"Emanuel Wilson",GB,"RB88","5","Coach Upside rating","Coach Bust rating","4 out of 5 stars","+7"
"294",12,"Cleveland Browns",CLE,"DST19","9","Coach Upside rating–No rating available","Coach Bust rating–No rating available","3 out of 5 stars","-27"
"295",12,"Tim Patrick",JAC,"WR103","8","Coach Upside rating","Coach Bust rating","4 out of 5 stars","-"
"296",12,"Chris Brooks",GB,"RB89","5","Coach Upside rating","Coach Bust rating","4 out of 5 stars","-"
"297",12,"Daniel Carlson",LV,"K16","8","Coach Upside rating","Coach Bust rating","3 out of 5 stars","-80"
"298",12,"Tyler Loop",BAL,"K17","7","Coach Upside rating","Coach Bust rating","2 out of 5 stars","-99"
"299",12,"Will Reichard",MIN,"K18","6","Coach Upside rating","Coach Bust rating","0 out of 5 stars","-74"
"300",12,"Christian Watson",GB,"WR104","5","Coach Upside rating","Coach Bust rating","2 out of 5 stars","+46"
"301",12,"Luke McCaffrey",WAS,"WR105","12","Coach Upside rating–No rating available","Coach Bust rating–No rating available","3 out of 5 stars","-"
"302",12,"New England Patriots",NE,"DST20","14","Coach Upside rating–No rating available","Coach Bust rating–No rating available","4 out of 5 stars","-72"
"303",12,"Terrance Ferguson",LAR,"TE36","8","Coach Upside rating","Coach Bust rating","4 out of 5 stars","-5"
"304",12,"Ty Chandler",MIN,"RB90","6","Coach Upside rating","Coach Bust rating","3 out of 5 stars","-"
"305",12,"Troy Franklin",DEN,"WR106","12","Coach Upside rating","Coach Bust rating","3 out of 5 stars","-47"
"306",12,"Xavier Restrepo",TEN,"WR107","10","Coach Upside rating","Coach Bust rating","4 out of 5 stars","+31"
"307",12,"Zamir White",LV,"RB91","8","Coach Upside rating","Coach Bust rating","2 out of 5 stars","-"
"308",12,"Arizona Cardinals",ARI,"DST21","8","Coach Upside rating–No rating available","Coach Bust rating–No rating available","4 out of 5 stars","-67"
"309",12,"Ray-Ray McCloud III",ATL,"WR108","5","Coach Upside rating","Coach Bust rating","3 out of 5 stars","-19"
"310",12,"Jermaine Burton",CIN,"WR109","10","Coach Upside rating","Coach Bust rating","3 out of 5 stars","-"
"311",12,"Audric Estime",PHI,"RB92","9","Coach Upside rating","Coach Bust rating","3 out of 5 stars","+46"
"312",13,"Diontae Johnson",FA,"WR110","-","Coach Upside rating","Coach Bust rating","-","+16"
"313",13,"Kimani Vidal",LAC,"RB93","12","Coach Upside rating","Coach Bust rating","2 out of 5 stars","-"
"314",13,"Noah Fant",CIN,"TE37","10","Coach Upside rating","Coach Bust rating","2 out of 5 stars","+41"
"315",13,"Tez Johnson",TB,"WR111","9","Coach Upside rating","Coach Bust rating","3 out of 5 stars","-"
"316",13,"Phil Mafah",DAL,"RB94","10","Coach Upside rating","Coach Bust rating","2 out of 5 stars","-"
"317",13,"Taysom Hill",NO,"TE38","11","Coach Upside rating","Coach Bust rating","3 out of 5 stars","+14"
"318",13,"Khalil Herbert",FA,"RB95","-","Coach Upside rating","Coach Bust rating","-","-"
"319",13,"Tutu Atwell",LAR,"WR112","8","Coach Upside rating","Coach Bust rating","3 out of 5 stars","-"
"320",13,"Tyler Higbee",LAR,"TE39","8","Coach Upside rating","Coach Bust rating","4 out of 5 stars","-31"
"321",13,"Sincere McCormick",SF,"RB96","14","Coach Upside rating","Coach Bust rating","3 out of 5 stars","-"
"322",13,"Samaje Perine",CIN,"RB97","10","Coach Upside rating","Coach Bust rating","4 out of 5 stars","-"
"323",13,"Damien Martinez",SEA,"RB98","8","Coach Upside rating","Coach Bust rating","3 out of 5 stars","-"
"324",13,"Oronde Gadsden II",LAC,"TE40","12","Coach Upside rating","Coach Bust rating","3 out of 5 stars","-44"
"325",13,"Raheim Sanders",CLE,"RB99","9","Coach Upside rating","Coach Bust rating","4 out of 5 stars","-"
"326",13,"Ben Sinnott",WAS,"TE41","12","Coach Upside rating","Coach Bust rating","3 out of 5 stars","+23"
"327",13,"A.J. Dillon",PHI,"RB100","9","Coach Upside rating","Coach Bust rating","3 out of 5 stars","-"
"328",13,"Shedeur Sanders",CLE,"QB36","9","Coach Upside rating","Coach Bust rating","2 out of 5 stars","-134"
"329",13,"Jordan Whittington",LAR,"WR113","8","Coach Upside rating","Coach Bust rating","3 out of 5 stars","+19"
"330",13,"Josh Reynolds",NYJ,"WR114","9","Coach Upside rating","Coach Bust rating","4 out of 5 stars","-"
"331",13,"Tyler Conklin",LAC,"TE42","12","Coach Upside rating","Coach Bust rating","3 out of 5 stars","-47"
"332",13,"Will Dissly",LAC,"TE43","12","Coach Upside rating","Coach Bust rating","3 out of 5 stars","-"
"333",13,"Jason Myers",SEA,"K19","8","Coach Upside rating","Coach Bust rating","5 out of 5 stars","-"
"334",13,"Miami Dolphins",MIA,"DST22","12","Coach Upside rating–No rating available","Coach Bust rating–No rating available","2 out of 5 stars","-98"
"335",13,"Noah Brown",WAS,"WR115","12","Coach Upside rating","Coach Bust rating","3 out of 5 stars","-"
"336",13,"Brandon McManus",GB,"K20","5","Coach Upside rating","Coach Bust rating","3 out of 5 stars","-107"
"337",13,"KaVontae Turpin",DAL,"WR116","10","Coach Upside rating","Coach Bust rating","2 out of 5 stars","-"
"338",13,"AJ Barner",SEA,"TE44","8","Coach Upside rating","Coach Bust rating","4 out of 5 stars","-"
"339",13,"Cam Little",JAC,"K21","8","Coach Upside rating","Coach Bust rating","5 out of 5 stars","-150"
"340",13,"Jalen Milroe",SEA,"QB37","8","Coach Upside rating","Coach Bust rating","4 out of 5 stars","-10"
"341",13,"Jaylin Lane",WAS,"WR117","12","Coach Upside rating","Coach Bust rating","3 out of 5 stars","-"
"342",13,"Olamide Zaccheaus",CHI,"WR118","5","Coach Upside rating","Coach Bust rating","2 out of 5 stars","-"
"343",13,"Gabe Davis",FA,"WR119","-","Coach Upside rating","Coach Bust rating","-","-"
"344",13,"Zack Moss",FA,"RB101","-","Coach Upside rating","Coach Bust rating","-","-"
"345",13,"Michael Mayer",LV,"TE45","8","Coach Upside rating","Coach Bust rating","2 out of 5 stars","-"
"346",13,"Isaiah Bond",CLE,"WR120","9","Coach Upside rating","Coach Bust rating","2 out of 5 stars","-"
"347",13,"New York Giants",NYG,"DST23","14","Coach Upside rating–No rating available","Coach Bust rating–No rating available","1 out of 5 stars","-133"
"348",13,"Demarcus Robinson",SF,"WR121","14","Coach Upside rating","Coach Bust rating","4 out of 5 stars","-"
"349",13,"John Metchie III",PHI,"WR122","9","Coach Upside rating","Coach Bust rating","3 out of 5 stars","-"
"350",13,"KeAndre Lambert-Smith",LAC,"WR123","12","Coach Upside rating","Coach Bust rating","3 out of 5 stars","-31"
"351",13,"Dawson Knox",BUF,"TE46","7","Coach Upside rating","Coach Bust rating","3 out of 5 stars","-"
"352",13,"Kalel Mullings",TEN,"RB102","10","Coach Upside rating","Coach Bust rating","2 out of 5 stars","-"
"353",13,"Tai Felton",MIN,"WR124","6","Coach Upside rating","Coach Bust rating","2 out of 5 stars","-"
"354",13,"Jake Moody",SF,"K22","14","Coach Upside rating","Coach Bust rating","5 out of 5 stars","-107"
"355",13,"Luke Musgrave",GB,"TE47","5","Coach Upside rating","Coach Bust rating","2 out of 5 stars","-"
"356",13,"Chimere Dike",TEN,"WR125","10","Coach Upside rating","Coach Bust rating","4 out of 5 stars","-"
"357",13,"Austin Hooper",NE,"TE48","14","Coach Upside rating","Coach Bust rating","3 out of 5 stars","-"
"358",13,"Savion Williams",GB,"WR126","5","Coach Upside rating","Coach Bust rating","2 out of 5 stars","-"
"359",13,"Curtis Samuel",BUF,"WR127","7","Coach Upside rating","Coach Bust rating","3 out of 5 stars","-"
"360",13,"Kirk Cousins",ATL,"QB38","5","Coach Upside rating","Coach Bust rating","4 out of 5 stars","-95"
"361",13,"Gunnar Helm",TEN,"TE49","10","Coach Upside rating","Coach Bust rating","3 out of 5 stars","-"
"362",13,"Marquez Valdes-Scantling",SF,"WR128","14","Coach Upside rating","Coach Bust rating","4 out of 5 stars","-"
"363",13,"Washington Commanders",WAS,"DST24","12","Coach Upside rating–No rating available","Coach Bust rating–No rating available","4 out of 5 stars","-161"
"364",13,"LeQuint Allen Jr.",JAC,"RB103","8","Coach Upside rating","Coach Bust rating","2 out of 5 stars","-"
"365",14,"Justin Tucker",FA,"K23","-","Coach Upside rating","Coach Bust rating","-","-"
"366",14,"Gus Edwards",FA,"RB104","-","Coach Upside rating","Coach Bust rating","-","-"
"367",14,"Jameis Winston",NYG,"QB39","14","Coach Upside rating","Coach Bust rating","1 out of 5 stars","-"
"368",14,"Jahan Dotson",PHI,"WR129","9","Coach Upside rating","Coach Bust rating","3 out of 5 stars","-"
"369",14,"Mack Hollins",NE,"WR130","14","Coach Upside rating","Coach Bust rating","3 out of 5 stars","-"
"370",14,"Emari Demercado",ARI,"RB105","8","Coach Upside rating","Coach Bust rating","3 out of 5 stars","-"
"371",14,"Zay Jones",ARI,"WR131","8","Coach Upside rating","Coach Bust rating","4 out of 5 stars","-"
"372",14,"Allen Lazard",NYJ,"WR132","9","Coach Upside rating","Coach Bust rating","4 out of 5 stars","-"
"373",14,"Van Jefferson",TEN,"WR133","10","Coach Upside rating–No rating available","Coach Bust rating–No rating available","4 out of 5 stars","-"
"374",14,"Cade Stover",HOU,"TE50","6","Coach Upside rating","Coach Bust rating","3 out of 5 stars","-"
"375",14,"Cam Akers",FA,"RB106","-","Coach Upside rating","Coach Bust rating","-","-"
"376",14,"Dillon Gabriel",CLE,"QB40","9","Coach Upside rating","Coach Bust rating","2 out of 5 stars","-"
"377",14,"Jimmy Garoppolo",LAR,"QB41","8","Coach Upside rating","Coach Bust rating","3 out of 5 stars","-"
"378",14,"Luke Schoonmaker",DAL,"TE51","10","Coach Upside rating","Coach Bust rating","2 out of 5 stars","-"
"379",14,"Tommy Tremble",CAR,"TE52","14","Coach Upside rating","Coach Bust rating","4 out of 5 stars","-"
"380",14,"Jamari Thrash",CLE,"WR134","9","Coach Upside rating","Coach Bust rating","2 out of 5 stars","-"
"381",14,"Greg Dortch",ARI,"WR135","8","Coach Upside rating","Coach Bust rating","4 out of 5 stars","-"
"382",14,"Josh Oliver",MIN,"TE53","6","Coach Upside rating","Coach Bust rating","3 out of 5 stars","-"
"383",14,"Tank Dell",HOU,"WR136","6","Coach Upside rating","Coach Bust rating","4 out of 5 stars","-"
"384",14,"Foster Moreau",NO,"TE54","11","Coach Upside rating","Coach Bust rating","3 out of 5 stars","-"
"385",14,"Donovan Edwards",WAS,"RB107","12","Coach Upside rating","Coach Bust rating","2 out of 5 stars","-"
"386",14,"Kyle Juszczyk",SF,"RB108","14","Coach Upside rating","Coach Bust rating","3 out of 5 stars","-"
"387",14,"Craig Reynolds",DET,"RB109","8","Coach Upside rating","Coach Bust rating","2 out of 5 stars","-"
"388",14,"Chad Ryland",ARI,"K24","8","Coach Upside rating","Coach Bust rating","3 out of 5 stars","-"
"389",14,"Atlanta Falcons",ATL,"DST25","5","Coach Upside rating–No rating available","Coach Bust rating–No rating available","3 out of 5 stars","-"
"390",14,"Julius Chestnut",TEN,"RB110","10","Coach Upside rating–No rating available","Coach Bust rating–No rating available","2 out of 5 stars","-"
"391",14,"Indianapolis Colts",IND,"DST26","11","Coach Upside rating–No rating available","Coach Bust rating–No rating available","4 out of 5 stars","-55"
"392",14,"JuJu Smith-Schuster",KC,"WR137","10","Coach Upside rating","Coach Bust rating","3 out of 5 stars","-"
"393",14,"Jeremy Ruckert",NYJ,"TE55","9","Coach Upside rating","Coach Bust rating","3 out of 5 stars","-"
"394",14,"Cairo Santos",CHI,"K25","5","Coach Upside rating","Coach Bust rating","1 out of 5 stars","-"
"395",14,"Tyrod Taylor",NYJ,"QB42","9","Coach Upside rating","Coach Bust rating","5 out of 5 stars","-"
"396",14,"Trey Sermon",PIT,"RB111","5","Coach Upside rating","Coach Bust rating","4 out of 5 stars","-"
"397",14,"Jeremy McNichols",WAS,"RB112","12","Coach Upside rating","Coach Bust rating","2 out of 5 stars","-"
"398",14,"Joe Milton III",DAL,"QB43","10","Coach Upside rating","Coach Bust rating","2 out of 5 stars","-"
"399",14,"Hunter Renfrow",CAR,"WR138","14","Coach Upside rating","Coach Bust rating","4 out of 5 stars","-"
"400",14,"Arian Smith",NYJ,"WR139","9","Coach Upside rating–No rating available","Coach Bust rating–No rating available","4 out of 5 stars","-"
"401",14,"Eddy Pineiro",FA,"K26","-","Coach Upside rating","Coach Bust rating","-","-"
"402",14,"Jacob Cowing",SF,"WR140","14","Coach Upside rating","Coach Bust rating","4 out of 5 stars","-"
"403",14,"Antwane Wells Jr.",FA,"WR141","-","Coach Upside rating–No rating available","Coach Bust rating–No rating available","-","-"
"404",14,"Kalif Raymond",DET,"WR142","8","Coach Upside rating–No rating available","Coach Bust rating–No rating available","3 out of 5 stars","-"
"405",14,"Kenny Pickett",LV,"QB44","8","Coach Upside rating","Coach Bust rating","3 out of 5 stars","-"
"406",14,"Grant Calcaterra",PHI,"TE56","9","Coach Upside rating","Coach Bust rating","3 out of 5 stars","-"
"407",14,"Cincinnati Bengals",CIN,"DST27","10","Coach Upside rating–No rating available","Coach Bust rating–No rating available","2 out of 5 stars","-152"
"408",14,"George Holani",SEA,"RB113","8","Coach Upside rating–No rating available","Coach Bust rating–No rating available","3 out of 5 stars","-"
"409",14,"Efton Chism III",NE,"WR143","14","Coach Upside rating","Coach Bust rating","3 out of 5 stars","-"
"410",14,"Dare Ogunbowale",HOU,"RB114","6","Coach Upside rating–No rating available","Coach Bust rating–No rating available","2 out of 5 stars","-"
"411",14,"Mitchell Evans",CAR,"TE57","14","Coach Upside rating–No rating available","Coach Bust rating–No rating available","4 out of 5 stars","-"
"412",14,"Theo Wease Jr.",MIA,"WR144","12","Coach Upside rating","Coach Bust rating","3 out of 5 stars","-"
"413",14,"Stone Smartt",NYJ,"TE58","9","Coach Upside rating–No rating available","Coach Bust rating–No rating available","3 out of 5 stars","-"
"414",14,"Tyquan Thornton",KC,"WR145","10","Coach Upside rating–No rating available","Coach Bust rating–No rating available","3 out of 5 stars","-"
"415",14,"Matt Prater",FA,"K27","-","Coach Upside rating","Coach Bust rating","-","-"
"416",14,"Jalin Hyatt",NYG,"WR146","14","Coach Upside rating–No rating available","Coach Bust rating–No rating available","2 out of 5 stars","-"
"417",14,"Mason Rudolph",PIT,"QB45","5","Coach Upside rating–No rating available","Coach Bust rating–No rating available","4 out of 5 stars","-"
"418",14,"Hassan Haskins",LAC,"RB115","12","Coach Upside rating–No rating available","Coach Bust rating–No rating available","2 out of 5 stars","-"
"419",14,"Darnell Washington",PIT,"TE59","5","Coach Upside rating–No rating available","Coach Bust rating–No rating available","3 out of 5 stars","-"
"420",14,"Tyler Goodson",IND,"RB116","11","Coach Upside rating–No rating available","Coach Bust rating–No rating available","2 out of 5 stars","-"
"421",14,"Xavier Hutchinson",HOU,"WR147","6","Coach Upside rating–No rating available","Coach Bust rating–No rating available","4 out of 5 stars","-"
"422",14,"Ja'Quinden Jackson",JAC,"RB117","8","Coach Upside rating–No rating available","Coach Bust rating–No rating available","2 out of 5 stars","-"
"423",14,"Jordan Watkins",SF,"WR148","14","Coach Upside rating–No rating available","Coach Bust rating–No rating available","4 out of 5 stars","-"
"424",14,"Devontez Walker",BAL,"WR149","7","Coach Upside rating–No rating available","Coach Bust rating–No rating available","3 out of 5 stars","-"
"425",14,"Elijah Higgins",ARI,"TE60","8","Coach Upside rating–No rating available","Coach Bust rating–No rating available","5 out of 5 stars","-"
"426",14,"Jonathon Brooks",CAR,"RB118","14","Coach Upside rating–No rating available","Coach Bust rating–No rating available","3 out of 5 stars","-"
"427",14,"KhaDarel Hodge",ATL,"WR150","5","Coach Upside rating–No rating available","Coach Bust rating–No rating available","3 out of 5 stars","-"
"428",14,"Las Vegas Raiders",LV,"DST28","8","Coach Upside rating–No rating available","Coach Bust rating–No rating available","4 out of 5 stars","-89"
"429",14,"Blake Grupe",NO,"K28","11","Coach Upside rating–No rating available","Coach Bust rating–No rating available","5 out of 5 stars","-"
"430",14,"Tyler Badie",DEN,"RB119","12","Coach Upside rating–No rating available","Coach Bust rating–No rating available","2 out of 5 stars","-"
"431",14,"Malik Willis",GB,"QB46","5","Coach Upside rating–No rating available","Coach Bust rating–No rating available","2 out of 5 stars","-"
"432",15,"Jacksonville Jaguars",JAC,"DST29","8","Coach Upside rating–No rating available","Coach Bust rating–No rating available","4 out of 5 stars","-91"
"433",15,"Sterling Shepard",TB,"WR151","9","Coach Upside rating–No rating available","Coach Bust rating–No rating available","3 out of 5 stars","-"
"434",15,"Aidan O'Connell",LV,"QB47","8","Coach Upside rating–No rating available","Coach Bust rating–No rating available","3 out of 5 stars","-"
"435",15,"D'Ernest Johnson",FA,"RB120","-","Coach Upside rating–No rating available","Coach Bust rating–No rating available","-","-"
"436",15,"Alec Ingold",MIA,"RB121","12","Coach Upside rating–No rating available","Coach Bust rating–No rating available","4 out of 5 stars","-"
"437",15,"Clyde Edwards-Helaire",KC,"RB122","10","Coach Upside rating–No rating available","Coach Bust rating–No rating available","2 out of 5 stars","-"
"438",15,"Greg Dulcich",MIA,"TE61","12","Coach Upside rating–No rating available","Coach Bust rating–No rating available","3 out of 5 stars","-"
"439",15,"Malachi Corley",CLE,"WR152","9","Coach Upside rating–No rating available","Coach Bust rating–No rating available","2 out of 5 stars","-"
"440",15,"Robert Woods",PIT,"WR153","5","Coach Upside rating","Coach Bust rating","4 out of 5 stars","-"
"441",15,"Jimmy Horn Jr.",CAR,"WR154","14","Coach Upside rating–No rating available","Coach Bust rating–No rating available","4 out of 5 stars","-"
"442",15,"Casey Washington",ATL,"WR155","5","Coach Upside rating–No rating available","Coach Bust rating–No rating available","3 out of 5 stars","-"
"443",15,"Gardner Minshew II",KC,"QB48","10","Coach Upside rating–No rating available","Coach Bust rating–No rating available","3 out of 5 stars","-"
"444",15,"Skyy Moore",SF,"WR156","14","Coach Upside rating–No rating available","Coach Bust rating–No rating available","4 out of 5 stars","-"
"445",15,"New Orleans Saints",NO,"DST30","11","Coach Upside rating–No rating available","Coach Bust rating–No rating available","4 out of 5 stars","-102"
"446",15,"Deshaun Watson",CLE,"QB49","9","Coach Upside rating–No rating available","Coach Bust rating–No rating available","2 out of 5 stars","-"
"447",15,"Carolina Panthers",CAR,"DST31","14","Coach Upside rating–No rating available","Coach Bust rating–No rating available","3 out of 5 stars","-"
"448",15,"Tennessee Titans",TEN,"DST32","10","Coach Upside rating–No rating available","Coach Bust rating–No rating available","5 out of 5 stars","-179"
"449",15,"Javon Baker",PHI,"WR157","9","Coach Upside rating–No rating available","Coach Bust rating–No rating available","3 out of 5 stars","-"
"450",15,"Colby Parkinson",LAR,"TE62","8","Coach Upside rating–No rating available","Coach Bust rating–No rating available","4 out of 5 stars","-"
"451",15,"Andy Dalton",CAR,"QB50","14","Coach Upside rating–No rating available","Coach Bust rating–No rating available","3 out of 5 stars","-"
"452",15,"Cooper Rush",BAL,"QB51","7","Coach Upside rating–No rating available","Coach Bust rating–No rating available","3 out of 5 stars","-"
"453",15,"Carson Steele",KC,"RB123","10","Coach Upside rating–No rating available","Coach Bust rating–No rating available","2 out of 5 stars","-"
"454",15,"John Bates",WAS,"TE63","12","Coach Upside rating–No rating available","Coach Bust rating–No rating available","3 out of 5 stars","-"
"455",15,"Spencer Shrader",IND,"K29","11","Coach Upside rating–No rating available","Coach Bust rating–No rating available","5 out of 5 stars","-"
"456",15,"Zach Wilson",MIA,"QB52","12","Coach Upside rating–No rating available","Coach Bust rating–No rating available","5 out of 5 stars","-"
"457",15,"Pierre Strong Jr.",FA,"RB124","-","Coach Upside rating","Coach Bust rating","-","-"
"458",15,"Sam Howell",PHI,"QB53","9","Coach Upside rating–No rating available","Coach Bust rating–No rating available","3 out of 5 stars","-"
"459",15,"Trey Lance",LAC,"QB54","12","Coach Upside rating–No rating available","Coach Bust rating–No rating available","3 out of 5 stars","-"
"460",15,"Jake Browning",CIN,"QB55","10","Coach Upside rating–No rating available","Coach Bust rating–No rating available","2 out of 5 stars","-"
"461",15,"Jake Bobo",SEA,"WR158","8","Coach Upside rating–No rating available","Coach Bust rating–No rating available","3 out of 5 stars","-"
"462",15,"Andy Borregales",NE,"K30","14","Coach Upside rating–No rating available","Coach Bust rating–No rating available","4 out of 5 stars","-"
"463",15,"Marcus Mariota",WAS,"QB56","12","Coach Upside rating–No rating available","Coach Bust rating–No rating available","2 out of 5 stars","-"
"464",15,"Matthew Wright",FA,"K31","-","Coach Upside rating–No rating available","Coach Bust rating–No rating available","-","-"
"465",15,"Russell Gage Jr.",SF,"WR159","14","Coach Upside rating–No rating available","Coach Bust rating–No rating available","4 out of 5 stars","-"
"466",15,"Daniel Bellinger",NYG,"TE64","14","Coach Upside rating–No rating available","Coach Bust rating–No rating available","2 out of 5 stars","-"
"467",15,"Payne Durham",TB,"TE65","9","Coach Upside rating–No rating available","Coach Bust rating–No rating available","3 out of 5 stars","-"
"468",15,"Hunter Luepke",DAL,"RB125","10","Coach Upside rating–No rating available","Coach Bust rating–No rating available","2 out of 5 stars","-"
"469",15,"Michael Carter",ARI,"RB126","8","Coach Upside rating–No rating available","Coach Bust rating–No rating available","3 out of 5 stars","-"
"470",15,"Scotty Miller",PIT,"WR160","5","Coach Upside rating–No rating available","Coach Bust rating–No rating available","4 out of 5 stars","-"
"471",15,"Jonathan Mingo",DAL,"WR161","10","Coach Upside rating–No rating available","Coach Bust rating–No rating available","2 out of 5 stars","-"
"472",15,"Kendrick Bourne",FA,"WR162","-","Coach Upside rating","Coach Bust rating","-","-"
"473",15,"David Bell",CLE,"WR163","9","Coach Upside rating–No rating available","Coach Bust rating–No rating available","2 out of 5 stars","-"
"474",15,"Tanner Hudson",CIN,"TE66","10","Coach Upside rating–No rating available","Coach Bust rating–No rating available","2 out of 5 stars","-"
"475",15,"David Moore",CAR,"WR164","14","Coach Upside rating–No rating available","Coach Bust rating–No rating available","4 out of 5 stars","-"
"476",15,"Chris Tyree",NO,"RB127","11","Coach Upside rating–No rating available","Coach Bust rating–No rating available","4 out of 5 stars","-"
"477",15,"Jake Haener",NO,"QB57","11","Coach Upside rating–No rating available","Coach Bust rating–No rating available","5 out of 5 stars","-"
"478",15,"Brock Wright",DET,"TE67","8","Coach Upside rating–No rating available","Coach Bust rating–No rating available","3 out of 5 stars","-"
"479",15,"Tyler Johnson",NYJ,"WR165","9","Coach Upside rating–No rating available","Coach Bust rating–No rating available","4 out of 5 stars","-"
"480",15,"Julian Hill",MIA,"TE68","12","Coach Upside rating–No rating available","Coach Bust rating–No rating available","3 out of 5 stars","-"
"481",15,"Tyrell Shavers",BUF,"WR166","7","Coach Upside rating–No rating available","Coach Bust rating–No rating available","3 out of 5 stars","-"
"482",15,"Tanner McKee",PHI,"QB58","9","Coach Upside rating–No rating available","Coach Bust rating–No rating available","3 out of 5 stars","-"
"483",15,"Thomas Fidone II",NYG,"TE69","14","Coach Upside rating–No rating available","Coach Bust rating–No rating available","2 out of 5 stars","-"
"484",15,"Graham Gano",NYG,"K32","14","Coach Upside rating–No rating available","Coach Bust rating–No rating available","0 out of 5 stars","-"
"485",15,"Harrison Bryant",HOU,"TE70","6","Coach Upside rating–No rating available","Coach Bust rating–No rating available","3 out of 5 stars","-"
"486",15,"Tyson Bagent",CHI,"QB59","5","Coach Upside rating–No rating available","Coach Bust rating–No rating available","2 out of 5 stars","-"
"487",15,"DeAndre Carter",CLE,"WR167","9","Coach Upside rating–No rating available","Coach Bust rating–No rating available","2 out of 5 stars","-"
"488",15,"Jacoby Brissett",ARI,"QB60","8","Coach Upside rating–No rating available","Coach Bust rating–No rating available","4 out of 5 stars","-"
"489",15,"Carson Wentz",MIN,"QB61","6","Coach Upside rating–No rating available","Coach Bust rating–No rating available","2 out of 5 stars","-"
"490",15,"Adam Trautman",DEN,"TE71","12","Coach Upside rating–No rating available","Coach Bust rating–No rating available","3 out of 5 stars","-"
"491",15,"Trent Sherfield Sr.",DEN,"WR168","12","Coach Upside rating–No rating available","Coach Bust rating–No rating available","3 out of 5 stars","-"
"492",15,"Patrick Ricard",BAL,"RB128","7","Coach Upside rating–No rating available","Coach Bust rating–No rating available","4 out of 5 stars","-"
"493",15,"Sione Vaki",DET,"RB129","8","Coach Upside rating–No rating available","Coach Bust rating–No rating available","2 out of 5 stars","-"
"494",15,"Ricky White III",SEA,"WR169","8","Coach Upside rating–No rating available","Coach Bust rating–No rating available","3 out of 5 stars","-"
"495",15,"Drew Lock",SEA,"QB62","8","Coach Upside rating–No rating available","Coach Bust rating–No rating available","4 out of 5 stars","-"
"496",15,"Kyle Trask",FA,"QB63","-","Coach Upside rating–No rating available","Coach Bust rating–No rating available","-","-"
"497",15,"Joshua Dobbs",NE,"QB64","14","Coach Upside rating–No rating available","Coach Bust rating–No rating available","5 out of 5 stars","-"
"498",15,"C.J. Ham",MIN,"RB130","6","Coach Upside rating–No rating available","Coach Bust rating–No rating available","3 out of 5 stars","-"
"499",15,"Marcus Yarns",FA,"RB131","-","Coach Upside rating–No rating available","Coach Bust rating–No rating available","-","-"
"500",15,"Troy Hairston II",FA,"RB132","-","Coach Upside rating–No rating available","Coach Bust rating–No rating available","-","-"
"501",15,"Mac Jones",SF,"QB65","14","Coach Upside rating–No rating available","Coach Bust rating–No rating available","4 out of 5 stars","-"
"502",15,"Jeff Wilson Jr.",MIA,"RB133","12","Coach Upside rating–No rating available","Coach Bust rating–No rating available","4 out of 5 stars","-"
"503",15,"Rasheen Ali",BAL,"RB134","7","Coach Upside rating–No rating available","Coach Bust rating–No rating available","4 out of 5 stars","-"
"504",15,"Taylor Heinicke",FA,"QB66","-","Coach Upside rating–No rating available","Coach Bust rating–No rating available","-","-"
"505",15,"Luke Farrell",SF,"TE72","14","Coach Upside rating–No rating available","Coach Bust rating–No rating available","3 out of 5 stars","-"
"506",15,"Dylan Laube",LV,"RB135","8","Coach Upside rating–No rating available","Coach Bust rating–No rating available","2 out of 5 stars","-"
"507",15,"Konata Mumpfield",LAR,"WR170","8","Coach Upside rating–No rating available","Coach Bust rating–No rating available","3 out of 5 stars","-"
"508",15,"Will Howard",PIT,"QB67","5","Coach Upside rating–No rating available","Coach Bust rating–No rating available","4 out of 5 stars","-"
"509",15,"Cordarrelle Patterson",FA,"RB136","-","Coach Upside rating–No rating available","Coach Bust rating–No rating available","-","-"
"510",15,"Josh Williams",TB,"RB137","9","Coach Upside rating–No rating available","Coach Bust rating–No rating available","3 out of 5 stars","-"
"511",15,"Carlos Washington Jr.",ATL,"RB138","5","Coach Upside rating–No rating available","Coach Bust rating–No rating available","4 out of 5 stars","-"
"512",15,"Tylan Wallace",BAL,"WR171","7","Coach Upside rating–No rating available","Coach Bust rating–No rating available","3 out of 5 stars","-"
"513",15,"Charlie Kolar",BAL,"TE73","7","Coach Upside rating–No rating available","Coach Bust rating–No rating available","3 out of 5 stars","-"
"514",15,"DJ Chark Jr.",FA,"WR172","-","Coach Upside rating–No rating available","Coach Bust rating–No rating available","-","-"
"515",15,"Kyle Allen",DET,"QB68","8","Coach Upside rating–No rating available","Coach Bust rating–No rating available","2 out of 5 stars","-"
"516",15,"Eric Gray",NYG,"RB139","14","Coach Upside rating–No rating available","Coach Bust rating–No rating available","3 out of 5 stars","-"
"517",16,"Beaux Collins",NYG,"WR173","14","Coach Upside rating–No rating available","Coach Bust rating–No rating available","2 out of 5 stars","-"
"518",16,"Mecole Hardman Jr.",GB,"WR174","5","Coach Upside rating–No rating available","Coach Bust rating–No rating available","2 out of 5 stars","-"
"519",16,"Ainias Smith",CAR,"WR175","14","Coach Upside rating–No rating available","Coach Bust rating–No rating available","4 out of 5 stars","-"
"520",16,"Ian Thomas",LV,"TE74","8","Coach Upside rating–No rating available","Coach Bust rating–No rating available","2 out of 5 stars","-"
"521",16,"Johnny Mundt",JAC,"TE75","8","Coach Upside rating–No rating available","Coach Bust rating–No rating available","3 out of 5 stars","-"
"522",16,"Derius Davis",LAC,"WR176","12","Coach Upside rating–No rating available","Coach Bust rating–No rating available","3 out of 5 stars","-"
"523",16,"Andrew Beck",NYJ,"TE76","9","Coach Upside rating–No rating available","Coach Bust rating–No rating available","3 out of 5 stars","-"
"524",16,"Michael Burton",DEN,"RB140","12","Coach Upside rating–No rating available","Coach Bust rating–No rating available","2 out of 5 stars","-"
"525",16,"Lucky Jackson",MIN,"WR177","6","Coach Upside rating–No rating available","Coach Bust rating–No rating available","2 out of 5 stars","-"
"526",16,"Kylen Granson",PHI,"TE77","9","Coach Upside rating–No rating available","Coach Bust rating–No rating available","3 out of 5 stars","-"
"527",16,"Hendon Hooker",CAR,"QB69","14","Coach Upside rating–No rating available","Coach Bust rating–No rating available","3 out of 5 stars","-"
"528",16,"Mitchell Trubisky",BUF,"QB70","7","Coach Upside rating–No rating available","Coach Bust rating–No rating available","4 out of 5 stars","-"
"529",16,"Ben Skowronek",PIT,"WR178","5","Coach Upside rating–No rating available","Coach Bust rating–No rating available","4 out of 5 stars","-"
"530",16,"Nick Nash",ATL,"WR179","5","Coach Upside rating–No rating available","Coach Bust rating–No rating available","3 out of 5 stars","-"
"531",16,"Charlie Woerner",ATL,"TE78","5","Coach Upside rating–No rating available","Coach Bust rating–No rating available","3 out of 5 stars","-"
"532",16,"DeeJay Dallas",CAR,"RB141","14","Coach Upside rating–No rating available","Coach Bust rating–No rating available","3 out of 5 stars","-"
"533",16,"Velus Jones Jr.",NO,"WR180","11","Coach Upside rating–No rating available","Coach Bust rating–No rating available","4 out of 5 stars","-"
"534",16,"Jakob Johnson",HOU,"RB142","6","Coach Upside rating–No rating available","Coach Bust rating–No rating available","2 out of 5 stars","-"
"535",16,"Simi Fehoko",ARI,"WR181","8","Coach Upside rating–No rating available","Coach Bust rating–No rating available","4 out of 5 stars","-"
"536",16,"Corey Kiner",SF,"RB143","14","Coach Upside rating–No rating available","Coach Bust rating–No rating available","3 out of 5 stars","-"
"537",16,"Drew Sample",CIN,"TE79","10","Coach Upside rating–No rating available","Coach Bust rating–No rating available","2 out of 5 stars","-"
"538",16,"K.J. Osborn",FA,"WR182","-","Coach Upside rating–No rating available","Coach Bust rating–No rating available","-","-"
"539",16,"Michael Gallup",FA,"WR183","-","Coach Upside rating–No rating available","Coach Bust rating–No rating available","-","-"
"540",16,"Frank Gore Jr.",BUF,"RB144","7","Coach Upside rating–No rating available","Coach Bust rating–No rating available","4 out of 5 stars","-"