Name,Team,Barrel%,CSW%,Starting,Relieving,SO,TBF,GS,SV,xFIP-,Stuff+,Location+,Pitching+,NameASCII,PlayerId,MLBAMID
"Porter Hodge","CHC",0,0.66666667,,0.5671711656355768,4,5,0,0,-68.8981863230596,96.47333333333333,126.68,130.06,"Porter Hodge",26413,687863
"Dillon Tate","BAL",0,0.59090909,,0.8838400718442778,4,7,0,0,5.561923897479097,109.0318181818182,118.61818181818184,125.84545454545454,"Dillon Tate",17796,622253
"Josh Hader","HOU",0.125,0.39759036,,3.826047938885765,10,19,0,2,23.42282667692653,133.444578313253,107.49277108433735,123.63012048192772,"Josh Hader",14212,623352
"Cade Smith","CLE",0.14285714,0.45,,2.7645631385172997,9,16,0,1,0.12740608497419897,120.36238095238096,120.27714285714286,122.56261904761905,"Cade Smith",27867,671922
"Orion Kerkering","PHI",0.05882353,0.2970297,,2.0055903070082777,7,26,0,0,60.28511570954528,128.7772277227723,116.43960396039604,122.24455445544555,"Orion Kerkering",31776,689147
"Emmanuel Clase","CLE",0,0.29357798,,1.941847442356139,6,26,0,5,71.51250004684394,144.6330275229358,110.74220183486237,121.56697247706421,"Emmanuel Clase",21032,661403
"Trevor Megill","MIL",0.11111111,0.37804878,,2.0615797820171347,10,19,0,4,13.82082041642617,158.53658536585365,102.40000000000002,121.11219512195123,"Trevor Megill",17722,656730
"Elvis Peguero","MIL",0.23076923,0.36231884,,1.569953670382388,5,19,0,0,79.80465152264695,146.6478260869565,114.42463768115942,120.26521739130433,"Elvis Peguero",21652,665625
"Ian Hamilton","NYY",0.09090909,0.32258065,,0.1622805956949543,5,16,0,0,55.47206442563141,123.69838709677418,124.25483870967744,119.44032258064514,"Ian Hamilton",19261,641656
"Ryne Stanek","SEA",0,0.31578947,,1.807484086550971,4,17,0,0,55.72679744663592,143.53157894736844,106.60877192982457,118.97368421052632,"Ryne Stanek",15947,592773
"Daniel Hudson","LAD",0.14285714,0.35087719,,1.580366004483715,5,12,0,1,43.900686827940035,110.4982456140351,116.05614035087719,118.90526315789472,"Daniel Hudson",7146,543339
"Hunter Gaddis","CLE",0,0.3373494,,2.7265657274560633,7,22,0,0,73.75039742876794,112,112.78192771084336,118.89277108433735,"Hunter Gaddis",25636,683769
"Cole Winn","TEX",0.08333333,0.26315789,,-0.8599120911963501,1,13,0,0,85.93595380692182,113.35000000000001,111.8,118.27368421052631,"Cole Winn",22113,668390
"Burch Smith","MIA",0.08333333,0.3255814,,0.760521562784336,3,15,0,0,86.74138980645833,112.33488372093025,111.32790697674419,118.21627906976742,"Burch Smith",12784,572143
"Stephen Kolek","SDP",0.125,0.21126761,,-0.38178472219240267,2,18,0,0,89.74184314029158,97.92039825157843,119.65730937348228,117.20670228266148,"Stephen Kolek",21487,663568
"Nick Pivetta","BOS",0.10810811,0.29130435,2.0770767487363075,,19,59,3,0,76.77536966528177,146.5208695652174,110.15565217391304,116.28956521739131,"Nick Pivetta",15454,601713
"Tyson Miller","CHC",0.13333333,0.32432432,,1.200048944240224,5,21,0,0,79.80465152077973,114.28513513513514,110.83243243243244,115.89324324324325,"Tyson Miller",19976,668338
"Lucas Sims","CIN",0.08333333,0.25,,1.1864834547052157,3,17,0,0,136.0153051675092,151.48214285714286,102.74107142857143,115.65892857142856,"Lucas Sims",13470,608371
"Paul Skenes","PIT",0,0.30051813,4.685006428614605,,14,42,2,0,51.629557950918326,112.69999999999999,108.62849740932643,115.46528497409327,"Paul Skenes",33677,694973
"Jimmy Herget","ATL",0,0.28571429,,0.23782230403560517,2,4,0,0,89.74184060974976,112.25238095238096,85.86666666666667,114.85238095238095,"Jimmy Herget",17556,623474
"Paul Sewald","ARI",0,0.35897436,,2.1881780337579477,3,13,0,3,94.88795409640397,111.40512820512821,109.66666666666667,114.2974358974359,"Paul Sewald",13892,623149
"Carlos Hernández","KCR",0.33333333,0.36363636,,0.046781835825834256,0,3,0,0,186.90011485479152,133.65454545454548,104.73636363636363,114.24545454545455,"Carlos Hernandez",22713,672578
"Yoendrys Gómez","NYY",,0.69230769,,0.38329978019388694,3,3,0,0,-75.95598131871498,97.26923076923077,119.22307692307693,113.30000000000001,"Yoendrys Gomez",22872,672782
"Pete Fairbanks","TBR",0,0.44444444,,3.469901692135674,7,16,0,1,42.439648341203416,132.02444444444444,108.82666666666667,113.27111111111108,"Pete Fairbanks",17998,664126
"Ryan Helsley","STL",0,0.36231884,,1.6885046802417292,5,21,0,5,94.68676598557634,134.89636363636365,103.96545454545453,113.25636363636363,"Ryan Helsley",18138,664854
"Ryan Thompson","ARI",0.05555556,0.30588235,,3.501073372305311,7,25,0,0,41.38209804303815,111.62274509803923,101.94392156862746,112.62819607843139,"Ryan Thompson",16647,657044
"Corbin Burnes","BAL",0.03921569,0.29411765,5.9950790431656005,,19,75,3,0,73.40879654657955,119.00637388107418,105.18344789002559,112.52344149616368,"Corbin Burnes",19361,669203
"Anthony Banda","LAD",0,0.2,,0.9886048975244867,2,9,0,0,68.62531088441605,84.12999999999998,115.17666666666668,112.40666666666667,"Anthony Banda",14706,607455
"Alex Faedo","DET",0.05,0.29824561,,0.67443113755984,8,30,0,0,77.59751413092947,103.34035087719299,109.5701754385965,111.98947368421052,"Alex Faedo",19874,656412
"Chris Martin","BOS",0,0.34482759,,2.863500059132403,8,16,0,0,3.1216202970179228,109.69310344827586,112.93620689655174,111.9396551724138,"Chris Martin",11847,455119
"Jesus Tinoco","TEX",0,0.275,,-0.8025535111774863,3,10,0,0,60.52073640449625,127.45250000000001,108.19000000000001,111.93249999999998,"Jesus Tinoco",16300,622786
"Joe Musgrove","SDP",0,0.25757576,0.4687343610839206,,3,15,1,0,139.1910943680156,126.76515151515152,106.66818181818181,111.8,"Joe Musgrove",12970,605397
"Andrew Kittredge","STL",0,0.31325301,,1.8882106202103512,8,22,0,0,59.353569568902756,122.10000000000001,101.63188405797102,111.77101449275364,"Andrew Kittredge",12828,552640
"Gus Varland","LAD",0.125,0.25,,-0.8878861034241863,1,10,0,0,161.8456347808905,120.5611111111111,104.09722222222223,111.34444444444446,"Gus Varland",24737,681402
"Anthony Bender","MIA",0.14285714,0.28409091,,-1.0946595751426114,6,24,0,0,105.71225559114777,120.98907342657343,99.98015734265734,111.30515734265735,"Anthony Bender",19742,669622
"Xzavion Curry","CLE",0.05882353,0.28787879,-0.027933734295900788,,2,19,1,0,104.5486245130703,87.6030303030303,112.71515151515152,111.28181818181818,"Xzavion Curry",25595,675540
"Adrian Morejon","SDP",0,0.28915663,,1.2080532410912186,6,20,0,0,71.95950178943627,118.64698795180723,108.84578313253013,111.24819277108435,"Adrian Morejon",20039,670970
"Andrés Muñoz","SEA",0.2,0.32432432,,1.7379967332102626,11,27,0,5,29.070645109294297,117.23513513513514,106.5108108108108,111.0846846846847,"Andres Munoz",20373,662253
"Daysbel Hernández","ATL",0,0.24242424,,0.30102183427370777,1,10,0,0,126.82878092844913,134.48787878787877,105.15454545454546,111.04848484848485,"Daysbel Hernandez",20271,678226
"Tanner Bibee","CLE",0.02040816,0.26071429,3.0255088231043046,,18,72,3,0,96.10186861538737,105.56392857142858,106.88035714285714,110.9925,"Tanner Bibee",30134,676440
"Kyle Bradish","BAL",0.03846154,0.32075472,2.58847763989181,,9,39,2,0,93.11821291170543,111.77176470588236,100.41647058823528,110.35529411764706,"Kyle Bradish",24586,680694
"Tanner Houck","BOS",0.03225806,0.30917874,3.3897482320408123,,12,48,2,0,74.0438379379853,109.75658854969679,101.70600267242266,110.3232654949121,"Tanner Houck",19879,656557
"Dylan Lee","ATL",0.11111111,0.40425532,,1.3886483745051652,4,13,0,0,73.25522725143524,101.42340425531914,106.16170212765958,110.30851063829788,"Dylan Lee",19996,669276
"Jeremiah Estrada","SDP",0.11111111,0.39361702,,2.585667277168077,13,22,0,1,4.033673927063265,142.59468085106383,104.10106382978724,110.13191489361704,"Jeremiah Estrada",22210,669093
"Dylan Cease","SDP",0.08,0.29830508,1.639731710574368,,22,76,3,0,73.88730811667008,120.18440677966102,104.09050847457627,110.10169491525426,"Dylan Cease",18525,656302
"Chris Paddack","MIN",0.1,0.26394052,2.2631128815014603,,13,75,3,0,111.98919446241015,87.88455975963743,111.1648113255589,109.99295208025666,"Chris Paddack",20099,663978
"Caleb Thielbar","MIN",0,0.31578947,,1.609394722206122,4,16,0,0,71.50308930100155,116.12280701754386,112.51403508771931,109.88947368421053,"Caleb Thielbar",10078,573204
"Joel Payamps","MIL",0.18181818,0.31707317,,0.2829402365231758,7,19,0,0,54.71770961342435,112.1969105691057,105.81235772357724,109.79195121951219,"Joel Payamps",14332,606303
"Griffin Jax","MIN",0.16666667,0.43902439,,1.7924633263787246,5,11,0,0,27.794082905506095,131.99756097560976,106.4390243902439,109.63414634146342,"Griffin Jax",20253,643377
"Bryan Woo","SEA",0,0.33974359,4.199869422745408,,12,40,2,0,62.45589471421647,104.04230769230769,112.3647435897436,109.59294871794872,"Bryan Woo",30279,693433
"Luis Gil","NYY",0.05263158,0.29824561,7.503464271999446,,25,68,3,0,58.684857853732126,107.43368421052634,103.49017543859651,109.52736842105261,"Luis Gil",21052,661563
"Sonny Gray","STL",0.0625,0.36158192,1.2571059455201643,,15,51,2,0,74.31893694705268,122.52655367231638,102.73333333333335,109.34858757062145,"Sonny Gray",12768,543243
"Mason Miller","OAK",0,0.43010753,,3.6034650105358823,12,24,0,2,14.129144744103753,140.48817204301076,102.29354838709679,109.15806451612904,"Mason Miller",31757,695243
"Hunter Strickland","LAA",0,0.23809524,,1.6830483741758036,5,24,0,0,78.25819527710624,110.73238095238094,99.89037037037038,109.1148148148148,"Hunter Strickland",7836,519326
"Bryce Miller","SEA",0.12195122,0.23170732,-2.9219306251493524,,5,47,2,0,119.77837028415598,120.51646341463415,102.91036585365853,109.10304878048781,"Bryce Miller",29837,682243
"Shawn Armstrong","TBR",0.15384615,0.24468085,1.0203110719589483,-0.07299364916430694,8,21,1,0,50.38295545210044,97.22659574468085,115.37340425531913,108.86063829787234,"Shawn Armstrong",12857,542888
"Kyle Finnegan","WSN",0.07692308,0.18032787,,-1.360528197421268,2,16,0,2,91.80663782247792,102.48542805100182,114.63839065680916,108.78186006643094,"Kyle Finnegan",15009,640448
"Yennier Cano","BAL",0.22222222,0.21212121,,-4.61208750879713,3,15,0,0,134.0249430550309,109.01363636363635,108.41666666666667,108.52878787878787,"Yennier Cano",25911,666974
"Zach Pop","TOR",0,0.27272727,,-0.07523297848779303,4,19,0,0,64.10921880864886,101.98636363636365,106.08939393939394,108.44545454545454,"Zach Pop",20185,647315
"Ryan Walker","SFG",0.0625,0.30927835,,1.3418722882023146,8,24,0,0,42.69798683578799,104.05051546391752,102.69793814432988,108.3958762886598,"Ryan Walker",20423,676254
"Justin Wilson","CIN",0,0.51851852,,0.914382445759219,4,8,0,0,35.146450258929434,115.26296296296296,104.15555555555557,108.29999999999998,"Justin Wilson",4301,458677
"Matt Strahm","PHI",0,0.32432432,,2.8680170409671244,6,17,0,0,63.98944239485305,104.19594594594595,107.03108108108108,108.15405405405406,"Matt Strahm",13799,621381
"Hunter Greene","CIN",0.01923077,0.24920128,5.749407572803878,,18,75,3,0,88.81788513118937,116.8038338658147,101.37731629392971,108.15271565495209,"Hunter Greene",22182,668881
"Matt Sauer","KCR",0.2,0.18181818,,-1.1985394332826624,2,12,0,0,117.44332304636022,85.60227272727273,109.05227272727274,108.125,"Matt Sauer",22284,669422
"Darius Vines","ATL",0.07142857,0.24358974,,-0.816446315066645,2,18,0,0,165.96640592741264,87.65128205128204,108.09358974358973,108.09102564102565,"Darius Vines",25928,670241
"Justin Martinez","ARI",0,0.26984127,,0.19177055371652918,3,13,0,0,89.9546708879366,118.47301587301587,105.06666666666666,108.06349206349206,"Justin Martinez",24453,679885
"Scott Alexander","OAK",0.16666667,0.3,,-0.846283023240729,2,8,0,0,49.5289610225704,87.82666666666667,117.42666666666668,108.06,"Scott Alexander",10591,518397
"Craig Kimbrel","BAL",0.2,0.39473684,,2.783365343083811,5,10,0,3,47.60707602604929,127.41842105263157,106.47105263157894,108.02894736842104,"Craig Kimbrel",6655,518886
"Tyler Ferguson","OAK",0,0.26229508,,-0.3509221238432021,2,15,0,0,150.37968693607084,107.20491803278688,99.62131147540983,107.91475409836065,"Tyler Ferguson",19481,621053
"Anthony Maldonado","MIA",0.16666667,0.27419355,,-0.6550354592727872,3,16,0,0,116.52068679717162,103.63064516129033,106.91774193548386,107.89193548387097,"Anthony Maldonado",26034,687424
"Tyler Glasnow","LAD",0.03571429,0.28342246,3.0556912877932296,,14,44,2,0,60.07228835479024,113.56310160427809,100.27112299465242,107.83422459893048,"Tyler Glasnow",14374,607192
"Victor Vodnik","COL",0.06896552,0.20714286,,-0.02078207375978064,5,36,0,0,106.48126420469674,124.28428571428572,103.16071428571429,107.80785714285715,"Victor Vodnik",24614,680767
"Clay Holmes","NYY",0.05555556,0.34883721,,0.5347863507773996,5,26,0,3,99.04299964537712,133.4081395348837,105.52441860465116,107.64999999999999,"Clay Holmes",13649,605280
"Austin Adams","OAK",0.25,0.37349398,,-0.034598420646894015,7,17,0,0,61.59658809463113,87.01204819277109,98.70481927710843,107.6409638554217,"Austin Adams",13801,613534
"Sam Long","KCR",0.25,0.31034483,,0.33730801897953994,2,6,0,0,81.11950921421847,96.0896551724138,104.60344827586206,107.59655172413794,"Sam Long",25379,669674
"Tim Herrin","CLE",0,0.24285714,,0.6780732579971447,3,14,0,0,95.0169096846604,102.50714285714285,106.40857142857143,107.52857142857142,"Tim Herrin",25139,682120
"Fernando Cruz","CIN",0,0.34899329,,3.3651016139602614,15,34,0,0,53.91241993865442,130.28322147651008,100.8530201342282,107.49731543624162,"Fernando Cruz",7048,518585
"Héctor Neris","CHC",0.08333333,0.28358209,,1.0100193368998291,3,16,0,0,104.67721079264332,78.10298507462686,106.86567164179104,107.48507462686567,"Hector Neris",11804,593576
"Wandy Peralta","SDP",0,0.24137931,,0.8847974575906261,4,15,0,0,38.75456303242618,94.95,106.20689655172414,107.41551724137932,"Wandy Peralta",14295,593974
"Carson Spiers","CIN",0,0.35483871,,0.8866380729191051,4,23,0,0,87.57505639163357,105.29516129032258,106.39032258064516,107.34516129032258,"Carson Spiers",27685,686730
"Danny Coulombe","BAL",0,0.3125,,1.346455286591958,3,14,0,0,84.86227878735163,71.72083333333335,106.875,107.3,"Danny Coulombe",13293,543056
"Sam Hentges","CLE",0.1,0.33333333,,-0.05526545294149432,4,14,0,0,71.50308930100155,110.1,110.86428571428571,107.19999999999999,"Sam Hentges",18548,656529
"Dennis Santana","NYY",0.15384615,0.21276596,,-0.5890081159364219,1,14,0,0,119.59067288348876,118.28297872340424,105.44042553191488,107.09148936170213,"Dennis Santana",17878,642701
"Justin Verlander","HOU",0.06382979,0.29109589,4.3495385584565875,,20,73,3,0,103.56016787421925,118.27739726027397,105.35000000000001,107.07226027397262,"Justin Verlander",8700,434378
"Justin Slaten","BOS",0,0.35632184,,2.5836717227078254,9,24,0,0,4.989980942076347,114.04137931034484,102.57701149425289,107.03678160919542,"Justin Slaten",25648,686580
"Justin Anderson","CHW",0,0.35,,0.8822667382544572,4,9,0,0,54.104562441181194,108.90749999999998,103.61500000000001,106.97,"Justin Anderson",16201,605121
"Carlos Rodón","NYY",0.07843137,0.27891156,2.0349609752961655,,14,71,3,0,120.1838046271533,123.98367346938777,100.18809523809524,106.89489795918367,"Carlos Rodon",16137,607074
"Cam Booser","BOS",0.15,0.36206897,,1.3392825356266873,11,32,0,0,62.420760968176594,98.17068965517242,105.44051724137931,106.82327586206895,"Cam Booser",16061,592155
"Michael Tonkin","NYY",0,0.27586207,,0.12365078746448983,4,18,0,0,104.73642440046791,106.97356321839081,105.65172413793104,106.7655172413793,"Michael Tonkin",10315,543859
"Nick Martinez","CIN",0,0.2516129,-0.009528849156917048,2.0606938064056726,7,42,1,0,92.92519212827288,93.8,111.54580645161292,106.68967741935482,"Nick Martinez",12730,607259
"Pablo López","MIN",0.13953488,0.24705882,-0.5149995291967189,,8,52,2,0,109.40535462452962,92.15470588235294,106.55470588235293,106.53176470588237,"Pablo Lopez",17085,641154
"Yoshinobu Yamamoto","LAD",0.05882353,0.28804348,3.101794477429983,,14,51,2,0,72.40106988238418,95.33967391304348,107.0342391304348,106.5233695652174,"Yoshinobu Yamamoto",33825,808967
"Nestor Cortes","NYY",0.06666667,0.27748691,3.6062474862541425,,12,46,2,0,97.68599820236322,105.70651916905928,105.8335922985982,106.49862072848056,"Nestor Cortes",17874,641482
"Jesús Luzardo","MIA",0.02631579,0.31216931,5.004369093849992,,11,49,2,0,88.11950162611713,92.74126984126984,103.93492063492064,106.37777777777778,"Jesus Luzardo",19959,666200
"Logan Webb","SFG",0.12121212,0.25242718,2.7718384101751457,,11,49,2,0,88.37148385857468,99.12961165048544,106.97572815533981,106.36990291262136,"Logan Webb",17995,657277
"Dominic Leone","CHW",0,0.36363636,,0.35137121382777786,1,3,0,0,55.47204334394781,116.92727272727271,109.39090909090909,106.32727272727271,"Dominic Leone",13763,608678
"Randy Rodríguez","SFG",0.05555556,0.3,,2.861645652700778,12,32,0,0,56.38130730677933,118.25142857142858,98.3157142857143,106.28857142857143,"Randy Rodriguez",23974,678495
"Jared Jones","PIT",0.05714286,0.28804348,1.7194964552356864,,12,50,2,0,92.31489735307686,121.47500000000001,100.13423913043479,105.98043478260868,"Jared Jones",27863,683003
"Yusei Kikuchi","TOR",0.10714286,0.29100529,2.9779705368322396,,15,47,2,0,64.88935300155435,106.47301587301588,100.58835978835977,105.95132275132276,"Yusei Kikuchi",20633,579328
"Jordan Romano","TOR",0,0.30434783,,-0.6785506754575852,4,14,0,1,72.14894153515048,162.25652173913042,96.0391304347826,105.92391304347827,"Jordan Romano",16122,605447
"Carson Fulmer","LAA",0.0625,0.30769231,,-0.23897090773036533,8,28,0,0,95.23164198972536,98.10480769230769,107.07019230769232,105.9048076923077,"Carson Fulmer",18311,608334
"Kutter Crawford","BOS",0.05769231,0.25951557,2.3913643803495823,,15,72,3,0,108.36991862772453,104.09653979238755,105.78373702422145,105.84429065743944,"Kutter Crawford",20531,676710
"Kevin Ginkel","ARI",0,0.28571429,,0.5318356374961185,3,16,0,0,113.08640984471066,108.04126984126985,104.08888888888889,105.83968253968254,"Kevin Ginkel",19876,656464
"Nabil Crismatt","LAD",0.11111111,0.26829268,,0.4949091106735601,3,12,0,0,65.01721373061683,98.65365853658537,100.15365853658537,105.82195121951219,"Nabil Crismatt",17732,622503
"Aaron Bummer","ATL",0,0.34375,,0.599749631051154,6,25,0,0,101.56552577301005,99.5010416666667,105.60312499999999,105.75520833333333,"Aaron Bummer",16258,607481
"Zack Wheeler","PHI",0.09259259,0.23272727,1.3830404527063522,,13,76,3,0,128.548485752711,111.13418181818183,100.97454545454544,105.70000000000002,"Zack Wheeler",10310,554430
"Robert Garcia","WSN",0,0.24285714,,1.238723250237746,5,18,0,0,95.77513998798878,109.21285714285713,110.96285714285713,105.59999999999998,"Robert Garcia",23363,676395
"Nick Vespi","BAL",0,0.27272727,,0.05391648828229023,0,4,0,0,150.57630102264974,81.84545454545456,109.0090909090909,105.5909090909091,"Nick Vespi",21093,663989
"Aaron Nola","PHI",0.01754386,0.26433121,4.555183032515701,,18,80,3,0,87.68233693585205,97.68833638140883,105.9494860314057,105.38921296588259,"Aaron Nola",16149,605400
"George Kirby","SEA",0.078125,0.2481203,-0.05382681685945864,,12,79,3,0,107.38696403957584,113.52105263157897,102.80300751879699,105.38721804511279,"George Kirby",25436,669923
"Andrew Nardi","MIA",0,0.29411765,,1.7044070748340086,6,18,0,0,69.96213520450873,104.84705882352941,105.72470588235292,105.33411764705882,"Andrew Nardi",25942,677053
"Amir Garrett","LAA",0.33333333,0.38235294,,-0.7397211513375186,4,8,0,0,68.29578799112836,92.8941176470588,105.09411764705884,105.32941176470588,"Amir Garrett",14375,607237
"Joey Estes","OAK",0.02777778,0.28571429,1.821796312509144,,10,50,2,0,123.39488762223115,96.24146238377008,107.24039971017993,105.31992512981522,"Joey Estes",26257,683155
"José Ruiz","PHI",0,0.35064935,,1.3677532195468853,7,21,0,0,75.66415600796522,104.22207792207791,107.64415584415582,105.31948051948052,"Jose Ruiz",14552,614179
"Logan Gillaspie","SDP",0,0.275,,0.19149254790923834,2,9,0,0,102.10415404931621,102.7225,110.08999999999999,105.285,"Logan Gillaspie",22461,670810
"Brandon Pfaadt","ARI",0,0.27807487,3.7922043471612903,,16,48,2,0,84.19091756904803,109.24385026737967,103.81122994652407,105.2620320855615,"Brandon Pfaadt",27782,694297
"Adam Ottavino","NYM",0.11111111,0.33333333,,0.7553874589858933,4,26,0,0,152.5173162586621,110.01666666666667,101.02142857142856,105.22380952380954,"Adam Ottavino",1247,493603
"Colin Holderman","PIT",0.09090909,0.31132075,,2.713317154449101,9,23,0,0,44.2924572966621,105.83793800539084,102.70795148247979,105.1272911051213,"Colin Holderman",22361,670059
"Luke Jackson","SFG",0.14285714,0.2519084,,-0.2707940270806427,10,29,0,0,93.86261426192709,129.87301302200268,91.43488998652896,105.11760215536596,"Luke Jackson",11752,592426
"Mitch Spence","OAK",0.14285714,0.28143713,0.6045519677635746,-1.348196734168804,9,42,2,0,112.28417616427488,103.54131736526946,101.85928143712574,104.98383233532934,"Mitch Spence",27707,687765
"Alex Vesia","LAD",0.2,0.33333333,,1.4313702694512764,9,21,0,0,76.68949745697033,113.25913978494624,101.5279569892473,104.91075268817202,"Alex Vesia",25007,681911
"Cristopher Sánchez","PHI",0.10344828,0.24381625,5.503248002984421,,15,77,3,0,72.23341330120104,93.83957597173145,99.97526501766785,104.80883392226147,"Cristopher Sanchez",20778,650911
"Enyel De Los Santos","SDP",0.125,0.29347826,,-0.1947192070812861,8,19,0,0,72.3771168874335,93.5467391304348,109.56956521739131,104.80652173913045,"Enyel De Los Santos",18403,660853
"Michael Grove","LAD",0.14285714,0.34210526,,0.060038260575352095,9,19,0,0,69.96213910644342,109.55131578947368,94.39605263157894,104.80526315789473,"Michael Grove",23221,675627
"Cole Ragans","KCR",0.09090909,0.31443299,5.079573295130021,,19,46,2,0,66.08210333710134,98.73917525773197,101.23814432989691,104.72835051546392,"Cole Ragans",21846,666142
"Josh Staumont","MIN",0,0.29166667,,0.011806920548608824,2,11,0,0,131.3507821546281,112.74791666666668,92.05624999999999,104.72291666666666,"Josh Staumont",18335,622251
"Shota Imanaga","CHC",0.13333333,0.31182796,4.375861438098757,,15,49,2,0,68.62531370707295,89.15276232851316,106.5067976764306,104.63103448275864,"Shota Imanaga",33829,684007
"Greg Weissert","BOS",0,0.28,,1.7649851105351444,8,28,0,0,65.45277863928864,98.19919999999999,102.51039999999999,104.4992,"Greg Weissert",20375,669711
"Lucas Erceg","OAK",0.13333333,0.27536232,,0.17581573739996798,5,20,0,0,59.398811836160384,111.2231884057971,108.75942028985507,104.40289855072463,"Lucas Erceg",19360,668674
"Tarik Skubal","DET",0.14814815,0.27647059,2.413747750889455,,12,41,2,0,62.37745032435625,103.92117647058822,102.57529411764706,104.38235294117646,"Tarik Skubal",22267,669373
"A.J. Minter","ATL",0.07692308,0.25806452,,-1.0975019898283354,2,16,0,1,125.79374978049536,105.96774193548386,108.96612903225805,104.33870967741936,"A.J. Minter",18655,621345
"Tayler Scott","HOU",0,0.34931507,,2.448698694541956,11,34,0,0,52.513116694124605,86.3527397260274,100.53767123287672,104.32328767123288,"Tayler Scott",13652,605463
"Yu Darvish","SDP",0.06,0.32624113,1.9300276762592619,,21,74,3,0,84.25599581650425,97.70718891038038,107.0785514721685,104.16043412851923,"Yu Darvish",13074,506433
"Chris Roycroft","STL",0,0.23188406,,-0.4708879192285193,2,15,0,0,179.22699960953344,136.69565217391303,96.81014492753624,104.12608695652173,"Chris Roycroft",31261,688297
"Jack Flaherty","DET",0.02222222,0.32333333,3.857807747952377,,25,73,3,0,37.87842768304281,96.34071428571428,103.39995238095239,104.11860317460317,"Jack Flaherty",17479,656427
"Robert Suarez","SDP",0.07692308,0.24,,2.82053699470931,6,20,0,2,97.9756221883965,133.132,101.18,104.09200000000001,"Robert Suarez",30115,663158
"Zach Eflin","TBR",0.12195122,0.25301205,2.2285145231286196,,5,46,2,0,114.05178467807073,89.39397590361445,107.52710843373494,104.08373493975904,"Zach Eflin",13774,621107
"Tyler Duffey","KCR",0.14285714,0.21818182,,-0.22186860225135888,2,12,0,0,210.72430167856155,84.54363636363635,105.94181818181816,104.08181818181818,"Tyler Duffey",13758,608648
"David Bednar","PIT",0.04545455,0.22764228,,2.2008071279447554,5,29,0,4,123.26376190189639,123.76747967479676,95.56991869918701,104.07560975609755,"David Bednar",19569,670280
"Angel Zerpa","KCR",0.06666667,0.24675325,,0.542797069025662,3,20,0,0,114.25249476824762,95.35194805194806,101.40519480519481,104.06753246753246,"Angel Zerpa",22717,672582
"Ryan Pressly","HOU",0,0.27536232,,1.5258636708740856,3,20,0,0,90.7403190215201,111.26666666666668,96.86086956521739,104.01884057971013,"Ryan Pressly",7005,519151
"Justin Steele","CHC",0.10810811,0.25414365,0.06609018364144174,,12,52,2,0,95.23296976179542,99.43756906077347,102.62983425414365,104.00552486187846,"Justin Steele",17312,657006
"Calvin Faucher","MIA",0.11764706,0.27,,0.990158255445362,5,24,0,0,92.89416147670825,140.49800000000002,99.64099999999999,103.995,"Calvin Faucher",20116,676534
"Clarke Schmidt","NYY",0.09090909,0.30541872,2.9702711127851558,,14,50,2,0,76.76776361532153,120.35517241379311,101.20640394088669,103.89014778325122,"Clarke Schmidt",19899,657376
"MacKenzie Gore","WSN",0.04,0.27483444,3.4313848266143148,,20,76,3,0,85.72780849081612,115.75794701986756,102.63311258278146,103.84602649006622,"MacKenzie Gore",22201,669022
"Gabe Speier","SEA",0.11111111,0.2238806,,-0.23064729601831427,2,14,0,0,214.69504979654772,95.6089552238806,105.07014925373134,103.81940298507463,"Gabe Speier",17170,642100
"Edwin Díaz","NYM",0.17647059,0.32142857,,-2.6198001063796057,8,29,0,0,100.30010542038552,115.55535714285715,92.24553571428571,103.79285714285713,"Edwin Diaz",14710,621242
"Reid Detmers","LAA",0.12121212,0.29885057,0.29972855471964827,,10,46,2,0,99.04953034835074,101.69929078014184,102.68250794815359,103.7851308388359,"Reid Detmers",27468,672282
"Jonathan Hernández","TEX",0.05555556,0.28205128,,-1.1939993879417072,9,34,0,0,113.18705200847884,102.96696581196582,100.39615384615385,103.71935897435898,"Jonathan Hernandez",17464,642546
"Max Fried","ATL",0,0.30051813,4.21188848646048,,11,54,2,0,71.1006864638314,102.0761658031088,101.14818652849742,103.54611398963732,"Max Fried",13743,608331
"Cooper Criswell","BOS",0.07142857,0.29608939,1.2213836437805414,,9,41,2,0,81.01027529419646,115.04189944134079,101.5117318435754,103.52234636871508,"Cooper Criswell",24975,681867
"Camilo Doval","SFG",0.1,0.31081081,,1.8582788117985687,12,37,0,3,73.51994130414111,107.73310810810811,102.52567567567569,103.5,"Camilo Doval",21992,666808
"James McArthur","KCR",0.0952381,0.29,,-1.2344814624540192,5,26,0,3,83.31542408064003,104.345,97.77099999999999,103.411,"James McArthur",21527,663704
"Yimi García","TOR",0,0.328125,,1.972196374906588,7,18,0,0,66.0166178997737,112.3765625,97.60992647058823,103.40625,"Yimi Garcia",12095,554340
"Logan Gilbert","SEA",0.03636364,0.24806202,3.0182110024819133,,12,72,3,0,90.8598843953482,122.54350275713257,99.4941420922241,103.39021417725567,"Logan Gilbert",22250,669302
"Kevin Kelly","TBR",0.0952381,0.29032258,,-3.304302740548479,4,27,0,1,93.59540441019548,120.46666666666667,104.65698924731183,103.30752688172043,"Kevin Kelly",25679,687330
"Kenley Jansen","BOS",0.30769231,0.25454545,,1.5270656448766318,2,16,0,2,135.08348695306927,117.82181818181817,101.39272727272726,103.26,"Kenley Jansen",3096,445276
"Joey Wentz","DET",0.1,0.34782609,,-1.2401087332703844,5,26,0,0,87.53136982576352,87.43913043478261,108.46847826086957,103.23804347826086,"Joey Wentz",19962,666214
"Kyle Muller","OAK",0.11764706,0.26515152,,-1.5039863614429378,6,41,0,0,109.33169590501669,88.10757575757575,101.23333333333333,103.1719696969697,"Kyle Muller",20167,666205
"Hoby Milner","MIL",0,0.30357143,,1.1540815363877506,5,25,0,0,92.13265850047028,107.38125,100.71160714285715,103.09732142857145,"Hoby Milner",13346,571948
"Steven Okert","MIN",0.06666667,0.30434783,,-0.255866430605946,2,18,0,0,116.38776926165883,98.86304347826086,103.53478260869566,103.08478260869565,"Steven Okert",13580,595345
"Jason Foley","DET",0.16666667,0.21428571,,-0.5279260059713895,3,15,0,2,75.94650411889651,98.7375,100.52142857142857,103.07321428571429,"Jason Foley",19531,671345
"Jorge López","NYM",0.10526316,0.23913043,,-0.9713730663227492,2,23,0,0,114.90228261760176,107.40108695652175,104.18804347826087,103.07282608695652,"Jorge Lopez",14527,605347
"Michael Wacha","KCR",0.05555556,0.2568306,1.3182062303751665,,10,49,2,0,95.34494464621255,91.62513661202186,102.3754098360656,103.01420765027322,"Michael Wacha",14078,608379
"Tanner Banks","CHW",0.15384615,0.32051282,,0.39240110734495887,6,19,0,0,81.51836391016222,93.34615384615384,109.42820512820512,103.01153846153845,"Tanner Banks",16990,621383
"Jeff Hoffman","PHI",0.05555556,0.25961538,,0.44731103563947916,5,25,0,2,92.89416147670825,108.1470467032967,97.86078296703296,102.98578296703296,"Jeff Hoffman",17432,656546
"Garrett Crochet","CHW",0.07142857,0.27011494,3.379643613741001,,10,42,2,0,92.29763688127312,100.17356321839083,103.28275862068966,102.96551724137932,"Garrett Crochet",27463,676979
"Alec Marsh","KCR",0.03333333,0.2755102,2.936297788312789,,12,45,2,0,95.78952650578123,99.00408163265308,106.40306122448979,102.78367346938775,"Alec Marsh",27451,679525
"Randy Vásquez","SDP",0.11627907,0.21264368,1.398954132497937,,2,46,2,0,131.22839437722232,105.52655651340997,105.79597701149426,102.78245530012771,"Randy Vasquez",24719,681190
"Blake Treinen","LAD",0,0.35185185,,1.49491230248635,5,14,0,0,51.3481500026809,98.25555555555556,104.56111111111112,102.5777777777778,"Blake Treinen",12572,595014
"Sam Moll","CIN",0.09090909,0.3220339,,0.17970623866808333,2,15,0,0,154.29417335590512,100.11864406779661,104.30677966101695,102.53389830508475,"Sam Moll",14874,594580
"Raisel Iglesias","ATL",0,0.26829268,,0.7837164966835658,3,11,0,2,65.01721373061683,96.64634146341463,108.77560975609757,102.50731707317074,"Raisel Iglesias",17130,628452
"Frankie Montas","CIN",0.06779661,0.22592593,-1.3613137287414274,,7,74,3,0,153.34436997277058,105.39814814814815,102.42074074074075,102.50444444444446,"Frankie Montas",14309,593423
"Mitch Keller","PIT",0.03508772,0.30627306,4.741872455916314,,14,77,3,0,113.10185107832814,102.01738134622727,104.00067438605421,102.38790346524155,"Mitch Keller",17594,656605
"Jhony Brito","SDP",0.05,0.22,,1.1218570922940603,5,26,0,0,79.75139583146297,87.78299999999999,107.235,102.334,"Jhony Brito",25386,666745
"Framber Valdez","HOU",0.05714286,0.28961749,-0.5171423629195339,,11,49,2,0,68.30585095774188,105.00710382513661,94.81038251366122,102.33387978142076,"Framber Valdez",17295,664285
"Kyle Leahy","STL",0,0.28767123,,1.2808830087260055,4,19,0,0,94.71043688730373,96.36027397260273,104.2013698630137,102.16986301369865,"Kyle Leahy",24763,681517
"Gregory Soto","PHI",0.1,0.39655172,,-0.553292945539122,6,19,0,0,95.92300162530366,107.75862068965517,97.56724137931033,102.16724137931035,"Gregory Soto",19677,642397
"A.J. Puk","MIA",0,0.2295082,,0.14049277936828844,1,15,0,1,151.13941978469165,104.63442622950821,102.95901639344262,102.11147540983606,"A.J. Puk",19343,640462
"Elieser Hernández","LAD",0.12903226,0.30612245,0.9366935609025814,-2.0814834273699674,6,39,1,0,140.1743937986047,80.14353741496599,103.78979591836735,102.078231292517,"Elieser Hernandez",16933,622694
"Seth Lugo","KCR",0.09615385,0.31730769,7.142797300908586,,25,81,3,0,69.43775816258683,98.7150641025641,102.54134615384616,102.02532051282051,"Seth Lugo",12447,607625
"Sean Manaea","NYM",0.125,0.25128205,2.1506370554944256,,10,44,2,0,95.73216195269218,79.51641025641025,105.17333333333333,101.99333333333334,"Sean Manaea",15873,640455
"Trent Thornton","SEA",0.15384615,0.36231884,,-1.1199442952500285,3,18,0,0,119.84077969321706,115.18985507246374,100.54202898550724,101.9768115942029,"Trent Thornton",17948,663423
"Sean Hjelle","SFG",0.08,0.344,,-1.5081841626542027,7,34,0,0,81.05449785657179,98.51279999999998,102.928,101.77119999999998,"Sean Hjelle",21481,663546
"Declan Cronin","MIA",0.05882353,0.23943662,,1.046684025769872,3,21,0,0,85.62495217613109,72.90845070422536,104.9225352112676,101.75774647887324,"Declan Cronin",25645,686539
"Jake Irvin","WSN",0.13888889,0.26553672,0.25276172859618,,8,48,2,0,113.97938928888551,97.19265536723162,104.4819209039548,101.73559322033898,"Jake Irvin",21504,663623
"Tanner Scott","MIA",0,0.25203252,,1.4831300892491648,7,29,0,2,92.39506530094127,141.70650406504066,93.22764227642277,101.73414634146343,"Tanner Scott",17586,656945
"Miles Mikolas","STL",0.0212766,0.28515625,2.992342547793899,,13,66,3,0,98.71171909253292,88.83906250000001,107.841796875,101.695703125,"Miles Mikolas",9803,571945
"Hunter Harvey","WSN",0.08333333,0.25352113,,1.2790532672893622,4,17,0,0,75.46977603202814,103.09577464788731,95.26197183098591,101.69436619718309,"Hunter Harvey",15507,640451
"Luke Weaver","NYY",0.05882353,0.37007874,,-1.6232475726845816,10,31,0,0,79.5240916785565,126.75433070866141,96.38346456692913,101.6236220472441,"Luke Weaver",16918,596133
"Tylor Megill","NYM",0.16666667,0.20689655,1.7982910115530992,,7,21,1,0,88.91380602324654,125.83255813953488,94.01046511627908,101.61744186046509,"Tylor Megill",21318,656731
"Justin Lawrence","COL",0.04,0.26623377,,-2.1983177776618286,6,38,0,0,137.9045734002497,109.51363636363638,90.57272727272728,101.56753246753247,"Justin Lawrence",17639,664875
"Mark Leiter Jr.","CHC",0.08333333,0.31632653,,3.030996481781383,10,22,0,0,19.56054837837832,98.05510204081632,100.8061224489796,101.5204081632653,"Mark Leiter Jr.",15551,643410
"Quinn Priester","PIT",0,0.30107527,0.17134441745424359,,5,28,1,0,86.31109828531362,88.26559139784948,103.36344086021505,101.51612903225806,"Quinn Priester",25977,682990
"Kirby Yates","TEX",0,0.43076923,,0.5725885772279077,6,14,0,0,88.60504845643679,81.92461538461538,101.41846153846154,101.44615384615385,"Kirby Yates",9073,489446
"Erik Miller","SFG",0.3,0.34177215,-0.5177974765066441,-0.3351523061940576,9,20,1,0,18.106785185496577,108.72658227848103,100.81518987341774,101.42025316455695,"Erik Miller",26252,669062
"Luis García","LAA",0.0952381,0.36607143,,-1.0003509887637938,6,31,0,2,94.2743937722377,99.63214285714287,99.89107142857145,101.35892857142856,"Luis Garcia",6984,472610
"Chris Stratton","KCR",0.09090909,0.28395062,,-0.7299880015089333,5,19,0,1,111.35116935064751,94.72592592592594,97.19135802469135,101.33703703703705,"Chris Stratton",13761,608717
"Kyle Hendricks","CHC",0.04878049,0.2962963,-0.2920426125454419,0.08088950619556358,10,56,2,0,104.87068175037659,101.34675925925927,105.06944444444446,101.32824074074075,"Kyle Hendricks",12049,543294
"Joe Ross","MIL",0.13333333,0.3490566,0.4212712462511557,,6,23,2,0,78.06955599226931,88.07264150943396,107.36698113207548,101.22075471698115,"Joe Ross",12972,605452
"JoJo Romero","STL",0.04545455,0.23255814,,2.350812666846378,7,31,0,0,67.35224753752253,89.02133791644633,102.06655208884187,101.18921205711264,"JoJo Romero",19574,668941
"Grant Anderson","TEX",0,0.2,,-0.8319191961480821,4,26,0,0,152.15857439937292,99.31052631578947,99.71368421052632,101.14105263157896,"Grant Anderson",20546,681982
"Logan Allen","ARI",0,0.22619048,,1.600588270327956,6,23,0,0,71.07831164132602,86.95833333333333,101.24404761904762,101.08928571428571,"Logan Allen",18555,663531
"Easton Lucas","OAK",0,0.17948718,,-0.00003247270496509123,0,9,0,0,244.60690009788297,99.02820512820514,97.96666666666667,101.08717948717948,"Easton Lucas",26058,687922
"Michael Kelly","OAK",0,0.296875,,1.1164748006365053,5,17,0,0,86.7927035897025,128.7203125,104.56093750000001,101.0515625,"Michael Kelly",12791,547184
"Ryan Feltner","COL",0.15151515,0.22905028,1.2217080211294886,,8,45,2,0,118.58335827820603,103.49888268156424,96.9268156424581,101.04245810055865,"Ryan Feltner",21446,663372
"Shaun Anderson","TEX",0,0.21428571,,0.48434339966972195,3,17,0,0,65.7431180353941,102.86785714285713,102.31428571428572,101.04107142857141,"Shaun Anderson",19453,641312
"Brayan Bello","BOS",0.10416667,0.25572519,-1.734329643143405,,11,65,3,0,103.83996955023147,108.84656488549619,97.45534351145038,101.03893129770992,"Brayan Bello",23920,678394
"Casey Mize","DET",0.11111111,0.21678322,0.1760551154680627,,8,36,2,0,72.34264144166465,93.41925407925409,106.1950815850816,101.03471639471638,"Casey Mize",20492,663554
"Bryan Abreu","HOU",0.13333333,0.29090909,,0.22565914975497597,9,27,0,0,86.89320358966643,125.8827272727273,96.90181818181819,100.9290909090909,"Bryan Abreu",16609,650556
"Hunter Stratton","PIT",0.1,0.28985507,,0.9189795517349867,7,18,0,0,55.22795089855216,108.35652173913043,102.54637681159421,100.88260869565217,"Hunter Stratton",23455,676702
"Adbert Alzolay","CHC",0.25,0.17647059,,-2.406266740503629,0,5,0,1,223.6572019787228,91.8529411764706,87.2529411764706,100.84117647058825,"Adbert Alzolay",17859,640470
"John King","STL",0,0.24691358,,0.15627995325418748,1,26,0,0,113.58761250914552,78.23456790123457,104.48271604938272,100.80246913580247,"John King",22051,667463
"Brad Keller","CHW",0.2173913,0.29323308,-3.9528426921048117,0.39679070143711714,7,32,1,0,79.66912935518691,101.74135338345863,101.9278195488722,100.76992481203007,"Brad Keller",15734,641745
"Jacob Barnes","WSN",0,0.24096386,,-0.7699869983208161,3,21,0,0,126.18551978945169,95.88674698795181,102.87831325301204,100.69277108433735,"Jacob Barnes",12323,606930
"Hunter Brown","HOU",0.1,0.27513228,-2.3132742117205476,,8,44,2,0,122.21782343818997,104.68624338624338,99.4037037037037,100.66031746031747,"Hunter Brown",25880,686613
"Reynaldo López","ATL",0.02173913,0.31555556,4.364852769767564,,11,61,3,0,99.01357685552767,95.74066979655711,103.9664538341158,100.61625665101721,"Reynaldo Lopez",16400,625643
"Zack Littell","TBR",0.15151515,0.24260355,0.41536405280763095,,10,46,2,0,119.5869017540326,80.43363303363304,103.89528249528249,100.57517149517149,"Zack Littell",15823,641793
"Spencer Turnbull","PHI",0.08695652,0.26666667,,-0.05046411191359053,6,31,0,0,101.41412522723022,119.7925,97.57416666666667,100.53083333333333,"Spencer Turnbull",16207,605513
"José Berríos","TOR",0.07017544,0.27697842,0.9377852964592638,,15,75,3,0,85.50648193041168,85.62599462598594,104.87009621218688,100.46754788939933,"Jose Berrios",14168,621244
"Jay Jackson","MIN",0,0.21428571,,0.3623965268247009,3,17,0,0,95.01690535587282,99.76714285714286,102.09714285714284,100.45857142857143,"Jay Jackson",7432,543351
"Chris Sale","ATL",0,0.32307692,5.884887813838606,,18,51,2,0,56.48271648324907,97.16190548014079,104.20585218702864,100.44597787833082,"Chris Sale",10603,519242
"Phil Maton","TBR",0.07692308,0.2875,,-0.7087799288486516,6,23,0,0,96.0905802744371,122.7225,94.185,100.4125,"Phil Maton",18064,664208
"Andrew Chafin","DET",0.1,0.27027027,,0.4732981026190384,3,13,0,0,58.68014195078063,89.03243243243243,101.69459459459462,100.34594594594594,"Andrew Chafin",12988,605177
"Will Vest","DET",0,0.27678571,,1.1751541217337504,8,28,0,0,61.432404068196576,94.34910714285714,102.52678571428571,100.26607142857142,"Will Vest",19769,676684
"Aaron Civale","TBR",0.02272727,0.2345679,-0.5265392406956563,,14,65,3,0,99.38528009842675,92.63827160493827,100.37695473251028,100.22674897119342,"Aaron Civale",19479,650644
"Bailey Ober","MIN",0.05128205,0.25510204,2.5041210669723517,,19,64,3,0,94.22331988432067,97.07687074829931,103.73095238095237,100.22482993197279,"Bailey Ober",21224,641927
"John Schreiber","KCR",0,0.20731707,,1.0935641744253763,3,19,0,0,102.08485180257722,102.62073170731706,106.16097560975611,100.18536585365852,"John Schreiber",20020,670167
"Chase Anderson","BOS",0,0.26027397,,0.10661196131577311,4,38,0,0,155.39274370626867,103.2321917808219,100.75616438356165,100.17123287671232,"Chase Anderson",6895,502624
"Garrett Cleavinger","TBR",0,0.30392157,,1.7708797435449148,8,24,0,1,78.27650203127412,104.96676470588234,97.50328431372549,100.16044117647057,"Garrett Cleavinger",17897,664076
"Ranger Suárez","PHI",0,0.23560209,3.5697698404188105,,13,50,2,0,83.0480127199005,86.78219895287958,101.49842931937174,100.15549738219896,"Ranger Suarez",17277,624133
"Reese Olson","DET",0.04,0.29460581,3.3268491959224264,,12,66,3,0,85.46493593593556,93.72240663900415,98.7344398340249,100.02531120331949,"Reese Olson",24968,681857
"Bryan Hudson","MIL",0,0.38271605,,2.18958201424426,8,23,0,0,67.42261371492091,80.00370370370369,104.83827160493827,99.99506172839504,"Bryan Hudson",19924,663542
"Tyler Anderson","LAA",0.11363636,0.26701571,2.7484116433606216,,8,56,2,0,124.36428232652608,96.18376963350785,100.2130890052356,99.96649214659685,"Tyler Anderson",12880,542881
"Michael Kopech","CHW",0,0.32608696,,-2.2381217480094078,7,20,0,1,110.50972792162538,139.32282608695652,95.29565217391306,99.94021739130434,"Michael Kopech",17282,656629
"Zack Kelly","BOS",0.03846154,0.26946108,,-3.393426718958561,6,41,0,0,146.39064021424056,104.37604790419164,96.6065868263473,99.89640718562875,"Zack Kelly",20349,677161
"Caleb Ferguson","NYY",0.125,0.32142857,,-0.3772822470856222,5,14,0,0,56.76046783825179,89.825,108.75535714285715,99.74642857142855,"Caleb Ferguson",19349,657571
"Tyler Rogers","SFG",0,0.24137931,,2.5495364697780962,5,29,0,1,89.74184060974976,123.47816091954022,101.32643678160922,99.74137931034483,"Tyler Rogers",15541,643511
"Chris Flexen","CHW",0.10204082,0.23694779,0.9401127928297213,,11,64,3,0,115.90310193087807,66.29076305220885,102.30040160642571,99.73855421686747,"Chris Flexen",13896,623167
"Manuel Rodríguez","TBR",0,0.29032258,,0.6968778262703572,5,19,0,0,88.77487327903782,111.99193548387096,99.65645161290323,99.69999999999999,"Manuel Rodriguez",20794,655889
"Colten Brewer","CHC",0,0.19230769,,0.4451438989886314,2,5,0,0,89.74184060974976,96.77692307692308,105.23076923076923,99.66923076923078,"Colten Brewer",12997,605155
"Simeon Woods Richardson","MIN",0.06060606,0.21019108,1.4969520564280412,,3,39,2,0,132.84386931112576,85.55159235668789,106.18726114649682,99.60382165605095,"Simeon Woods Richardson",24494,680573
"Taj Bradley","TBR",0.24137931,0.30285714,1.0591942790554476,,16,47,2,0,64.73699752914118,93.89942857142859,97.48171428571428,99.56857142857143,"Taj Bradley",22543,671737
"Tyler Alexander","TBR",0.13636364,0.26736111,-1.506528800601307,-2.08025777520972,11,82,2,0,130.64352384603947,94.52951388888889,103.41145833333334,99.51527777777777,"Tyler Alexander",17735,641302
"Keaton Winn","SFG",0.23076923,0.28205128,-0.884267902286795,,4,20,1,0,138.15605113488658,115.90256410256407,97.03717948717949,99.51025641025642,"Keaton Winn",23499,676775
"Austin Voth","SEA",0.23076923,0.27536232,,-1.4821279135268868,4,18,0,0,123.77724140443607,96.64978260869565,103.93152173913043,99.43999999999998,"Austin Voth",15047,608723
"Cristian Javier","HOU",0,0.26315789,1.5394019670805843,,9,42,2,0,102.49640310601403,115.26212993421052,94.36532894736843,99.43383223684211,"Cristian Javier",17606,664299
"Richard Lovelady","- - -",0,0.24358974,,1.2888947099295707,1,22,0,0,149.730989681648,95.51282051282051,100.18974358974359,99.43205128205128,"Richard Lovelady",19337,663992
"Ryan Fernandez","STL",0.2,0.27586207,,-0.9265946683835853,4,16,0,1,96.13000771605947,88.90344827586206,98.14137931034483,99.36724137931034,"Ryan Fernandez",24862,681676
"Erick Fedde","CHW",0.05357143,0.22727273,5.0190084728681486,,14,74,3,0,101.79483510419558,91.77692307692308,104.65454545454546,99.29230769230769,"Erick Fedde",17425,607200
"Walker Buehler","LAD",0.04651163,0.2601626,-0.6827312808007068,,13,60,3,0,89.05569275560059,96.39968977321352,100.15863821138213,99.16102909713308,"Walker Buehler",19374,621111
"Freddy Peralta","MIL",0.09090909,0.23589744,0.5438404313714273,,13,48,2,0,79.09489833240137,103.77128205128206,98.7123076923077,99.14358974358974,"Freddy Peralta",18679,642547
"Bryce Elder","ATL",0.09375,0.24157303,1.2532926669594404,,9,44,2,0,98.96926443681593,88.64044943820225,99.34213483146068,99.12865168539327,"Bryce Elder",27779,693821
"Austin Gomber","COL",0.05555556,0.31318681,3.369533165086052,,11,49,2,0,86.20975105558792,84.28461538461538,105.84505494505494,99.1021978021978,"Austin Gomber",16561,596295
"José Soriano","LAA",0.02083333,0.27238806,3.21288131701092,,19,73,3,0,73.87272142121041,103.46350026973566,97.67230713900378,99.09039291494335,"Jose Soriano",22100,667755
"Cole Irvin","BAL",0,0.26086957,,-0.40394133170006413,2,23,0,0,147.23239187040016,70.53913043478262,113.45072463768116,99.08550724637682,"Cole Irvin",19244,608344
"Jordan Leasure","CHW",0.16666667,0.3030303,,-0.9842606066405036,8,23,0,0,98.75212725350202,120.09797979797979,96.15353535353536,99.03333333333335,"Jordan Leasure",29950,673929
"Keegan Akin","BAL",0.1,0.25454545,,-0.7695965562764422,5,29,0,0,131.9585755949276,108.39743260590501,98.91614249037227,98.99987163029526,"Keegan Akin",19362,669211
"Jacob Latz","TEX",0.16666667,0.18604651,,-0.93715798136903,4,20,0,0,167.1428345455135,104.44767441860465,98.58255813953488,98.90581395348836,"Jacob Latz",21306,656641
"Kevin Gausman","TOR",0.03571429,0.275,4.880223721978761,,16,47,2,0,56.01393571062716,80.38820000000001,103.1002,98.8724,"Kevin Gausman",14107,592332
"Patrick Sandoval","LAA",0.11111111,0.26618705,-1.9629083340452609,,12,74,3,0,126.61804281139884,101.25533500910115,93.43680766230389,98.85700788766577,"Patrick Sandoval",19447,663776
"Matt Waldron","SDP",0,0.30851064,4.185985438024199,,17,45,2,0,55.10585084898273,76.62838491295938,104.6532736943907,98.80223887814313,"Matt Waldron",25550,663362
"Aaron Brooks","OAK",0.09090909,0.27218935,0.47240891603559965,,8,55,2,0,117.20716302663024,88.47869822485208,102.51952662721894,98.67514792899408,"Aaron Brooks",12272,605156
"Emilio Pagán","CIN",0,0.2,,1.7627568178353008,5,12,0,0,70.44825572636942,116.81333333333332,99.17333333333336,98.67,"Emilio Pagan",14771,641941
"Nate Pearson","TOR",0.11111111,0.3,,-0.18300418573704694,8,20,0,0,53.26302475067934,130.9188888888889,88.87444444444444,98.65555555555554,"Nate Pearson",20160,663878
"José Alvarado","PHI",0.05263158,0.30927835,,0.8573508160828245,7,27,0,2,59.66408953354584,99.21752577319587,102.33608247422681,98.58865979381444,"Jose Alvarado",17780,621237
"Tyler Holton","DET",0,0.32432432,,1.6770116232975754,4,24,0,1,92.09272734751059,86.3945945945946,102.87972972972972,98.58243243243244,"Tyler Holton",26231,663947
"Derek Law","WSN",0,0.3220339,,1.359447325549346,4,20,0,0,95.6642375783239,94.68474576271186,98.58474576271186,98.56949152542373,"Derek Law",13133,571882
"Jordan Hicks","SFG",0.04651163,0.28174603,0.03294639012777315,,13,60,3,0,89.05569214486253,95.52976190476188,95.58690476190476,98.56150793650794,"Jordan Hicks",19618,663855
"Eduardo Salazar","LAD",0,0.2173913,,0.11157681090850073,3,10,0,0,79.44961363644134,105.24444444444444,102.34888888888888,98.53555555555556,"Eduardo Salazar",23135,674285
"Erasmo Ramírez","TBR",0.1875,0.24637681,,-2.845648379040877,1,19,0,1,177.74895361801757,80.15072463768117,107.78985507246375,98.48260869565217,"Erasmo Ramirez",10314,541640
"Spencer Arrighetti","HOU",0.02173913,0.27561837,5.081570026657104,,18,71,3,0,89.9574114264518,92.25591781720156,98.55980110014208,98.47393173290588,"Spencer Arrighetti",29921,681293
"Chris Bassitt","TOR",0.05405405,0.24528302,1.3875367341738958,,9,51,2,0,100.5309753599215,88.9196785125481,99.88259296574465,98.46815808756183,"Chris Bassitt",12304,605135
"Jameson Taillon","CHC",0.07272727,0.24113475,-1.4417326451762165,,9,70,3,0,120.98123468074529,88.56312056737589,103.90744680851063,98.43652482269503,"Jameson Taillon",11674,592791
"Roansy Contreras","LAA",0,0.22580645,,0.1608377962713605,2,7,0,0,83.266859051347,107.05483870967743,100.39354838709677,98.38387096774194,"Roansy Contreras",22810,672710
"Brent Suter","CIN",0.05882353,0.2173913,-0.1656223227417069,-0.015873720698184404,3,21,1,0,116.080496879802,123.18478260869566,92.13152173913043,98.37608695652172,"Brent Suter",13942,608718
"Rafael Montero","HOU",0.09090909,0.21052632,,-0.47647926301268445,5,18,0,0,88.60504474432777,98.02894736842106,101.41842105263159,98.28157894736844,"Rafael Montero",12760,606160
"Zac Gallen","ARI",0.10909091,0.28928571,3.8058655409396818,,19,77,3,0,80.3821433991176,100.60999999999999,98.10642857142858,98.20214285714285,"Zac Gallen",19291,668678
"J.P. Feyereisen","LAD",0,0.26315789,,0.7104295904710702,2,9,0,1,94.55264057835792,87.59473684210528,97.52894736842104,98.17105263157895,"J.P. Feyereisen",16610,656420
"Brady Singer","KCR",0.0625,0.27526132,2.5115649646257254,,18,73,3,0,83.39729480368746,91.75226480836236,103.39233449477351,98.16411149825784,"Brady Singer",25377,663903
"Hayden Wesneski","CHC",0.08695652,0.28571429,,1.2198106187182143,9,34,0,0,73.26030722212745,86.94812030075187,97.65939849624061,98.12781954887218,"Hayden Wesneski",27581,669713
"Tyler Kinley","COL",0.11111111,0.26415094,,-1.261833929692294,6,26,0,1,89.20014498855441,70.84716981132075,99.15566037735849,97.94716981132076,"Tyler Kinley",18297,641755
"Mike Clevinger","CHW",0.20689655,0.28409091,-1.2307748296661245,,10,44,2,0,122.56653607385229,85.95511363636363,98.96022727272727,97.79488636363635,"Mike Clevinger",12808,605182
"Joe Ryan","MIN",0.11764706,0.2606383,2.8095606023753468,,11,48,2,0,98.01766870161313,96.0223404255319,104.45531914893617,97.68191489361702,"Joe Ryan",21390,657746
"Marcus Stroman","NYY",0.05660377,0.26258993,3.3725456316258278,,13,72,3,0,108.64993410855774,99.30179856115109,101.53273381294963,97.66654676258993,"Marcus Stroman",13431,573186
"Dean Kremer","BAL",0.14285714,0.28494624,-0.4438974594926595,,12,47,2,0,118.8183918214302,91.52150537634408,97.73279569892475,97.63763440860214,"Dean Kremer",19350,665152
"Ryne Nelson","ARI",0.06060606,0.28235294,0.9234100146879953,0.4643234750620484,9,47,1,0,98.44340211751808,93.6220623671155,101.12900070871721,97.52648476257973,"Ryne Nelson",26253,669194
"Sixto Sánchez","MIA",0.04081633,0.25206612,1.8936884029593282,,6,62,3,0,131.60261088066264,72.68057851239669,104.87190082644628,97.48264462809917,"Sixto Sanchez",19680,664350
"Jacob Webb","BAL",0,0.22018349,,-0.9680195936769439,1,24,0,0,214.5390581789661,117.17578947368422,93.35052631578947,97.41789473684211,"Jacob Webb",19274,657097
"Matt Bowman","ARI",0.16666667,0.24719101,,0.3610566692407104,4,24,0,0,104.5766167372295,99.46179775280899,95.38988764044943,97.3696629213483,"Matt Bowman",13528,621199
"Luis Severino","NYM",0.05660377,0.20547945,0.9512709023105533,,13,76,3,0,126.01761302272945,109.64623287671235,94.01267123287673,97.36198630136987,"Luis Severino",15890,622663
"Reed Garrett","NYM",0,0.2885906,,1.2665102316706311,11,39,0,1,83.56068439535929,115.51812080536911,89.61543624161074,97.32953020134227,"Reed Garrett",16866,657585
"Jackson Stephens","ATL",0,0.26666667,,0.20278619450590293,2,9,0,0,174.20794822045696,75.74,95.83666666666666,97.22666666666667,"Jackson Stephens",14420,623451
"Ronel Blanco","HOU",0.11111111,0.35185185,1.326710198151117,,4,14,1,0,95.72262566830216,106.54814814814816,100.22592592592594,97.21111111111111,"Ronel Blanco",19407,669854
"Ross Stripling","OAK",0.07407407,0.215,0.16486633319970637,,6,63,3,0,122.79770974854559,95.16,103.4675,97.09100000000001,"Ross Stripling",13273,548389
"Ray Kerr","ATL",0.13157895,0.33505155,1.3794977557963082,0.047036714441796926,15,55,1,0,73.92489154977929,101.38556701030927,99.72319587628867,96.99742268041237,"Ray Kerr",23809,678061
"Grayson Rodriguez","BAL",0.04545455,0.29545455,1.8227333892581457,,14,46,2,0,122.21782343818997,112.8056818181818,89.08238636363636,96.97613636363636,"Grayson Rodriguez",24492,680570
"Seth Martinez","HOU",0.03571429,0.23225806,,-0.9118744174706644,3,37,0,1,149.82233091514746,89.20403225806452,99.86612903225807,96.93540322580645,"Seth Martinez",21045,661527
"Beau Brieske","DET",0.05,0.26923077,,0.5925205033985608,4,27,0,0,126.00528627673404,102.73461538461538,100.5625,96.82211538461539,"Beau Brieske",26079,689225
"Mitchell Parker","WSN",0.09090909,0.26136364,0.6736822414295306,,10,46,2,0,89.74184060974976,87.04375,96.13125,96.82045454545455,"Mitchell Parker",27636,680730
"Matt Moore","LAA",0,0.29591837,,-0.4645462645494231,4,21,0,0,138.82627059840988,112.02551020408163,97.9234693877551,96.78775510204082,"Matt Moore",1890,519043
"Victor González","NYY",0,0.22222222,,0.28868327432209057,2,10,0,0,105.70333970844791,76.2488888888889,97.69777777777777,96.77333333333334,"Victor Gonzalez",16408,624647
"Robert Gasser","MIL",0.02173913,0.25925926,1.8112211342728033,,2,51,2,0,132.0716349525688,97.56604938271606,101.45370370370371,96.68333333333332,"Robert Gasser",29812,688107
"Albert Suárez","BAL",0,0.19075145,0.7445419724505605,0.6167251921191189,7,35,1,0,107.45933200130393,88.35953757225434,101.21734104046241,96.64913294797685,"Albert Suarez",6175,544150
"Dylan Floro","WSN",0,0.2875,,1.4774637259052683,3,24,0,0,100.2581026750273,86.96375,107.96875,96.63875,"Dylan Floro",13394,571670
"Kenta Maeda","DET",0.05882353,0.27027027,1.3460622629537435,,1,18,1,0,154.84684957703436,88.55810810810812,104.44324324324324,96.59729729729729,"Kenta Maeda",18498,628317
"Trevor Williams","WSN",0.06818182,0.25095057,2.5123511907195266,,13,59,3,0,91.36782452498257,81.8486692015209,108.36425855513308,96.5490494296578,"Trevor Williams",16977,592866
"Matt Koch","COL",0.25,0.26086957,,-2.5688500333170983,0,5,0,1,512.0728299244655,85.28695652173913,103.72173913043478,96.4913043478261,"Matt Koch",13420,571863
"Trevor Rogers","MIA",0,0.2716763,1.4673868069968754,,10,42,2,0,106.54489446957555,80.6121387283237,99.26763005780346,96.4306358381503,"Trevor Rogers",22286,669432
"AJ Smith-Shawver","ATL",0.08333333,0.24137931,1.4019986558028223,,4,18,1,0,124.60393768944057,98.94022988505746,99.1977011494253,96.39655172413794,"AJ Smith-Shawver",29960,700363
"Gavin Stone","LAD",0.075,0.24043716,1.352726736910006,,7,51,2,0,104.5095540336203,97.47978142076502,98.06612021857924,96.33169398907104,"Gavin Stone",27792,694813
"Clayton Andrews","NYY",0,0.26666667,,-1.4235659265149967,1,3,0,0,263.842636116707,16.2,94.52666666666667,96.3,"Clayton Andrews",23631,677076
"Slade Cecconi","ARI",0.1,0.23529412,-0.09547886519271621,-3.5375327986980563,5,47,1,0,145.68297362390902,94.21821546596166,98.37210839391936,96.29439524124257,"Slade Cecconi",27500,677944
"Carlos Estévez","LAA",0.07142857,0.26760563,,0.20642704719802654,3,20,0,1,145.9791119719287,107.71971830985915,98.13098591549294,96.20704225352112,"Carlos Estevez",14542,608032
"Tommy Kahnle","NYY",0.33333333,0.2,,0.0655507227211055,0,3,0,0,150.57630102264974,112.53333333333333,97.93333333333334,96.18,"Tommy Kahnle",11384,592454
"Parker Mushinski","HOU",0,0.16666667,,0.26086989619206086,0,18,0,0,144.17047819107282,107.305,100.19333333333334,96.06333333333333,"Parker Mushinski",21324,656786
"Adrian Houser","NYM",0.03846154,0.24778761,-0.24982123601871137,0.03515608053478108,5,34,1,0,130.94400870754447,90.7858407079646,98.04690265486727,96.06194690265487,"Adrian Houser",12718,605288
"John Brebbia","CHW",0,0.17333333,,0.5172099854935253,3,18,0,0,96.0905848752078,102.26533333333334,94.33466666666668,96.02266666666668,"John Brebbia",12777,605154
"Jared Koenig","MIL",0.04,0.30952381,0.940181013233711,-0.7137649195841609,7,35,2,0,81.34703103756358,87.88174603174603,98.48015873015873,95.89206349206349,"Jared Koenig",27517,657649
"John Means","BAL",0.06896552,0.28082192,1.3597534146836237,,5,36,2,0,123.03352045450667,91.52397260273973,95.19794520547946,95.877397260274,"John Means",16269,607644
"Ryan Weathers","MIA",0.05405405,0.2513089,2.785331086676419,,12,53,2,0,85.34893829159199,91.38062827225131,95.8198952879581,95.86753926701572,"Ryan Weathers",23796,677960
"Luis Castillo","SEA",0.09615385,0.23571429,-1.6275740735387934,,13,73,3,0,119.78192074557896,101.51428571428572,98.53035714285714,95.85142857142857,"Luis Castillo",15689,622491
"Ben Brown","CHC",0.16666667,0.32352941,1.6528193764579975,1.4129378506531094,12,33,1,0,72.48489882206361,106.09558823529412,91.38014705882352,95.76691176470588,"Ben Brown",23590,676962
"Anthony Molina","COL",0,0.17857143,,0.11862704549060488,1,7,0,0,139.1910943680156,99.32857142857144,100.3892857142857,95.72857142857143,"Anthony Molina",26952,683627
"Joe Jiménez","ATL",0,0.19354839,,-0.21020198166986617,1,14,0,0,182.44949051350125,89.30967741935484,102.53870967741935,95.7258064516129,"Joe Jimenez",15761,641729
"Brandon Hughes","ARI",0.33333333,0.125,0.12004620754529534,,0,3,1,0,184.50028477015425,90.575,101.7125,95.6625,"Brandon Hughes",23460,676714
"Nick Robertson","STL",0.21052632,0.26605505,,-1.711233612121278,6,26,0,0,95.79609360454508,82.76788990825689,96.56880733944953,95.65045871559634,"Nick Robertson",26226,687798
"T.J. McFarland","OAK",0,0.24358974,,-0.25726085827285017,1,19,0,0,116.02090462499426,70.43846153846152,92.37820512820512,95.61666666666667,"T.J. McFarland",3237,519008
"John Curtiss","COL",0,0.2,,-1.7443780653118386,0,3,0,0,184.50028477015425,91.46000000000001,104.28,95.58,"John Curtiss",16128,595928
"José Leclerc","TEX",0.2,0.30952381,,-1.289351522387901,6,21,0,0,112.44944304713161,104.52142857142859,92.0202380952381,95.44999999999999,"Jose Leclerc",14524,600917
"Martín Pérez","PIT",0.13888889,0.2173913,-6.078384613975687,,8,48,2,0,125.13043307840168,64.21684782608695,100.66684782608696,95.43532608695651,"Martin Perez",6902,527048
"JP Sears","OAK",0.08,0.23175966,1.877300127455138,,7,62,3,0,150.66966556711657,101.33175965665235,97.76351931330473,95.43047210300429,"JP Sears",23429,676664
"Tanner Rainey","WSN",0.5,0.27027027,,-1.049219984593542,2,10,0,0,230.87340193163504,109.01621621621622,88.1,95.41351351351352,"Tanner Rainey",17610,663432
"Adam Cimber","LAA",0,0.16666667,,-1.7331419010058957,1,11,0,0,114.78933426195648,21.830952380952382,96.39761904761906,95.39047619047618,"Adam Cimber",15288,643256
"Mitch White","MIL",0.05263158,0.22222222,,-2.543451326346444,5,29,0,0,140.90647560379836,100.13030303030303,94.93737373737375,95.22222222222223,"Mitch White",19225,669952
"Colin Rea","MIL",0.03846154,0.28838951,-0.1958856683419263,0.020667351003357766,12,72,2,0,116.65502307227548,83.32921348314608,101.812734082397,95.19475655430712,"Colin Rea",12317,607067
"Bryce Jarvis","ARI",0,0.21978022,,-0.13585130463854675,2,23,0,0,145.25220129295343,97.90419580419581,94.45794205794206,94.95814185814186,"Bryce Jarvis",27477,686826
"Michael King","SDP",0.05714286,0.29834254,1.4590789997579308,,13,52,2,0,91.45721272624607,92.02289678553491,99.92469864389753,94.92575339025615,"Michael King",19853,650633
"Lance Lynn","STL",0.0625,0.21808511,1.4691805003572895,,10,46,2,0,99.66827101791705,78.55754716981133,99.80566037735849,94.88396226415094,"Lance Lynn",2520,458681
"Emmanuel Ramirez","MIA",0,0.27272727,,0.29976018070397736,1,4,0,0,68.62531112635814,97.42727272727271,94.18181818181819,94.84545454545454,"Emmanuel Ramirez",17304,642629
"Nick Mears","COL",0.05555556,0.2919708,,0.5334171183312351,8,32,0,0,137.01819496230914,131.91751824817516,88.35401459854015,94.77883211678832,"Nick Mears",25376,683232
"Christian Scott","NYM",0.0625,0.23595506,-0.006542597859800886,,7,42,2,0,119.61258097553689,90.84044943820226,96.00842696629213,94.52022471910112,"Christian Scott",30107,681035
"Jose Quintana","NYM",0.0625,0.26490066,1.993795048525552,,8,42,2,0,97.80015808854922,79.87086092715232,100.20198675496688,94.49403973509934,"Jose Quintana",11423,500779
"Jon Gray","TEX",0.0625,0.24117647,2.0923744236508512,,7,44,2,0,105.83202294426772,83.49486858573216,100.31716520650814,94.4676846057572,"Jon Gray",14916,592351
"Scott Barlow","CLE",0.125,0.30434783,,-0.6349646163608169,6,16,0,0,53.55755508610398,126.3695652173913,91.18840579710147,94.38115942028986,"Scott Barlow",14993,605130
"Owen White","TEX",0,0.2173913,,-0.12158177183185231,0,6,0,0,191.19481452904859,87.31304347826087,95.94347826086958,94.3,"Owen White",22273,669391
"Joe Mantiply","ARI",0.11111111,0.25581395,0.17889577305533155,0.2598734617175269,3,14,1,0,108.09978037228093,72.24186046511628,95.01162790697674,94.26976744186045,"Joe Mantiply",14857,573009
"Brandon Bielak","OAK",0.13636364,0.2,,-0.3364009263948681,3,26,0,0,134.86156459439175,90.77411764705882,96.77999999999999,94.25999999999999,"Brandon Bielak",19866,656232
"Andrew Heaney","TEX",0.1,0.24698795,-1.3441260883526083,,6,40,2,0,135.00896001401804,77.44975322978661,98.69409928872115,94.24597183916389,"Andrew Heaney",15423,571760
"Cal Quantrill","COL",0.03571429,0.26984127,2.592075425456343,,13,45,2,0,71.03071369137704,108.01851851851852,95.69100529100528,94.15555555555557,"Cal Quantrill",19312,615698
"Griffin Canning","LAA",0.06060606,0.25396825,-2.178496906267259,,7,46,2,0,133.48532457970305,89.58981630105227,95.4617620831104,94.09771713929018,"Griffin Canning",19867,656288
"Kody Funderburk","MIN",0.08695652,0.32307692,,-0.38650738034265275,4,33,0,0,149.09128676117496,101.22878542510122,93.401012145749,94.03864372469636,"Kody Funderburk",24993,681892
"Mason Englert","DET",0.2,0.26086957,,-0.5825480868029288,1,6,0,0,135.6052299624311,93.91304347826087,99.5608695652174,93.89565217391306,"Mason Englert",22288,669438
"Génesis Cabrera","TOR",0.06666667,0.21333333,,-0.648760546928426,1,18,0,0,185.42743000823978,94.392,98.568,93.89466666666667,"Genesis Cabrera",17490,650893
"Steven Wilson","CHW",0.14285714,0.29310345,,0.4511519948722386,4,13,0,0,106.12879575097867,110.73620689655174,91.56724137931033,93.87413793103448,"Steven Wilson",20353,621051
"Alexis Díaz","CIN",0.05263158,0.27027027,,-1.6945701007306353,4,29,0,2,168.24929537408292,114.64324324324322,94.36486486486487,93.87027027027025,"Alexis Diaz",21132,664747
"Cionel Pérez","BAL",0.05882353,0.24324324,,0.6811634184082814,7,29,0,1,100.36516125927778,92.69256756756758,91.72770270270271,93.86199324324323,"Cionel Perez",19614,672335
"Landon Knack","LAD",0,0.296875,1.6256893433545212,,5,18,1,0,79.88073107552134,89.2640625,92.440625,93.8609375,"Landon Knack",27487,689017
"Nick Burdi","NYY",0.125,0.29113924,,-1.5291111482093274,4,17,0,0,198.31243730970664,125.21772151898735,87.26582278481014,93.86075949367088,"Nick Burdi",16074,595897
"Jordan Weems","WSN",0,0.20588235,,-0.006241996082259288,0,11,0,0,162.5356636029765,113.08823529411765,90.93823529411765,93.84705882352941,"Jordan Weems",13190,607179
"Yerry Rodríguez","TEX",0.05,0.22608696,,0.336336095530174,3,27,0,0,138.53892580405198,106.89217391304346,89.78,93.79304347826087,"Yerry Rodriguez",21955,666720
"Michael Soroka","CHW",0.17241379,0.28019324,-0.9776294633456015,0.3574005778273964,14,51,1,0,118.95078286785498,100.55652173913042,96.03140096618357,93.78019323671498,"Michael Soroka",18383,647336
"Carmen Mlodzinski","PIT",0.07142857,0.19,,-1.132231185203586,4,21,0,0,114.84285298340657,95.85799999999999,94.67,93.766,"Carmen Mlodzinski",27572,669387
"Logan Allen","CLE",0.04081633,0.29818182,2.6764169347159643,,17,71,3,0,79.1304839962899,78.33272727272727,101.66727272727273,93.75127272727272,"Logan Allen",27589,671106
"Aroldis Chapman","PIT",0.14285714,0.30379747,,-2.25842363559538,6,18,0,0,143.7220292671321,103.24303797468353,87.63924050632912,93.67721518987342,"Aroldis Chapman",10233,547973
"Braxton Garrett","MIA",0.05660377,0.29699248,4.38274373486609,,19,78,3,0,73.59387351525653,85.8411560150376,97.2970582706767,93.64325657894736,"Braxton Garrett",21844,666129
"Luis L. Ortiz","PIT",0.20833333,0.21428571,,-0.5906547625560326,7,38,0,0,167.4506730394964,100.61688311688312,94.57987012987013,93.57012987012986,"Luis L. Ortiz",27646,682847
"Bailey Falter","PIT",0.08955224,0.22519084,1.7684423290149958,,7,79,3,0,137.32093330560943,91.95333978527363,97.30489676895529,93.52912271735427,"Bailey Falter",20070,663559
"Buck Farmer","CIN",0.1,0.21666667,,0.13437175881085936,2,14,0,0,146.80969864740067,91.50166666666668,90.21166666666666,93.51333333333334,"Buck Farmer",14814,571656
"Jordan Montgomery","ARI",0.03703704,0.27777778,2.959531826808725,,14,74,3,0,97.50865586270368,95.70148148148148,96.52629629629631,93.43777777777778,"Jordan Montgomery",16511,656756
"Mason Black","SFG",0.18181818,0.22772277,-0.3805338713130345,-2.066987728578467,4,30,1,0,152.51730280885712,90.97425742574256,97.5990099009901,93.41980198019803,"Mason Black",30171,696131
"Sean Reid-Foley","NYM",0,0.27619048,,0.5837297727286372,5,25,0,0,127.56394716756559,108.99238095238096,91.18761904761905,93.41428571428571,"Sean Reid-Foley",17034,656887
"Ben Lively","CLE",0.1,0.28409091,-2.182792433255162,,12,45,2,0,92.94232151475784,68.48863636363636,101.53125,93.39886363636364,"Ben Lively",14932,594902
"Andrew Abbott","CIN",0.02380952,0.2513369,2.3951882935427182,,6,51,2,0,109.16833315763992,89.8336898395722,95.1320855614973,93.28235294117648,"Andrew Abbott",29911,671096
"Tim Hill","CHW",0,0.23529412,,-0.002078593184697891,6,30,0,0,140.83563798222121,107.26050420168069,98.26434573829532,93.27190876350541,"Tim Hill",16814,657612
"Nick Anderson","KCR",0,0.26582278,,0.3945429150114347,4,17,0,1,120.66434780205302,83.64683544303799,105.72025316455698,92.88481012658228,"Nick Anderson",18337,623433
"Tim Mayza","TOR",0.11111111,0.32432432,,0.45530357794978366,2,12,0,0,81.93231367213237,91.75405405405407,99.0027027027027,92.74864864864864,"Tim Mayza",15042,641835
"Matt Manning","DET",0.0952381,0.23353293,1.8845017024837916,,6,52,2,0,146.0358283531348,97.57245508982037,97.60299401197605,92.74371257485028,"Matt Manning",20369,666159
"Kyle Gibson","STL",0.11111111,0.25862069,0.9638077335568217,,6,45,2,0,110.55076481038695,93.06379310344826,93.53390804597701,92.54080459770115,"Kyle Gibson",10123,502043
"Pierce Johnson","ATL",0.11111111,0.3220339,,0.4243585404927643,4,15,0,0,126.5627567361286,152.22033898305085,89.86779661016949,92.39322033898304,"Pierce Johnson",13435,572955
"Javier Assad","CHC",0.03333333,0.2287234,-0.32626612686583895,,11,47,2,0,103.00618044751104,81.62127659574467,100.38031914893617,92.37234042553192,"Javier Assad",21741,665871
"Jesse Chavez","ATL",0.05,0.26315789,,-0.4584808994964723,5,28,0,0,117.76114822370548,87.12421052631578,97.01684210526317,92.34315789473685,"Jesse Chavez",5448,445926
"Michael Lorenzen","TEX",0.02083333,0.24567474,4.159316451551913,,14,72,3,0,116.27939887014662,92.69384811509744,94.14163540338737,92.28307776361319,"Michael Lorenzen",14843,547179
"José Suarez","LAA",0.08695652,0.234375,,-0.5116834563579856,5,33,0,0,135.04154713705648,102.42109375000001,90.13125000000001,92.1890625,"Jose Suarez",19911,660761
"Matthew Liberatore","STL",0.08333333,0.24615385,-1.1440297108940465,,4,31,2,0,116.52736549651726,88.36923076923077,90.37923076923076,92.15461538461537,"Matthew Liberatore",22294,669461
"David Robertson","TEX",0,0.30882353,,-0.5494230584911961,6,17,0,0,57.6194166051668,124.4470588235294,86.41764705882353,92.07058823529411,"David Robertson",8241,502085
"Cody Bolton","SEA",0.15384615,0.26315789,,-0.29035932411679827,4,19,0,0,119.59068374770456,89.92244582043344,92.30394736842106,92.06811145510838,"Cody Bolton",23265,675989
"Bryse Wilson","MIL",0.08695652,0.27522936,-1.9145992984394289,1.2582498335781296,11,64,2,0,122.70524104476937,90.10642201834861,95.31146788990824,92.02064220183486,"Bryse Wilson",19990,669060
"Nick Sandlin","CLE",0.11111111,0.29333333,,-1.7376380553682942,5,18,0,0,136.1571922401726,88.42933333333333,94.82666666666668,91.98933333333333,"Nick Sandlin",20517,680704
"Jackson Rutledge","WSN",0.33333333,0.28571429,,-0.6012170098586297,1,4,0,0,65.01721373061683,106.85000000000001,87.83571428571429,91.86428571428571,"Jackson Rutledge",26215,671131
"Pedro Avila","CLE",0.0625,0.22222222,,-0.3126908480136912,4,21,0,0,100.35509104885361,78.69444444444444,100.14222222222223,91.69,"Pedro Avila",18864,658648
"Jason Adam","TBR",0,0.35643564,,-0.3721625278554785,6,24,0,1,111.49487780261494,128.13168316831687,87.1930693069307,91.60594059405942,"Jason Adam",11861,592094
"José Ureña","TEX",0.1,0.25347222,1.1754002822092522,,12,75,3,0,89.0495823220671,85.4813988095238,97.66197725885226,91.54827152014651,"Jose Urena",11589,570632
"Graham Ashcraft","CIN",0.10204082,0.2283737,-0.8181407100925714,,11,69,3,0,136.93521105867418,115.30934256055362,94.64740484429065,91.41591695501731,"Graham Ashcraft",27552,668933
"Alek Manoah","TOR",0.10204082,0.28057554,1.4221443230300228,,17,73,3,0,100.93135299940252,85.12455669267405,96.8597730266491,91.41101935353124,"Alek Manoah",26410,666201
"Grant Hartwig","NYM",0.16666667,0.23333333,,-0.023857506982563975,3,18,0,0,137.8790681443352,108.44166666666666,90.71166666666664,91.38833333333332,"Grant Hartwig",29946,701643
"Jose Cuas","CHC",0.1875,0.22018349,,-1.3254095252605775,6,25,0,0,118.06730100276522,112.79449541284403,94.70642201834862,90.96880733944954,"Jose Cuas",17701,621016
"Ryan Pepiot","TBR",0.1,0.28787879,-0.33108260419161323,,3,18,1,0,181.04018615244888,119.88030303030303,85.19242424242424,90.95,"Ryan Pepiot",26221,686752
"Seranthony Domínguez","PHI",0,0.21538462,,-0.0943692685398766,2,17,0,0,141.81517890586622,114.95846153846155,89.04923076923077,90.8753846153846,"Seranthony Dominguez",19249,622554
"Brennan Bernardino","BOS",0.1,0.30434783,,0.7876045095486417,4,16,0,0,74.18590464519436,90.45169082125604,96.1975845410628,90.63381642512077,"Brennan Bernardino",16835,657514
"Shawn Dubin","HOU",0,0.30769231,,0.20050168129921805,2,11,0,1,81.4874638203534,123.67435897435898,84.52820512820513,90.59230769230768,"Shawn Dubin",24977,681869
"Hogan Harris","OAK",0,0.24489796,,0.09803265487791961,3,12,0,0,122.80566413901678,104.86734693877551,90.03673469387755,90.25306122448981,"Hogan Harris",21520,663687
"Thyago Vieira","MIL",0.15384615,0.27710843,,-1.0950890504985906,3,19,0,0,150.86340239676036,102.13989805375348,97.54087117701575,90.17641334569045,"Thyago Vieira",14510,600986
"Caleb Boushley","MIN",0,0.12903226,,0.2562254902595141,1,10,0,0,163.40002224573985,93.14516129032258,92.78709677419354,89.87419354838708,"Caleb Boushley",19736,676961
"Nick Avila","SFG",0.3,0.26388889,,0.038241077929752884,7,18,0,0,46.47374357126714,84.81805555555555,93.05555555555556,89.78194444444445,"Nick Avila",25667,687014
"Yuki Matsui","SDP",0,0.30693069,,0.6879093814589331,6,19,0,0,91.80465449000971,108.56336633663368,92.52673267326733,89.73762376237623,"Yuki Matsui",33826,673513
"Dakota Hudson","COL",0.05555556,0.23505976,0.02856150299638132,,8,70,3,0,123.71797358194017,86.54230577689243,95.89389442231075,89.63937250996015,"Dakota Hudson",19206,641712
"Will Smith","KCR",0.2,0.18367347,,0.026457442257027328,1,13,0,0,211.7498832336085,83.82857142857144,89.16938775510205,89.63673469387757,"Will Smith",8048,519293
"Josh Walker","NYM",0,0.25,,0.4803143883141612,4,20,0,0,121.37863200052841,83.5078947368421,90.82105263157895,89.45394736842105,"Josh Walker",23617,677020
"Patrick Corbin","WSN",0.13636364,0.23404255,-1.9951213586295447,,3,52,2,0,146.5460147401557,74.21595744680852,96.6718085106383,89.44202127659574,"Patrick Corbin",9323,571578
"Alex Wood","OAK",0.2,0.25,-1.2129199729354676,,1,12,1,0,181.56192916181072,40.875,92.70666666666666,89.19666666666667,"Alex Wood",13781,622072
"Ty Blach","COL",0.11111111,0.21698113,0.3586929281895021,,7,63,3,0,104.16365879453893,63.6438679245283,102.03066037735849,88.97877358490567,"Ty Blach",14361,621389
"Jalen Beeks","COL",0.04761905,0.20930233,,-1.5935401767637822,4,30,0,2,154.9841628882798,82.65891472868218,92.29612403100776,88.76124031007753,"Jalen Beeks",17192,656222
"José Buttó","NYM",0,0.24742268,0.40828247542015067,,4,21,1,0,156.08431589015706,93.4278350515464,89.28969072164949,88.64329896907216,"Jose Butto",23313,676130
"Erik Swanson","TOR",0,0.275,,0.6569992878606352,4,22,0,0,96.72874744560754,84.47,87.07249999999999,88.59875,"Erik Swanson",16587,657024
"James Paxton","LAD",0.05555556,0.19251337,-3.174881712614947,,6,46,2,0,122.12640681283932,75.40534759358289,97.95240641711229,88.56149732620321,"James Paxton",11828,572020
"Taijuan Walker","PHI",0.11538462,0.22068966,-1.2814112193409366,,6,38,2,0,150.51837304650937,86.26965517241378,91.36413793103448,88.50344827586207,"Taijuan Walker",11836,592836
"Ryan Yarbrough","LAD",0.04545455,0.18018018,,-2.3227649681594293,1,29,0,0,166.75485187080164,80.61513513513515,98.08435435435435,88.43048048048048,"Ryan Yarbrough",16502,642232
"Dane Dunning","TEX",0.09090909,0.2972973,-0.18188196241630727,,4,16,1,0,83.04608677570062,79.08378378378379,93.85540540540539,88.14324324324323,"Dane Dunning",19409,641540
"Blake Snell","SFG",0.11111111,0.22988506,0.2270211846202309,,5,19,1,0,148.05172896474548,94.05862068965517,83.92183908045976,88.05057471264368,"Blake Snell",13543,605483
"Eduard Bazardo","SEA",0,0.2238806,,0.07921879042486323,1,15,0,0,123.26322480923999,103.95223880597015,87.52835820895523,88.0268656716418,"Eduard Bazardo",20997,660825
"Kyle Harrison","SFG",0.13953488,0.24363636,-0.48197593451914045,,15,69,3,0,133.4181344056858,93.48836363636364,92.70218181818181,87.98581818181817,"Kyle Harrison",27758,690986
"Kyle Nicolas","PIT",0.125,0.27777778,,0.7881575314151648,5,14,0,0,70.44825572636942,134.4319444444444,84.02777777777777,87.91527777777777,"Kyle Nicolas",27775,693312
"Jared Shuster","CHW",0.1,0.24242424,,0.9864810735729672,4,26,0,0,115.7121951124449,74.52929292929292,94.79090909090908,87.68585858585858,"Jared Shuster",27472,694363
"Jhoan Duran","MIN",0.05882353,0.26315789,,-5.721943907689447,4,25,0,3,134.4932660839927,123.19342105263156,89.39868421052631,87.6578947368421,"Jhoan Duran",21029,661395
"Carlos Carrasco","CLE",0.0625,0.28,-0.21780080470412183,,3,20,1,0,98.86402172279986,83.86666666666666,94.05199999999999,85.85199999999999,"Carlos Carrasco",6632,471911
"Charlie Morton","ATL",0.14285714,0.23976608,-0.05273536403374324,,12,42,2,0,119.36109583700237,82.12456140350876,93.9285575048733,85.30462962962963,"Charlie Morton",4676,450203
"Triston McKenzie","CLE",0.20689655,0.20855615,-3.7337400294171394,,10,47,2,0,136.53760150364124,98.04904024767802,86.17595834506052,85.29225443287363,"Triston McKenzie",18000,663474
"Taylor Rogers","SFG",0.15384615,0.33333333,,0.19835184612479545,5,22,0,0,121.54965971071778,88.53548387096775,82.59139784946237,85.14193548387098,"Taylor Rogers",13449,573124
"Cole Sands","MIN",0.125,0.28846154,,0.10589287682158381,3,14,0,0,152.00786758073542,87.26346153846154,92.725,84.69999999999999,"Cole Sands",21461,663485
"Chris Devenski","TBR",0,0.25,,0.014620576896616609,0,1,0,0,77.92867335836621,92.525,100.05000000000001,84.675,"Chris Devenski",12763,606965
"Luke Little","CHC",0,0.37662338,,0.8331130674742877,7,22,0,0,88.71649983460784,79.33116883116882,84.68831168831169,84.47272727272727,"Luke Little",28036,681432
"Jonathan Heasley","BAL",0,0.17857143,,-0.34292221102997683,0,7,0,0,304.46095569973096,97.5142857142857,87.0857142857143,84.45000000000002,"Jonathan Heasley",22224,669169
"Jack Leiter","TEX",0.28571429,0.1875,-2.223331689624323,,1,13,1,0,365.15598720423685,98.66093749999999,84.590625,84.01718749999999,"Jack Leiter",30146,683004
"Alex Lange","DET",0,0.23809524,,-0.8912235184637041,4,30,0,0,196.99747705831135,117.20380952380953,79.86380952380954,83.77809523809523,"Alex Lange",19883,656638
"Trevor Richards","TOR",0,0.36538462,,0.9047937795271441,5,13,0,0,58.6848545377987,65.48076923076923,92.39615384615385,83.75,"Trevor Richards",19309,670950
"Joey Lucchesi","NYM",0.13333333,0.20289855,-1.4820124062893651,,2,21,1,0,165.49914709405985,74.89411764705882,90.5764705882353,83.32941176470588,"Joey Lucchesi",19320,664192
"Mike Baumann","- - -",0.1,0.21276596,,-0.2453090823538998,1,14,0,0,186.27406651141135,120.48117021276595,73.67712765957448,83.15925531914894,"Mike Baumann",20206,657508
"Yohan Ramírez","- - -",0.09090909,0.20289855,,-0.21894189017030963,2,16,0,0,167.34646357158468,127.74927536231885,77.37246376811592,83.1536231884058,"Yohan Ramirez",19444,670990
"Josh Fleming","PIT",0.28571429,0.2,,-1.0478791044792108,1,9,0,0,174.20794822045696,56.69,87.20250000000001,82.7625,"Josh Fleming",20418,676596
"Nick Ramirez","LAD",0.11111111,0.22222222,,-0.11884484821659293,1,12,0,0,166.8563694334621,83.17777777777778,76.29777777777778,82.71333333333334,"Nick Ramirez",12575,598286
"Ryder Ryan","PIT",0.33333333,0.25,,-0.3456904268204527,1,7,0,0,287.5388556428132,83.49285714285715,92.22857142857141,81.99642857142858,"Ryder Ryan",19891,656924
"Kirby Snead","SEA",0.1,0.26470588,,-0.23540577300922233,2,15,0,0,179.58958555041735,82.99088235294118,84.61558823529411,81.81235294117647,"Kirby Snead",19179,669912
"Peter Lambert","COL",0.08333333,0.203125,,-0.49567278791050917,2,19,0,0,210.92382551206953,107.6515625,79.228125,80.7125,"Peter Lambert",17969,663567
"Nick Nastrini","CHW",0.11764706,0.18604651,-2.2519916791543637,,0,23,1,0,281.8077469090181,104.39883720930231,79.93488372093023,79.11511627906977,"Nick Nastrini",29833,680897
"Jake Diekman","NYM",0,0.27272727,,-4.549929076340101,6,22,0,1,157.14731508830064,132.94213564213564,79.2937950937951,78.06017316017316,"Jake Diekman",5003,518617
"Jose Hernandez","PIT",0.66666667,0.14285714,,-1.3891445642121851,0,4,0,0,348.2865573473099,117.77142857142857,81.65714285714286,77.97142857142856,"Jose Hernandez",22318,669796
"Peter Strzelecki","CLE",0.4,0.12903226,,-0.05295652687921247,1,8,0,0,204.86544854959078,94.64838709677419,77.15483870967742,77.11935483870967,"Peter Strzelecki",21367,657265
"Tobias Myers","MIL",0,0.375,,0.6761995753735439,2,4,0,0,15.56795997235098,106.05625,82.80625,76.99375,"Tobias Myers",22191,668964
"Jake Bird","COL",0.25,0.27083333,,-2.3363447144547687,0,14,0,0,345.21860456193536,109.58541666666666,77.00833333333333,76.91458333333333,"Jake Bird",21267,656234
"Matt Carasiti","COL",0,0.22222222,,0.5608340266432545,1,4,0,0,68.62531112635814,71.78333333333333,84.28333333333333,72.85000000000001,"Matt Carasiti",13276,571539
"Willi Castro","MIN",0,0,,0.0439164082408529,0,3,0,0,150.57630102264974,,,,"Willi Castro",17338,650489
"Luke Williams","ATL",0,0.18181818,,0.04274343739270882,0,3,0,0,149.48332134132403,,,,"Luke Williams",19931,663897