Name,Team,xERA,K-BB%,Barrel%,CSW%,Starting,Relieving,TBF,GS,SV,xFIP-,Stuff+,Location+,Pitching+,NameASCII,PlayerId,MLBAMID
"Ryan Helsley","STL",1.72,0.22222222,0.01612903,0.32026144,,8.423232078552246,90,0,16,74.24457959752499,131.55223367697593,105.55463917525773,119.07938144329897,"Ryan Helsley",18138,664854
"Trevor Megill","MIL",2.25,0.26785714,0.05714286,0.33632287,,5.836135387420654,56,0,8,79.2892777297905,155.75470852017938,101.65470852017937,116.40448430493274,"Trevor Megill",17722,656730
"Adrian Morejon","SDP",2.66,0.2875,0.04081633,0.31596091,,6.499458312988281,80,0,0,56.91666887129709,122.63583061889253,109.1231270358306,115.7589576547231,"Adrian Morejon",20039,670970
"Griffin Jax","MIN",2.19,0.25,0.06122449,0.33333333,,6.256433010101318,84,0,5,64.79637528572488,133.29171597633135,102.56863905325437,115.00976331360941,"Griffin Jax",20253,643377
"Yimi García","TOR",1.44,0.26470588,0.07894737,0.30384615,,5.152935981750488,68,0,2,75.668304654935,119.36806083650188,107.2102661596958,114.63878326996202,"Yimi Garcia",12095,554340
"Emmanuel Clase","CLE",2.25,0.25531915,0.04615385,0.29752066,,10.708843231201172,94,0,16,56.73945140974174,146.69917127071824,105.9337016574586,114.09198895027627,"Emmanuel Clase",21032,661403
"Orion Kerkering","PHI",2.74,0.15625,0.02272727,0.32234432,,3.330765962600708,64,0,0,90.03875593661017,127.9128205128205,104.18205128205128,113.03076923076921,"Orion Kerkering",31776,689147
"Jared Jones","PIT",3.21,0.25108225,0.09210526,0.32318501,9.669873237609863,,231,10,0,74.27066580602701,132.31618705035973,104.89916067146288,112.786690647482,"Jared Jones",27863,683003
"Tyson Miller","- - -",3.35,0.24242424,0.10869565,0.27038627,,1.4160252660512924,66,0,0,85.43776615923414,115.26980716091481,109.20478276206714,112.45498853548122,"Tyson Miller",19976,668338
"Hunter Gaddis","CLE",2.74,0.21649485,0.04545455,0.3125,,6.937081336975098,97,0,0,85.67927869167491,108.94119318181819,107.79147727272729,112.27301136363636,"Hunter Gaddis",25636,683769
"Andrew Kittredge","STL",3.16,0.20481928,0.03703704,0.2852459,,2.670067548751831,83,0,0,76.49788981921863,116.11890034364261,103.49037800687286,112.02783505154638,"Andrew Kittredge",12828,552640
"Matt Strahm","PHI",2.74,0.37333333,0.09302326,0.33660131,,10.586043357849121,75,0,0,45.34510223991756,103.47177700348433,111.19128919860628,111.90313588850174,"Matt Strahm",13799,621381
"Paul Skenes","PIT",2.96,0.27419355,0.05555556,0.3032491,4.588604927062988,,62,3,0,57.42378606990278,112.38916967509024,104.81227436823106,111.47509025270759,"Paul Skenes",33677,694973
"Michael Kopech","CHW",3.94,0.18627451,0.07692308,0.31944444,,-2.61944580078125,102,0,5,96.97386194488635,143.38513189448446,102.37290167865707,111.41606714628297,"Michael Kopech",17282,656629
"Hunter Strickland","LAA",2.4,0.18518519,0.03333333,0.26363636,,5.027566909790039,81,0,0,87.72932874245465,106.50795107033636,103.58807339449544,110.45779816513766,"Hunter Strickland",7836,519326
"Corbin Burnes","BAL",2.94,0.18773946,0.07303371,0.30282376,14.614506721496582,,261,11,0,76.71598685394764,118.87543859649122,104.64532163742692,110.42670565302143,"Corbin Burnes",19361,669203
"Ryan Thompson","ARI",1.82,0.20481928,0.01612903,0.30584192,,8.014220237731934,83,0,0,67.71717372935497,110.86446886446883,104.96080586080585,110.32307692307693,"Ryan Thompson",16647,657044
"Nick Pivetta","BOS",4.17,0.23529412,0.11111111,0.27489177,2.0533831119537354,,119,6,0,81.54897918164417,137.99632034632035,107.20303030303029,110.13571428571429,"Nick Pivetta",15454,601713
"Kenley Jansen","BOS",4.08,0.15277778,0.125,0.28673835,,4.422621250152588,72,0,8,103.30877434431602,125.69230769230768,104.19384615384614,110.05961538461541,"Kenley Jansen",3096,445276
"Mason Miller","OAK",0.99,0.46428571,0,0.41833811,,14.516777038574219,84,0,10,15.013286229174264,150.95329512893983,105.39312320916902,109.9246418338109,"Mason Miller",31757,695243
"Trent Thornton","SEA",2.96,0.17241379,0.04918033,0.29846154,,4.22417688369751,87,0,0,87.23600479579817,114.39799426934097,103.08108882521489,109.23094555873924,"Trent Thornton",17948,663423
"Ryne Stanek","SEA",3.65,0.14102564,0.0754717,0.25559105,,1.9443976879119873,78,0,2,114.12263304148968,135.08283828382838,97.68811881188118,109.20495049504953,"Ryne Stanek",15947,592773
"Ryan Pressly","HOU",3.55,0.21590909,0.0877193,0.31232092,,3.0892350673675537,88,0,0,65.53882063157256,124.63237822349573,100.11346704871062,109.18710601719192,"Ryan Pressly",7005,519151
"Robert Suarez","SDP",2.52,0.20253165,0.09433962,0.25163399,,6.2477264404296875,79,0,14,95.02829507707588,136.81274509803924,103.97091503267973,108.98888888888887,"Robert Suarez",30115,663158
"Justin Martinez","ARI",2.83,0.11864407,0,0.31800766,,1.0686038732528687,59,0,0,92.39506794645855,112.81800766283521,105.07509578544061,108.84750957854405,"Justin Martinez",24453,679885
"Zack Wheeler","PHI",2.76,0.20220588,0.06395349,0.28954672,17.137380599975586,,272,11,0,82.82042621199194,102.94588344125808,105.28427382053654,108.77530064754853,"Zack Wheeler",10310,554430
"David Bednar","PIT",4.43,0.17708333,0.09230769,0.2835443,,0.8445774912834167,96,0,11,103.1947943126542,127.79187817258881,100.56421319796954,108.64035532994924,"David Bednar",19569,670280
"Hunter Harvey","WSN",3.07,0.2254902,0.01538462,0.29577465,,7.869869232177734,102,0,0,65.97263627617484,109.91009389671362,104.78333333333336,108.57441314553992,"Hunter Harvey",15507,640451
"Josh Hader","HOU",2.52,0.30769231,0.06666667,0.3241206,,5.968723297119141,91,0,7,49.20812369452083,120.45201005025127,97.4359296482412,108.52713567839197,"Josh Hader",14212,623352
"Clay Holmes","NYY",2.76,0.20618557,0.04761905,0.33613445,,7.680817604064941,97,0,15,60.91936340666456,128.81536388140165,101.94501347708892,108.46145552560647,"Clay Holmes",13649,605280
"Anthony Bender","MIA",5.58,0.18367347,0.09677419,0.30487805,,1.1543408632278442,98,0,0,89.29264849685616,118.77603686635948,102.08986175115207,108.43502304147462,"Anthony Bender",19742,669622
"Tanner Houck","BOS",3.26,0.19455253,0.03932584,0.31529657,19.014602661132812,,257,10,0,70.36008300529286,108.74083333333336,102.83583333333331,108.38187500000002,"Tanner Houck",19879,656557
"Nick Martinez","CIN",3.26,0.13513514,0.02739726,0.25667656,4.369922637939453,5.827023983001709,185,5,0,108.9037072986734,101.16275964391691,109.58160237388724,108.08456973293768,"Nick Martinez",12730,607259
"Evan Phillips","LAD",2.38,0.23636364,0,0.32300885,,5.024363994598389,55,0,8,67.83329122062219,123.21814159292033,104.33893805309732,107.97433628318586,"Evan Phillips",17734,623465
"Tanner Bibee","CLE",4.05,0.18292683,0.08536585,0.27081244,7.689477920532227,,246,11,0,93.90971607714621,102.34287148594379,104.99748995983937,107.85993975903612,"Tanner Bibee",30134,676440
"Edwin Díaz","NYM",3.09,0.27058824,0.10638298,0.32571429,,-1.1460565328598022,85,0,5,68.2112953420518,114.1610465116279,96.71424418604651,107.7735465116279,"Edwin Diaz",14710,621242
"Daniel Hudson","LAD",2.76,0.28378378,0.09803922,0.27522936,,1.1725614070892334,74,0,3,69.03351046452639,104.7669724770642,107.92599388379207,107.72354740061164,"Daniel Hudson",7146,543339
"Yennier Cano","BAL",4.28,0.12371134,0.06060606,0.27733333,,-3.4708495140075684,97,0,2,81.97835025266158,125.29839999999999,109.41200000000002,107.69653333333332,"Yennier Cano",25911,666974
"Cade Smith","CLE",2.5,0.29347826,0.06,0.35040431,,6.856537818908691,92,0,1,51.359209425052136,125.40492610837437,102.26330049261081,107.67586206896549,"Cade Smith",27867,671922
"Bryan Woo","SEA",1.95,0.23636364,0,0.33027523,5.2784857749938965,,55,3,0,73.4170937353077,106.55514018691588,109.61168224299064,107.57803738317757,"Bryan Woo",30279,693433
"Michael Grove","LAD",3,0.22807018,0.07936508,0.30504587,-0.6908550262451172,4.318500995635986,114,1,0,82.0238799661142,102.88721701537852,101.2954111939806,107.52580192726552,"Michael Grove",23221,675627
"Randy Rodríguez","SFG",1.74,0.25,0.02941176,0.27350427,,3.449799060821533,56,0,0,74.33924535063589,119.36239316239316,101.08247863247863,107.52094017094018,"Randy Rodriguez",23974,678495
"Tarik Skubal","DET",2.42,0.26839827,0.08108108,0.32438479,17.963830947875977,,231,10,0,63.172337281860436,105.04585253456223,104.19320276497697,107.42972350230414,"Tarik Skubal",22267,669373
"Stephen Kolek","SDP",4.52,0.11650485,0.05333333,0.26952141,,0.752371072769165,103,0,0,93.11083957813383,103.89164556962024,107.44911392405062,107.3030379746835,"Stephen Kolek",21487,663568
"Chris Martin","BOS",3.26,0.27027027,0.04166667,0.31095406,,3.25766658782959,74,0,0,67.41763871197855,105.3887596899225,110.09108527131784,107.23914728682168,"Chris Martin",11847,455119
"Sonny Gray","STL",3.18,0.25925926,0.07563025,0.325,9.670247077941895,,189,8,0,66.02651953168044,102.50367647058822,104.78191176470588,107.19220588235297,"Sonny Gray",12768,543243
"Jason Foley","DET",4.37,0.10843374,0.06666667,0.28382838,,2.5878684520721436,83,0,11,91.28810047853618,102.47530487804879,104.5551829268293,107.14634146341466,"Jason Foley",19531,671345
"Pierce Johnson","ATL",2.7,0.2,0.05263158,0.31439394,,2.230226755142212,65,0,1,78.45764910386288,137.97279999999998,102.05479999999999,106.9672,"Pierce Johnson",13435,572955
"Dylan Cease","SDP",3.12,0.23754789,0.10126582,0.30330882,16.28901481628418,,261,11,0,81.41524910557146,120.35018382352942,100.57656250000002,106.89292279411768,"Dylan Cease",18525,656302
"Kevin Gausman","TOR",4.89,0.18957346,0.09722222,0.28458943,9.44879150390625,,211,10,0,80.04122680816323,97.44547738693467,106.00904522613067,106.88881909547737,"Kevin Gausman",14107,592332
"Tyler Glasnow","LAD",2.44,0.26819923,0.07006369,0.2956778,17.993160247802734,,261,11,0,61.75952629384495,116.5155818540434,102.47386587771202,106.82899408284021,"Tyler Glasnow",14374,607192
"Zach Pop","TOR",2.74,0.15,0.03125,0.2601626,,-0.30188634991645813,40,0,0,86.04030204688014,100.36910569105692,104.41707317073168,106.67642276422764,"Zach Pop",20185,647315
"Kyle Bradish","BAL",2.7,0.19512195,0.04081633,0.32732733,5.515371322631836,,82,4,0,81.2420931504506,107.72596899224807,100.02403100775193,106.66589147286822,"Kyle Bradish",24586,680694
"Justin Wilson","CIN",2.98,0.26086957,0.13793103,0.2712766,,0.3236323595046997,46,0,0,87.93415556809742,103.65775401069521,106.16844919786094,106.66524064171125,"Justin Wilson",4301,458677
"MacKenzie Gore","WSN",3.63,0.2,0.06993007,0.27167019,10.751906394958496,,225,10,0,82.608361943456,116.69830866807614,101.68298097251585,106.65295983086682,"MacKenzie Gore",22201,669022
"Justin Steele","CHC",3.76,0.15740741,0.08974359,0.24358974,-0.3754356801509857,,108,5,0,99.28212718321024,99.4753846153846,104.79589743589746,106.63743589743589,"Justin Steele",17312,657006
"Yoshinobu Yamamoto","LAD",3.5,0.22727273,0.0952381,0.31892523,11.92257308959961,,220,10,0,73.79328935350648,100.36816037735846,105.28549528301886,106.5804245283019,"Yoshinobu Yamamoto",33825,808967
"Chris Paddack","MIN",4.11,0.16528926,0.09392265,0.26222222,6.069150447845459,,242,10,0,95.45126857461108,91.5979775280899,107.5402247191011,106.31337078651687,"Chris Paddack",20099,663978
"Alex Faedo","DET",3.47,0.12903226,0.06818182,0.30912863,,-0.29826536774635315,124,0,0,96.24806172283918,103.45320000000001,103.19899999999998,106.24800000000002,"Alex Faedo",19874,656412
"Shawn Armstrong","TBR",3.5,0.1980198,0.06349206,0.27525253,2.8444924354553223,0.9016435146331787,101,4,1,81.08076210466908,96.78284313725491,108.9532679738562,106.20254010695186,"Shawn Armstrong",12857,542888
"George Kirby","SEA",3.63,0.2,0.08465608,0.26282723,9.657705307006836,,255,11,0,89.91624432084106,104.24126679462573,105.79241842610364,106.07571976967371,"George Kirby",25436,669923
"Shota Imanaga","CHC",2.62,0.23444976,0.07042254,0.27458493,16.672183990478516,,209,9,0,79.55340246982502,95.52962112514352,105.9597014925373,105.94638346727893,"Shota Imanaga",33829,684007
"James McArthur","KCR",4.11,0.1980198,0.09589041,0.35734072,,0.9984164237976074,101,0,11,78.099934861651,104.84986737400536,99.67984084880638,105.86578249336874,"James McArthur",21527,663704
"Lucas Erceg","OAK",3.02,0.21839081,0.08,0.32621951,,1.9684783220291138,87,0,2,71.41371648033095,109.9140243902439,104.50396341463416,105.84542682926832,"Lucas Erceg",19360,668674
"Yusei Kikuchi","TOR",2.68,0.20338983,0.07407407,0.29126214,16.497358322143555,,236,10,0,77.550112655457,109.02146709816613,103.11078748651562,105.82265372168287,"Yusei Kikuchi",20633,579328
"Joey Estes","OAK",3.57,0.16417911,0.08333333,0.27160494,2.4018170833587646,,67,3,0,108.74347432832143,95.80414937759336,107.91369294605809,105.7473029045643,"Joey Estes",26257,683155
"Brandon Pfaadt","ARI",3,0.1902834,0.04545455,0.27973568,13.051137924194336,,247,10,0,90.9071288928984,104.77362030905077,106.51490066225166,105.71379690949227,"Brandon Pfaadt",27782,694297
"Sean Hjelle","SFG",3.45,0.22222222,0.07142857,0.32384342,,-0.8524461984634399,81,0,0,61.007190819192395,101.58185053380782,105.30996441281138,105.71209964412813,"Sean Hjelle",21481,663546
"Luis García","LAA",3.42,0.17391304,0.06349206,0.31304348,,2.6820003986358643,92,0,3,77.53866633158019,102.70204678362576,101.01578947368417,105.6742690058479,"Luis Garcia",6984,472610
"Emilio Pagán","CIN",3.73,0.2195122,0.08,0.28301887,,1.3589452505111694,82,0,0,85.83187225294434,107.16435643564355,105.3881188118812,105.65676567656766,"Emilio Pagan",14771,641941
"Kevin Ginkel","ARI",3.92,0.15476191,0.05,0.25073746,,1.2174298763275146,84,0,5,98.0881159717089,109.30974842767293,104.27421383647798,105.48616352201257,"Kevin Ginkel",19876,656464
"Hunter Greene","CIN",2.56,0.17293233,0.03658537,0.26153846,16.859432220458984,,266,11,0,100.24430951841583,125.56123260437377,97.9207753479125,105.47683896620279,"Hunter Greene",22182,668881
"Merrill Kelly","ARI",3.21,0.16304348,0.09230769,0.27423823,3.118549346923828,,92,4,0,89.46367257128603,101.47222222222223,108.50777777777776,105.39583333333331,"Merrill Kelly",11156,518876
"Cole Winn","TEX",4.31,0.15,0.09090909,0.29357798,,0.14553062617778778,60,0,0,97.00391203793073,109.84357798165136,102.49954128440368,105.36100917431193,"Cole Winn",22113,668390
"Dylan Lee","ATL",2.68,0.14444445,0.06349206,0.30645161,,2.5443127155303955,90,0,0,96.045283838439,93.60161812297736,103.84498381877022,105.12653721682848,"Dylan Lee",19996,669276
"Zach Eflin","TBR",3.55,0.16260163,0.07614213,0.28485577,8.762598037719727,,246,10,0,94.21671031321203,94.3825565912117,109.61611185086551,105.12556591211718,"Zach Eflin",13774,621107
"Austin Adams","OAK",2.98,0.24,0.05128205,0.31176471,,2.5767953395843506,75,0,0,73.73049570697756,107.09117647058821,94.22205882352941,105.12352941176471,"Austin Adams",13801,613534
"Luke Weaver","NYY",3.7,0.22580645,0.06329114,0.27984344,,2.4926626682281494,124,0,0,86.64288916556279,118.83365949119374,100.18532289628179,104.98493150684932,"Luke Weaver",16918,596133
"Ryne Nelson","ARI",4.93,0.11042945,0.07258065,0.23981191,2.50341534614563,0.4643234610557556,163,7,0,104.70275796190943,101.96897547349077,104.68175104825082,104.96022478366491,"Ryne Nelson",26253,669194
"Luke Jackson","SFG",4,0.11290323,0.05128205,0.24334601,,0.6829668283462524,62,0,0,97.21243893358692,125.56130268199236,91.29961685823757,104.90229885057471,"Luke Jackson",11752,592426
"Kyle Muller","OAK",4.05,0.12230216,0.09345794,0.26008065,,-0.5114433765411377,139,0,0,102.80235646235809,87.47580645161287,103.80201612903227,104.81068548387096,"Kyle Muller",20167,666205
"Enyel De Los Santos","SDP",3.3,0.24390244,0.14893617,0.32352941,,-2.2600457668304443,82,0,0,89.63542893272289,89.42869822485207,109.53550295857987,104.7346153846154,"Enyel De Los Santos",18403,660853
"Keegan Akin","BAL",2.32,0.17346939,0.06349206,0.29336735,,5.010959148406982,98,0,0,93.37583092727931,109.9250704225352,100.52450704225349,104.71577464788732,"Keegan Akin",19362,669211
"Tanner Scott","MIA",3.3,0.04210526,0.03636364,0.27586207,,0.08154439181089401,95,0,6,119.57022605581409,140.45368956743005,94.79465648854965,104.71297709923664,"Tanner Scott",17586,656945
"Brent Suter","CIN",4.46,0.13223141,0.07954545,0.24223602,-0.16562232375144958,-0.34677159786224365,121,1,0,106.85219658311162,97.72587991718426,99.69109730848861,104.69792960662522,"Brent Suter",13942,608718
"Lucas Sims","CIN",5.47,0.1,0.14285714,0.25177305,,-3.852250814437866,70,0,0,131.5330963915944,131.36077738515897,94.08833922261483,104.61696113074204,"Lucas Sims",13470,608371
"Logan Webb","SFG",4.83,0.12727273,0.06930693,0.2729805,13.549131393432617,,275,11,0,81.87243152047151,110.5197026022305,101.92472118959107,104.59944237918216,"Logan Webb",17995,657277
"Brayan Bello","BOS",4.25,0.13714286,0.08064516,0.26896552,1.6354535818099976,,175,8,0,88.5731301941691,104.32479224376729,100.73351800554019,104.50941828254847,"Brayan Bello",23920,678394
"Joe Ryan","MIN",2.78,0.23206751,0.09202454,0.28509719,13.870938301086426,,237,10,0,79.02103039763965,93.953125,109.20948275862068,104.4377155172414,"Joe Ryan",21390,657746
"Kutter Crawford","BOS",3.47,0.15708812,0.06741573,0.26666667,15.911717414855957,,261,11,0,102.088654761656,105.84480874316938,102.95704918032787,104.3816393442623,"Kutter Crawford",20531,676710
"Jacob Barnes","WSN",4.93,0.10526316,0.04651163,0.24886878,,1.2291926145553589,57,0,0,102.29536864598343,95.88687782805428,102.33303167420816,104.34298642533938,"Jacob Barnes",12323,606930
"Jack Flaherty","DET",2.76,0.2962963,0.04666667,0.34571723,12.835695266723633,,243,10,0,49.961827993304716,97.76405063291142,104.44189873417719,104.34025316455694,"Jack Flaherty",17479,656427
"Cole Ragans","KCR",3.3,0.21568627,0.06369427,0.2979351,17.58970069885254,,255,11,0,75.74766268192401,110.26140350877193,100.14181286549712,104.33167641325538,"Cole Ragans",21846,666142
"Tyler Alexander","TBR",5.16,0.12389381,0.10650888,0.27455621,-0.8308600187301636,-3.2657852172851562,226,6,0,118.43905203270272,91.9751393425793,105.42996173445577,104.31848057790305,"Tyler Alexander",17735,641302
"Hoby Milner","MIL",3.14,0.17346939,0.04477612,0.29090909,,1.816278338432312,98,0,1,76.5194070604344,102.44805194805201,105.33818181818181,104.31506493506497,"Hoby Milner",13346,571948
"Luis Castillo","SEA",3.7,0.18888889,0.08241758,0.27399814,10.282015800476074,,270,11,0,89.49726569929527,99.3642268041237,106.08329896907219,104.2855670103093,"Luis Castillo",15689,622491
"Keaton Winn","SFG",5.47,0.10169492,0.0952381,0.25816024,1.3061881065368652,,177,9,0,98.91049140355112,112.62109955423477,99.29895988112926,104.2696879643388,"Keaton Winn",23499,676775
"Aaron Nola","PHI",3.45,0.15957447,0.06091371,0.26522962,11.272928237915039,,282,11,0,88.61048941709917,97.49244306418223,106.32763975155282,104.24378881987579,"Aaron Nola",16149,605400
"Fernando Cruz","CIN",2.66,0.31578947,0.02564103,0.34848485,,8.577198028564453,95,0,0,48.26556207666874,123.16952908587255,97.8191135734072,104.22271468144044,"Fernando Cruz",7048,518585
"Greg Weissert","BOS",2.09,0.22352941,0.01785714,0.26592798,,3.7909440994262695,85,0,0,72.30885995219619,101.57430167597768,103.96396648044691,104.20446927374303,"Greg Weissert",20375,669711
"Jameson Taillon","CHC",3.65,0.08536585,0.0546875,0.26086957,3.2524826526641846,,164,7,0,113.24545428334568,89.4441223832528,109.4927536231884,104.16425120772948,"Jameson Taillon",11674,592791
"Max Meyer","MIA",3.86,0.16923077,0.12765957,0.31225296,2.865233898162842,,65,3,0,89.1364154936728,102.63873517786563,101.13122529644271,104.08142292490118,"Max Meyer",27474,676974
"Joe Jiménez","ATL",1.69,0.14102564,0,0.28025478,,4.457584381103516,78,0,0,102.31899674375941,103.27224080267557,104.73411371237455,104.07558528428096,"Joe Jimenez",15761,641729
"Justin Verlander","HOU",3.78,0.1257485,0.10344828,0.25037936,2.0192513465881348,,167,7,0,121.03258679859039,121.7257966616085,101.77329286798178,104.02852807283762,"Justin Verlander",8700,434378
"Grayson Rodriguez","BAL",4,0.16145833,0.08403361,0.2815534,8.114656448364258,,192,8,0,101.80649186292865,117.58987517337029,99.25506241331483,104.02011095700416,"Grayson Rodriguez",24492,680570
"Tanner Banks","CHW",3.52,0.22772277,0.08695652,0.29090909,1.54574716091156,3.0830752849578857,101,1,1,78.65982707077292,97.75272889283757,105.46260196677906,104.01657461653039,"Tanner Banks",16990,621383
"Ryan Pepiot","TBR",3.16,0.18238994,0.09183673,0.29750779,5.0254292488098145,,159,8,0,99.25413340751057,117.04688473520248,98.39018691588785,103.99875389408102,"Ryan Pepiot",26221,686752
"Bryan Hudson","MIL",2.05,0.24761905,0,0.29854369,,7.633441925048828,105,0,0,70.13467007707315,80.26743589743592,104.94641025641023,103.98666666666666,"Bryan Hudson",19924,663542
"Garrett Crochet","CHW",2.18,0.26637555,0.05714286,0.29461457,13.757195472717285,,229,11,0,68.65285728989295,107.53460282916213,102.61795429815015,103.94700761697496,"Garrett Crochet",27463,676979
"John Brebbia","CHW",5.47,0.21428571,0.08888889,0.28070175,,0.25491613149642944,70,0,1,86.55396992523201,108.08453237410072,102.03489208633094,103.87733812949641,"John Brebbia",12777,605154
"Tyler Rogers","SFG",2.5,0.16161616,0.03703704,0.23197492,,1.5937515497207642,99,0,1,84.61976900311588,120.45673981191224,105.36520376175548,103.86645768025079,"Tyler Rogers",15541,643511
"Aaron Bummer","ATL",3.16,0.16666667,0,0.31230284,,2.0272672176361084,78,0,0,73.7132317391667,103.29700000000001,105.10766666666667,103.86566666666667,"Aaron Bummer",16258,607481
"Bryce Miller","SEA",4.17,0.17391304,0.13291139,0.2675737,2.1324946880340576,,230,10,0,95.14802796601222,111.5363945578231,102.39512471655327,103.86564625850338,"Bryce Miller",29837,682243
"Elvis Peguero","MIL",3.92,0.13333333,0.0483871,0.30835735,,5.025567054748535,90,0,0,87.05002896252283,120.87294832826746,99.99908814589665,103.80182370820667,"Elvis Peguero",21652,665625
"Chris Devenski","TBR",5.4,0.07246377,0.07692308,0.29473684,,-3.785515546798706,69,0,0,141.7294011706036,100.62499999999999,100.86056338028168,103.57464788732395,"Chris Devenski",12763,606965
"Pablo López","MIN",3.14,0.23893805,0.08496732,0.2890625,9.217241287231445,,226,10,0,76.10144604389288,98.00223214285714,101.88504464285714,103.43749999999999,"Pablo Lopez",17085,641154
"Andrew Nardi","MIA",3.14,0.22093023,0.05769231,0.26246719,,4.714687347412109,86,0,0,83.35367598798152,108.55263157894738,102.7528947368421,103.31394736842103,"Andrew Nardi",25942,677053
"Casey Mize","DET",4.28,0.12121212,0.07843137,0.23498695,5.685359001159668,,198,9,0,94.98532716022366,109.09330985915491,104.92605633802819,103.28978873239436,"Casey Mize",20492,663554
"Adam Ottavino","NYM",2.76,0.25,0.08510638,0.35045317,,3.866295576095581,84,0,1,75.11407230195692,108.3117994100295,100.29380530973452,103.22890855457229,"Adam Ottavino",1247,493603
"Andrés Muñoz","SEA",2.62,0.25,0.08695652,0.32248521,,3.8661599159240723,84,0,10,66.19991340676386,115.49529780564265,98.87429467084637,103.16896551724142,"Andres Munoz",20373,662253
"Jeff Hoffman","PHI",2.32,0.24719101,0.03773585,0.30397727,,8.497100830078125,89,0,4,69.98751836041377,115.80598290598287,99.93589743589745,103.0965811965812,"Jeff Hoffman",17432,656546
"Simeon Woods Richardson","MIN",3.73,0.13286713,0.08333333,0.22905983,7.114957332611084,,143,7,0,109.42458772374619,85.64691729323307,107.61578947368423,103.08225563909774,"Simeon Woods Richardson",24494,680573
"Victor Vodnik","COL",3.68,0.08730159,0.04395604,0.23507463,,2.6761748790740967,126,0,0,98.47716239672896,121.88075396825396,102.02678571428567,103.0813492063492,"Victor Vodnik",24614,680767
"Ian Hamilton","NYY",4.03,0.0990099,0.04285714,0.31550802,,1.762749433517456,101,0,0,112.52365808827179,121.32216748768474,103.00049261083748,103.07044334975366,"Ian Hamilton",19261,641656
"Zack Kelly","BOS",4.25,0.05555556,0.04255319,0.27516779,,-1.3749864101409912,72,0,0,116.13491554102926,110.82617449664428,100.75805369127515,103.0523489932886,"Zack Kelly",20349,677161
"Danny Coulombe","BAL",2.52,0.26865672,0.04444444,0.31118881,,3.537961721420288,67,0,1,60.70993825012813,80.56608391608393,102.5688811188811,102.97832167832169,"Danny Coulombe",13293,543056
"Bailey Ober","MIN",3.4,0.20192308,0.09352518,0.28113879,8.788010597229004,,208,10,0,98.5473916173881,89.86090584028605,106.51883194278899,102.94171632896305,"Bailey Ober",21224,641927
"Cristopher Sánchez","PHI",3.89,0.12711864,0.05952381,0.26530612,14.3732271194458,,236,10,0,80.12683905466086,96.84131668558456,99.3466515323496,102.9138479001135,"Cristopher Sanchez",20778,650911
"Jeremiah Estrada","SDP",2.62,0.32,0.03846154,0.29807692,,3.011826276779175,50,0,1,64.66520225736339,143.17198067632847,98.07584541062803,102.80628019323669,"Jeremiah Estrada",22210,669093
"Jordan Romano","TOR",5.33,0.16981132,0.08108108,0.29032258,,-0.025886859744787216,53,0,7,97.68599977253443,133.27580645161288,96.5236559139785,102.73172043010754,"Jordan Romano",16122,605447
"Hunter Stratton","PIT",2.68,0.24742268,0.09230769,0.29945055,,3.9328277111053467,97,0,1,78.64366799203337,111.72692307692307,101.06758241758243,102.6956043956044,"Hunter Stratton",23455,676702
"Colin Holderman","PIT",2.31,0.20588235,0.08108108,0.30107527,,3.813340187072754,68,0,0,85.87415473426337,110.83777777777777,98.82185185185183,102.69407407407408,"Colin Holderman",22361,670059
"Nestor Cortes","NYY",2.85,0.18181818,0.06486486,0.26634146,12.31576156616211,,264,11,0,99.46072479255062,97.93593750000001,103.16220703124999,102.69384765625001,"Nestor Cortes",17874,641482
"Joel Payamps","MIL",4.03,0.16438356,0.11538462,0.28214286,,1.0182870626449585,73,0,4,99.64493018383304,102.19318996415771,101.54265232974912,102.6856630824373,"Joel Payamps",14332,606303
"Ranger Suárez","PHI",2.31,0.22764228,0.04294479,0.28297872,18.597896575927734,,246,10,0,67.64305023949346,84.68021276595745,105.43393617021273,102.6755319148936,"Ranger Suarez",17277,624133
"Randy Vásquez","SDP",5.65,0.09,0.08536585,0.23474178,0.544147789478302,,100,5,0,112.14966419144554,105.85176470588237,104.16470588235292,102.60588235294121,"Randy Vasquez",24719,681190
"A.J. Minter","ATL",3.07,0.21794872,0.09803922,0.30795848,,-1.9443639516830444,78,0,1,87.24013125520695,106.7249134948097,103.54878892733564,102.51245674740487,"A.J. Minter",18655,621345
"Paul Blackburn","OAK",4.49,0.12234043,0.07971014,0.25273224,3.6200623512268066,,188,8,0,95.15694991046814,94.00437235543016,105.16699576868832,102.49026798307476,"Paul Blackburn",14739,621112
"Jake Irvin","WSN",4.74,0.15086207,0.10227273,0.26174497,9.63275146484375,,232,10,0,95.59665214501838,97.14485458612975,105.8699105145414,102.48445190156599,"Jake Irvin",21504,663623
"Brad Keller","CHW",5.16,0.09210526,0.14035088,0.27607362,-2.3210930824279785,-0.3914926052093506,76,2,0,102.66819345232882,101.37570907797632,101.36696452387304,102.46476393704988,"Brad Keller",15734,641745
"Slade Cecconi","ARI",3.42,0.10687023,0.08080808,0.25779626,0.6452856659889221,-3.5375328063964844,131,5,0,129.3918539333598,97.96886863728969,102.47103778156409,102.45690525690526,"Slade Cecconi",27500,677944
"Abner Uribe","MIL",4.58,0.03030303,0.075,0.27906977,,-0.40739139914512634,66,0,3,115.2367377764398,137.44891774891775,94.01818181818182,102.42294372294373,"Abner Uribe",25327,682842
"Joey Wentz","DET",3.89,0.20224719,0.05357143,0.30898876,,0.9215494394302368,89,0,0,78.26407962436573,93.1555555555555,102.23009259259261,102.33587962962966,"Joey Wentz",19962,666214
"Luis Gil","NYY",2.78,0.18552036,0.05785124,0.27789474,13.293355941772461,,221,10,0,88.88890608545691,114.17334035827187,96.1383561643836,102.32033719704954,"Luis Gil",21052,661563
"Yu Darvish","SDP",3.4,0.1745283,0.05479452,0.2748184,8.325647354125977,,212,10,0,92.4191295525819,97.79987804878054,103.30012195121952,102.31475609756096,"Yu Darvish",13074,506433
"Ryan Brasier","LAD",3.68,0.19148936,0.0625,0.28834356,0.08482237905263901,-1.4172732830047607,47,1,0,80.6766984910145,97.00785685071577,103.005063394683,102.29957873210635,"Ryan Brasier",5615,518489
"Raisel Iglesias","ATL",2.85,0.11392405,0.01694915,0.25337838,,2.202589750289917,79,0,12,104.6965633371187,106.84315789473683,101.82807017543861,102.27508771929824,"Raisel Iglesias",17130,628452
"Grant Anderson","TEX",3.28,0.10638298,0,0.28915663,,-0.9579697251319885,47,0,0,115.14715373708185,104.27289156626506,99.93915662650603,102.2542168674699,"Grant Anderson",20546,681982
"Cam Booser","BOS",2.89,0.25,0.10204082,0.32462687,,1.1603950262069702,76,0,0,81.8075729831936,97.06007462686564,100.52201492537314,102.23470149253733,"Cam Booser",16061,592155
"Kyle Leahy","STL",3,0.08,0.02631579,0.24378109,,1.5747102499008179,50,0,0,113.10916788148151,101.91741293532337,103.06368159203979,102.17711442786073,"Kyle Leahy",24763,681517
"Cooper Criswell","BOS",3.35,0.18309859,0.08163265,0.28503185,4.594460964202881,-0.0944114476442337,142,7,0,81.249200491652,106.91831572090332,105.01487127522158,102.12185787938178,"Cooper Criswell",24975,681867
"John Means","BAL",4.55,0.175,0.06557377,0.28125,4.180030345916748,,80,4,0,109.1440853201517,86.61312500000001,101.64781250000001,102.08218749999999,"John Means",16269,607644
"John King","STL",2.6,0.13461539,0.02439024,0.28901734,,0.9609169363975525,52,0,0,78.1421901457524,84.59479768786125,104.32427745664744,102.0699421965318,"John King",22051,667463
"Carlos Rodón","NYY",4.49,0.14785992,0.09714286,0.26479146,5.088833332061768,,257,11,0,113.93269568340634,118.58971871968963,97.92822502424829,102.0540252182347,"Carlos Rodon",16137,607074
"Jason Adam","TBR",4.61,0.08988764,0.10714286,0.31908832,,-1.350899577140808,89,0,3,113.97502619230178,131.957264957265,93.99487179487178,102.05299145299149,"Jason Adam",11861,592094
"Clarke Schmidt","NYY",3.65,0.19642857,0.07801418,0.31229597,9.060396194458008,,224,10,0,86.71140470782244,114.538185443669,100.11984047856433,102.03668993020939,"Clarke Schmidt",19899,657376
"Brock Stewart","MIN",3.09,0.21153846,0.03448276,0.30143541,,2.2189860343933105,52,0,0,74.3946027127975,119.26995305164321,99.87230046948356,102.02112676056338,"Brock Stewart",16727,592779
"Bowden Francis","TOR",6.06,0.14705882,0.1627907,0.28514056,-2.693535089492798,0.7036312222480774,68,2,0,92.63788913390542,103.85381526104418,97.33413654618474,101.99839357429718,"Bowden Francis",20548,670102
"Drew Smith","NYM",3.52,0.08510638,0.03448276,0.23880597,,1.7941099405288696,47,0,1,133.00413243450495,113.55075376884422,100.93919597989951,101.9899497487437,"Drew Smith",17755,622098
"Garrett Whitlock","BOS",4.19,0.13333333,0.06,0.25545171,3.6952450275421143,,75,4,0,93.65864443229441,103.4703125,101.32187500000002,101.95843749999999,"Garrett Whitlock",20191,676477
"Bryan Hoeing","MIA",4.86,0.14473684,0.07272727,0.27574751,,2.201998710632324,76,0,0,83.00473089220658,100.88919753086421,101.67870370370369,101.89444444444446,"Bryan Hoeing",26304,663773
"Austin Voth","SEA",4.03,0.15853659,0.10169492,0.26282051,,-1.6514441967010498,82,0,0,100.6210904905344,99.73644859813082,102.75327102803735,101.85856697819317,"Austin Voth",15047,608723
"Kirby Yates","TEX",1.84,0.19444444,0,0.3022508,,5.985330104827881,72,0,7,88.60504581609433,94.15548387096779,101.12838709677419,101.81258064516129,"Kirby Yates",9073,489446
"Kyle Finnegan","WSN",4.83,0.11688312,0.08,0.25239617,,-1.2768572568893433,77,0,14,91.08448765450645,97.86428571428571,106.82889610389608,101.8025974025974,"Kyle Finnegan",15009,640448
"Justin Lawrence","COL",5.3,0.05050505,0.03174603,0.28900256,,0.37434014678001404,99,0,2,116.62540966940568,106.82078239608803,91.85036674816624,101.79437652811733,"Justin Lawrence",17639,664875
"Alex Vesia","LAD",2.94,0.16483517,0.17021277,0.29427793,,0.913456380367279,91,0,1,115.19830833054564,113.72486338797815,98.19316939890706,101.79180327868853,"Alex Vesia",25007,681911
"Joe Musgrove","SDP",6.02,0.12371134,0.10526316,0.28286853,-3.597327709197998,,194,9,0,110.1109001936038,115.2445945945946,100.72986486486484,101.72486486486486,"Joe Musgrove",12970,605397
"Craig Kimbrel","BAL",3.68,0.25,0.13513514,0.31212121,,3.2734594345092773,76,0,11,83.20558370644288,114.40091463414636,97.53292682926828,101.67835365853658,"Craig Kimbrel",6655,518886
"Anthony Maldonado","MIA",2.89,0.08163265,0.05128205,0.29444444,1.202139973640442,0.2972857356071472,49,1,1,124.5910412906864,98.99000000000002,100.67888888888888,101.67777777777778,"Anthony Maldonado",26034,687424
"José Ruiz","PHI",2.6,0.15789474,0.04347826,0.30872483,,0.1721913069486618,38,0,0,91.59909789358382,105.02818791946306,102.28255033557049,101.6268456375839,"Jose Ruiz",14552,614179
"Tyler Holton","DET",3.09,0.17,0.05555556,0.29651163,,1.1946609020233154,100,0,1,93.33967021619436,86.87493333333333,105.36480000000003,101.49546666666664,"Tyler Holton",26231,663947
"Drew Smyly","CHC",3.05,0.11320755,0.08108108,0.26315789,,-0.4455375671386719,53,0,0,118.31129262640046,112.47307692307692,96.94375,101.47067307692308,"Drew Smyly",11760,592767
"Landen Roupp","SFG",6.22,0.06349206,0.11904762,0.29411765,,-0.4910946190357208,63,0,0,115.62348078499073,132.9830258302583,90.44243542435423,101.39778597785977,"Landen Roupp",30076,694738
"Frankie Montas","CIN",4.58,0.06593407,0.06666667,0.23012552,2.6252336502075195,,182,9,0,126.17241639605872,102.60587412587411,102.31398601398601,101.39412587412588,"Frankie Montas",14309,593423
"Freddy Peralta","MIL",3.83,0.23043478,0.10294118,0.28013029,10.933673858642578,,230,10,0,82.8213121538612,110.13261131167268,96.2779783393502,101.39025270758121,"Freddy Peralta",18679,642547
"Taj Bradley","TBR",5.58,0.28169014,0.20454545,0.29104478,2.950080633163452,,71,3,0,69.84329744018335,102.17649253731344,97.71529850746269,101.3839552238806,"Taj Bradley",22543,671737
"Garrett Cleavinger","TBR",3.16,0.17241379,0.02380952,0.31052632,,3.8318545818328857,87,0,3,86.60986837133329,114.2443502824859,95.46384180790957,101.37231638418083,"Garrett Cleavinger",17897,664076
"Aaron Civale","TBR",4.03,0.16393443,0.07142857,0.2867884,1.7354836463928223,,244,11,0,93.1549069680212,96.66872294372294,99.6077922077922,101.35497835497834,"Aaron Civale",19479,650644
"Jonathan Cannon","CHW",5.47,0.14285714,0.10869565,0.26459144,1.953061580657959,,63,3,0,96.8389650356389,97.7871641791045,105.38149253731345,101.27402985074626,"Jonathan Cannon",31730,686563
"Alec Marsh","KCR",4.03,0.13714286,0.06349206,0.2724595,8.598043441772461,,175,8,0,103.01696480905382,98.57828655834567,101.73722304283604,101.2261447562777,"Alec Marsh",27451,679525
"Ryan Feltner","COL",3.78,0.13333333,0.06896552,0.25306577,9.262870788574219,,240,10,0,101.31587395703522,100.63482142857144,100.6954241071429,101.21216517857144,"Ryan Feltner",21446,663372
"Chris Sale","ATL",2.5,0.28054299,0.03597122,0.33796296,16.36728858947754,,221,9,0,61.26220765687598,107.29698375870069,102.81902552204174,101.18967517401391,"Chris Sale",10603,519242
"Framber Valdez","HOU",3.92,0.12865497,0.04098361,0.28432956,3.3265326023101807,,171,7,0,78.59140121203828,111.40434782608696,96.44219001610308,101.1882447665056,"Framber Valdez",17295,664285
"Logan Gilbert","SEA",3.21,0.17343173,0.06486486,0.28528827,11.481668472290039,,271,11,0,86.7504210974539,120.82483516483519,99.46956043956042,101.11802197802199,"Logan Gilbert",22250,669302
"Kyle Hendricks","CHC",6.29,0.08641975,0.07317073,0.26020408,-5.736644268035889,0.0808895081281662,162,7,0,108.20022574998465,102.39001909428032,104.2459886662246,101.10806533804856,"Kyle Hendricks",12049,543294
"Rafael Montero","HOU",4.8,0.08139535,0.078125,0.21883657,,-4.260771751403809,86,0,0,110.96559594024833,99.4509695290859,105.79279778393354,101.06177285318556,"Rafael Montero",12760,606160
"Jordan Hicks","SFG",3.6,0.12340426,0.06707317,0.27463312,8.083732604980469,,235,11,0,97.5230776542523,111.93809024134312,96.7215110178384,101.03536201469045,"Jordan Hicks",19618,663855
"Ryan Fernandez","STL",3.78,0.19767442,0.07407407,0.29608939,,1.7559601068496704,86,0,1,79.54132995703291,91.35322128851543,102.58207282913165,101.00728291316526,"Ryan Fernandez",24862,681676
"Spencer Turnbull","PHI",4.11,0.18292683,0.07476636,0.2852984,6.629097938537598,-0.11993797868490219,164,6,0,85.06066958268056,111.14207735495945,100.08032636175591,101.00442810081974,"Spencer Turnbull",16207,605513
"Caleb Thielbar","MIN",3.5,0.16949153,0.07692308,0.32126697,,2.730628490447998,59,0,3,99.74897727599271,101.97892156862744,102.87745098039214,100.97843137254903,"Caleb Thielbar",10078,573204
"David Robertson","TEX",3.21,0.22772277,0.03571429,0.33415842,,4.559565544128418,101,0,1,73.24240431817759,117.63514851485145,96.14900990099012,100.95618811881187,"David Robertson",8241,502085
"Ryan Walker","SFG",2.78,0.30841122,0.03278689,0.33100233,0.2847089171409607,6.730197429656982,107,1,0,62.34885738134783,105.48624708624706,99.81351981351979,100.93752913752915,"Ryan Walker",20423,676254
"Nathan Eovaldi","TEX",3.42,0.14880952,0.05882353,0.30134933,6.538193225860596,,168,7,0,92.39927804900083,97.66771771771771,102.72792792792794,100.92762762762763,"Nathan Eovaldi",9132,543135
"Jacob Webb","BAL",3.83,0.1011236,0.10714286,0.26890756,,1.837841272354126,89,0,2,109.8769495752185,109.99853801169591,96.6809941520468,100.8891812865497,"Jacob Webb",19274,657097
"Kevin Kelly","TBR",3.63,0.18390805,0.04761905,0.32038835,,-1.58378005027771,87,0,1,81.02242241889289,116.97540453074431,102.92265372168285,100.86957928802592,"Kevin Kelly",25679,687330
"Joely Rodríguez","BOS",4.8,0.17647059,0.13157895,0.30188679,,-1.5024882555007935,51,0,0,63.73845309359925,75.39528301886793,104.9683962264151,100.86556603773586,"Joely Rodriguez",11487,570257
"Jesús Luzardo","MIA",3.55,0.17582418,0.10655738,0.29905277,7.580569267272949,,182,8,0,94.55243822774271,98.26730083234246,99.64601664684899,100.86397146254457,"Jesus Luzardo",19959,666200
"John Schreiber","KCR",3.52,0.11702128,0.04347826,0.22222222,,5.7020158767700195,94,0,1,103.47161565115387,98.83252688172044,104.51317204301071,100.75215053763439,"John Schreiber",20020,670167
"Bryan Abreu","HOU",3.78,0.21428571,0.0862069,0.30530973,,-2.1721343994140625,112,0,0,93.15666696612493,123.48314855875832,96.89512195121951,100.66541019955655,"Bryan Abreu",16609,650556
"Bobby Miller","LAD",4.19,0.24,0.11538462,0.27678571,1.5913199186325073,,50,3,0,65.31460260858478,125.63928571428573,94.98348214285714,100.65178571428571,"Bobby Miller",27483,676272
"Mitch Spence","OAK",3.33,0.13970588,0.06382979,0.27821012,0.6045519709587097,1.4524509906768799,136,2,0,87.89475150821264,101.33268482490274,101.35622568093385,100.61984435797666,"Mitch Spence",27707,687765
"Angel Zerpa","KCR",4.11,0.17857143,0.0862069,0.26979472,,1.7416828870773315,84,0,0,78.73521107804953,85.41638888888886,103.48583333333337,100.5777777777778,"Angel Zerpa",22717,672582
"Keegan Thompson","CHC",4.37,0.23214286,0.16129032,0.27896996,,0.8797404170036316,56,0,0,73.58459034047473,95.86051502145921,100.40858369098713,100.57296137339057,"Keegan Thompson",19795,624522
"Jordan Wicks","CHC",4,0.17592593,0.08695652,0.24601367,4.219784259796143,,108,5,0,95.83172823626128,94.15421412300684,102.7883826879271,100.57038724373575,"Jordan Wicks",30094,696136
"Michael Kelly","OAK",3.33,0.11403509,0.02439024,0.27669903,,0.9826198220252991,114,0,0,113.79234812589448,119.3640776699029,98.6808252427185,100.56529126213587,"Michael Kelly",12791,547184
"Camilo Doval","SFG",3,0.1443299,0.0754717,0.32048193,,0.1669825315475464,97,0,9,79.16029984447893,111.4529126213592,100.34150485436895,100.53907766990291,"Camilo Doval",21992,666808
"JoJo Romero","STL",2.94,0.2244898,0.05970149,0.3075,,7.3451924324035645,98,0,0,64.84117169559588,85.2946291560102,101.84424552429665,100.52710997442459,"JoJo Romero",19574,668941
"Calvin Faucher","MIA",4.28,0.15189873,0.1,0.25153374,,3.317211627960205,79,0,0,84.83772894165546,144.00138121546956,100.36933701657458,100.52265193370167,"Calvin Faucher",20116,676534
"Walker Buehler","LAD",3.7,0.17948718,0.03571429,0.26315789,-0.7612767219543457,,78,4,0,86.0558559937033,96.13074534161491,101.02826086956522,100.49689440993791,"Walker Buehler",19374,621111
"Miles Mikolas","STL",4.8,0.12698413,0.078125,0.27410618,4.76889705657959,,252,11,0,100.9502565927714,88.90749999999996,107.14315217391304,100.4932608695652,"Miles Mikolas",9803,571945
"Carlos Estévez","LAA",3.05,0.21212121,0.10869565,0.31128405,,0.8979931473731995,66,0,7,99.15098164289702,106.05175097276266,102.64241245136186,100.46731517509727,"Carlos Estevez",14542,608032
"Will Vest","DET",3.94,0.11235955,0.01449275,0.27828746,,1.992634892463684,89,0,0,93.23157247654528,95.61433021806855,101.78193146417448,100.45981308411213,"Will Vest",19769,676684
"Jorge Alcala","MIN",3.89,0.08695652,0.03448276,0.29189189,,1.5444895029067993,46,0,0,133.09490690215608,115.9073891625616,95.0758620689655,100.43694581280789,"Jorge Alcala",19459,660896
"Erick Fedde","CHW",3.4,0.15267176,0.07065217,0.24521073,10.728009223937988,,262,11,0,95.12676059263296,97.35228377065108,103.74305150631682,100.42711370262391,"Erick Fedde",17425,607200
"T.J. McFarland","OAK",2.11,0.06976744,0,0.29801325,,3.3613200187683105,86,0,0,92.29829950651757,63.265562913907274,101.1735099337748,100.42615894039734,"T.J. McFarland",3237,519008
"Robert Garcia","WSN",2.46,0.22222222,0.04761905,0.29562044,,4.111383438110352,72,0,0,67.08002084070122,106.89194139194136,101.32783882783883,100.42161172161168,"Robert Garcia",23363,676395
"Justin Slaten","BOS",3.07,0.20792079,0.02816901,0.26216216,,8.747686386108398,101,0,1,71.34466435492494,106.71216216216214,98.84675675675676,100.35459459459459,"Justin Slaten",25648,686580
"Hunter Brown","HOU",4.4,0.0990099,0.04511278,0.26603325,-3.4844236373901367,0.3033505380153656,202,9,0,105.44059945373931,104.02393041363898,99.40359316364248,100.34063742990064,"Hunter Brown",25880,686613
"Seth Lugo","KCR",3.73,0.16197183,0.09223301,0.29439696,15.062894821166992,,284,11,0,94.93648950667045,98.91756885090216,100.75916429249766,100.3131054131054,"Seth Lugo",12447,607625
"José Berríos","TOR",4.49,0.13207547,0.07936508,0.28828829,4.7604146003723145,,265,11,0,100.51873402632606,92.36996662958842,102.90111234705229,100.25795328142381,"Jose Berrios",14168,621244
"Caleb Ferguson","NYY",5.06,0.17333333,0.13333333,0.28716216,,-1.2515716552734375,75,0,1,93.75909295027006,93.01562499999997,108.35531249999997,100.24156249999999,"Caleb Ferguson",19349,657571
"Tayler Scott","HOU",2.98,0.1559633,0.01538462,0.29936306,,2.362224817276001,109,0,0,85.32000847925137,91.29866369710469,99.26325167037864,100.13452115812917,"Tayler Scott",13652,605463
"Michael Tonkin","- - -",4.22,0.11956522,0.03389831,0.265,,-0.27266399562358856,92,0,0,108.40866750657278,101.57170320767194,99.06131897203326,100.06223063114133,"Michael Tonkin",10315,543859
"Tyler Wells","BAL",7.09,0.14925373,0.11764706,0.25868726,1.3765802383422852,,67,3,0,103.97918671719877,102.30733590733591,104.7034749034749,100.01698841698843,"Tyler Wells",20000,669330
"Trevor Richards","TOR",2.83,0.18181818,0.09259259,0.32564103,,0.5922513008117676,88,0,0,96.77465989858008,90.41129032258064,97.49327956989248,100.0013440860215,"Trevor Richards",19309,670950
"Jordan Leasure","CHW",3.6,0.11235955,0.05,0.26704545,,1.7703509330749512,89,0,2,113.72391297053794,110.38670212765959,97.50478723404254,99.99760638297874,"Jordan Leasure",29950,673929
"Yunior Marte","PHI",5.8,0.11864407,0.07142857,0.23660714,,-0.07681743800640106,59,0,0,83.77060321657311,108.76576576576575,99.13783783783784,99.97837837837838,"Yunior Marte",14416,628708
"Zack Littell","TBR",3.26,0.19742489,0.06586826,0.27539503,12.607624053955078,,233,10,0,88.19037058021807,83.32545248868779,105.48823529411764,99.95169683257917,"Zack Littell",15823,641793
"Mitch White","- - -",6.79,-0.01,0.09459459,0.21204188,,-4.554896533489227,100,0,0,143.01003912946675,93.99502617801046,101.63848167539267,99.86020942408376,"Mitch White",19225,669952
"Max Fried","ATL",3.16,0.11914894,0.04848485,0.26543879,9.178829193115234,,235,10,0,85.30956269248078,97.99501084598701,99.07711496746207,99.74251626898048,"Max Fried",13743,608331
"Ben Brown","CHC",4.77,0.1863354,0.11881188,0.31869919,5.9244208335876465,3.678337574005127,161,5,0,90.33436095546128,110.34721905091392,95.64889004209192,99.70304099636739,"Ben Brown",23590,676962
"Shane Bieber","CLE",2.56,0.42222222,0.04166667,0.35542169,6.011979103088379,,45,2,0,10.956997093357849,97.47530120481927,101.77048192771085,99.6987951807229,"Shane Bieber",19427,669456
"Michael King","SDP",4.17,0.14828897,0.08333333,0.31434185,3.017199754714966,-0.7717666029930115,263,10,0,97.07061463182774,92.82995666158624,100.90550447130643,99.67811800342132,"Michael King",19853,650633
"Tyler Anderson","LAA",4.61,0.08171206,0.1005291,0.27136752,7.749859809875488,,257,10,0,122.36573644291234,94.10395721925131,101.70192513368981,99.67465240641711,"Tyler Anderson",12880,542881
"Kyle Nelson","ARI",5.4,0.0952381,0.06666667,0.29655172,,-1.1470884084701538,42,0,0,93.15769339128987,71.64758620689655,107.36068965517242,99.66413793103447,"Kyle Nelson",20515,669459
"Jhoan Duran","MIN",2.58,0.17777778,0.03571429,0.3125,,-2.922760009765625,45,0,6,79.93779188008624,127.47875000000002,99.21062500000001,99.576875,"Jhoan Duran",21029,661395
"Joe Kelly","LAD",3.65,0.15517241,0.08108108,0.26339286,,2.7144317626953125,58,0,0,84.85303331273852,102.13303571428574,94.44419642857143,99.54107142857144,"Joe Kelly",9761,523260
"Mike Clevinger","CHW",7.13,0.07692308,0.14814815,0.27722772,-1.3326653242111206,,78,4,0,129.8757432050022,86.26501650165018,99.11683168316833,99.53300330033004,"Mike Clevinger",12808,605182
"Dennis Santana","NYY",3.89,0.08235294,0.078125,0.25961538,,1.264163851737976,85,0,2,113.23116041800199,104.33493975903613,98.72981927710845,99.49728915662651,"Dennis Santana",17878,642701
"Cole Sands","MIN",4.11,0.26744186,0.09803922,0.28828829,,1.1849781274795532,86,0,2,81.12340524410551,90.9650969529086,100.53795013850414,99.4573407202216,"Cole Sands",21461,663485
"Erasmo Ramírez","TBR",4.03,0.04545455,0.14,0.25541126,,-4.904442310333252,66,0,1,141.76377390399236,86.15584415584414,106.51645021645021,99.44718614718619,"Erasmo Ramirez",10314,541640
"Luis Severino","NYM",3.42,0.09795918,0.04216867,0.24058577,8.544955253601074,,245,10,0,106.79916276159554,105.78732984293195,99.36031413612562,99.35842931937171,"Luis Severino",15890,622663
"Cody Bolton","SEA",3.94,0.08695652,0.08510638,0.29803922,,0.10425501316785812,69,0,0,113.90190646337443,97.33984063745021,98.4179282868526,99.34541832669325,"Cody Bolton",23265,675989
"Reed Garrett","NYM",2.07,0.2631579,0,0.34513274,,7.463306427001953,114,0,2,67.68987954910608,118.2096579476861,93.20261569416502,99.33641851106641,"Reed Garrett",16866,657585
"Matt Bowman","- - -",4.74,0.06451613,0.13636364,0.24583333,,-1.781772494316101,62,0,0,123.11492639983898,99.48083333333334,97.50833333333334,99.32999999999998,"Matt Bowman",13528,621199
"Steven Okert","MIN",3.55,0.13513514,0.06382979,0.31851852,,-1.0193352699279785,74,0,1,112.02649780095746,99.81595744680853,94.72730496453903,99.31737588652483,"Steven Okert",13580,595345
"Mitch Keller","PIT",4.64,0.1358885,0.06862745,0.28058252,9.823031425476074,,287,11,0,101.210504919491,100.52091439688718,101.66352140077822,99.22509727626458,"Mitch Keller",17594,656605
"Jacob Latz","TEX",3.83,0.08510638,0.06349206,0.24934383,,0.8597745895385742,94,0,0,125.85574265608896,104.43569482288828,96.8732970027248,99.21634877384194,"Jacob Latz",21306,656641
"Trevor Rogers","MIA",5.3,0.08108108,0.07643312,0.26358382,3.0064332485198975,,222,10,0,107.77432982803772,85.62862232779098,100.9725653206651,99.20878859857483,"Trevor Rogers",22286,669432
"Chase Anderson","BOS",4.46,0.01801802,0.06976744,0.25799087,-3.796999454498291,1.6912176609039307,111,1,2,143.11451252821183,103.1911605065909,100.66739467562674,99.12028086499528,"Chase Anderson",6895,502624
"Nick Robertson","STL",4.61,0.23076923,0.11111111,0.28780488,,-0.4087112247943878,52,0,0,83.61269980759398,87.9751219512195,100.38439024390243,99.10634146341465,"Nick Robertson",26226,687798
"Pete Fairbanks","TBR",2.34,0.18181818,0,0.34134615,,3.7513129711151123,55,0,4,84.98964588139675,127.68798076923076,91.87403846153848,99.09086538461536,"Pete Fairbanks",17998,664126
"Nate Pearson","TOR",4.19,0.14634146,0.0625,0.28235294,,-0.22343292832374573,82,0,1,99.62107290133216,124.66563467492263,92.2532507739938,99.08111455108359,"Nate Pearson",20160,663878
"Hayden Wesneski","CHC",3.05,0.16129032,0.04395604,0.29119639,5.136254787445068,3.707552671432495,124,3,0,88.61226552465672,84.52257336343115,101.83137697516929,99.07381489841985,"Hayden Wesneski",27581,669713
"Michael Wacha","KCR",3.65,0.12083333,0.05780347,0.25896861,7.841231822967529,,240,10,0,105.48777724665673,89.07355035605288,102.45991861648017,99.06022380467957,"Michael Wacha",14078,608379
"Patrick Sandoval","LAA",4,0.13360324,0.06097561,0.29121422,6.993387699127197,,247,11,0,97.58419560273002,99.06261127596437,97.72551928783385,99.04183976261125,"Patrick Sandoval",19447,663776
"Ross Stripling","OAK",4.25,0.09126984,0.04411765,0.25111607,6.633368968963623,,252,11,0,109.3226194468202,88.84709821428571,104.45669642857142,99.02232142857143,"Ross Stripling",13273,548389
"Adam Cimber","LAA",4.03,0.13333333,0.08510638,0.25517241,,1.117803692817688,75,0,0,102.07297552371661,85.91758620689656,94.37275862068968,98.98758620689658,"Adam Cimber",15288,643256
"Carson Spiers","CIN",4.43,0.04444445,0.02777778,0.3006993,,0.8629103302955627,45,0,0,135.0659438840066,94.45874125874126,102.18391608391607,98.95874125874126,"Carson Spiers",27685,686730
"Erik Miller","SFG",3.73,0.17708333,0.14,0.3180778,-0.8093218803405762,-1.8856663703918457,96,2,0,85.36303700541663,107.96789900917088,97.416012454131,98.94332199898162,"Erik Miller",26252,669062
"Tobias Myers","MIL",4.77,0.12820513,0.12,0.26213592,-3.975270986557007,0.6761995553970337,78,4,0,107.13849636328841,94.95339805825243,101.10064724919093,98.90161812297735,"Tobias Myers",22191,668964
"Nick Lodolo","CIN",3.09,0.24285714,0.08333333,0.33152174,8.752403259277344,,140,6,0,79.26386260247897,102.81781818181817,101.4329090909091,98.88909090909091,"Nick Lodolo",26378,666157
"Andrew Heaney","TEX",4.49,0.15023474,0.08552632,0.26215896,4.4090728759765625,,213,10,0,110.72963069446003,80.57348394768135,102.36694411414983,98.87871581450653,"Andrew Heaney",15423,571760
"Mike Baumann","- - -",3.63,0.05813954,0.05172414,0.25617284,,-0.8196658194065094,86,0,0,125.3872974615703,114.37880790758604,92.84630423563972,98.853046723036,"Mike Baumann",20206,657508
"Dean Kremer","BAL",5.36,0.14975845,0.12857143,0.28242424,1.2537562847137451,,207,9,0,99.67397688094061,88.7657831325301,101.20807228915662,98.82807228915664,"Dean Kremer",19350,665152
"Seranthony Domínguez","PHI",3.94,0.12820513,0.09259259,0.23853211,,-0.22638501226902008,78,0,0,112.03792664802097,114.55078864353312,95.85236593059938,98.78895899053626,"Seranthony Dominguez",19249,622554
"Yariel Rodríguez","TOR",5.8,0.11111111,0.06382979,0.27152318,1.1294325590133667,,72,4,0,107.4684894439218,99.40132890365447,98.51760797342193,98.77076411960134,"Yariel Rodriguez",33838,684320
"Yency Almonte","CHC",3.02,0.17910448,0.08108108,0.2761194,,1.876710057258606,67,0,1,94.95959605687376,112.66443661971834,95.14260563380282,98.74190140845073,"Yency Almonte",15068,622075
"Aaron Brooks","OAK",4.52,0.10909091,0.09090909,0.27218935,0.4724089205265045,,55,2,0,117.20716302663024,88.47869822485207,102.51952662721894,98.67514792899408,"Aaron Brooks",12272,605156
"Daniel Palencia","CHC",4.19,0.07692308,0.06451613,0.27363184,,0.7615532875061035,52,0,1,114.84284684638415,113.597,93.73000000000002,98.65799999999997,"Daniel Palencia",27914,694037
"Jonathan Hernández","TEX",4.77,-0.03508772,0.06060606,0.27559055,,-2.119858503341675,57,0,0,136.84195687229027,102.48055555555557,96.17103174603177,98.62261904761905,"Jonathan Hernandez",17464,642546
"Seth Martinez","HOU",3.45,0.02608696,0.04651163,0.24885845,,-1.9246118068695068,115,0,1,129.2851050312937,94.33265306122448,101.31326530612246,98.58954081632653,"Seth Martinez",21045,661527
"Edward Cabrera","MIA",4.28,0.17525773,0.11764706,0.32850242,1.9679598808288574,,97,5,0,87.65123249465107,99.58985507246375,97.57246376811594,98.57512077294686,"Edward Cabrera",21690,665795
"Blake Snell","SFG",4.31,0.1038961,0.08,0.26086957,0.744942843914032,,77,4,0,105.53877838965558,106.6080745341615,95.38043478260869,98.52111801242236,"Blake Snell",13543,605483
"Derek Law","WSN",3.78,0.152,0.04545455,0.27252747,,4.157651901245117,125,0,0,84.84985924723904,93.41743929359828,102.86600441501099,98.49227373068433,"Derek Law",13133,571882
"Jorge López","NYM",4.14,0.06930693,0.08333333,0.28211587,,1.6516324281692505,101,0,2,116.44444610665849,106.28064516129032,98.09727047146397,98.48163771712159,"Jorge Lopez",14527,605347
"Chris Bassitt","TOR",4.58,0.10041841,0.0797546,0.26331967,3.956275463104248,,239,10,0,104.84112664274451,96.00637860082301,99.73189300411524,98.46111111111112,"Chris Bassitt",12304,605135
"Reynaldo López","ATL",3.92,0.14356436,0.04379562,0.2911726,11.959136962890625,,202,9,0,96.3374357238709,95.66346666666664,100.95666666666666,98.46066666666668,"Reynaldo Lopez",16400,625643
"José Soriano","LAA",3.57,0.12785388,0.07801418,0.27872861,8.337654113769531,-3.1898114681243896,219,9,0,90.54185006784476,104.14473109318767,95.59464532497044,98.39032577520787,"Jose Soriano",22100,667755
"Adbert Alzolay","CHC",6.58,0.09333333,0.16363636,0.25531915,,-8.331071853637695,75,0,4,118.78218840059758,110.80491329479766,98.39884393063586,98.38815028901733,"Adbert Alzolay",17859,640470
"Nick Mears","COL",3.68,0.10377359,0.03174603,0.28743961,,2.1717188358306885,106,0,0,102.94836801746582,121.07389277389275,92.76340326340326,98.37086247086249,"Nick Mears",25376,683232
"JP Sears","OAK",4.22,0.09311741,0.09090909,0.25578947,3.4331157207489014,,247,11,0,123.61145725323598,102.89841772151897,100.04145569620253,98.3570675105485,"JP Sears",23429,676664
"Declan Cronin","MIA",3.42,0.13,0.03174603,0.28453039,,2.756608724594116,100,0,0,89.28190165789243,64.88812154696133,99.32624309392264,98.30276243093924,"Declan Cronin",25645,686539
"Alexis Díaz","CIN",3.78,0.06741573,0.03846154,0.28650138,,1.2168653011322021,89,0,9,134.2305631411077,114.66473829201102,92.95950413223142,98.24545454545452,"Alexis Diaz",21132,664747
"Albert Suárez","BAL",2.78,0.13913044,0.03658537,0.24740125,4.5578179359436035,1.6000367403030396,115,4,0,102.9083530912108,86.93367983367983,104.1968814968815,98.1950103950104,"Albert Suarez",6175,544150
"Zac Gallen","ARI",3.92,0.19396552,0.07051282,0.27924945,10.238235473632812,,232,10,0,83.19159416490263,96.26799116997795,98.20618101545254,98.19249448123622,"Zac Gallen",19291,668678
"Reid Detmers","LAA",3.57,0.17094017,0.10322581,0.29398907,6.535388469696045,,234,10,0,94.00529159738291,97.50492880613359,97.52376779846658,98.16692223439213,"Reid Detmers",27468,672282
"Roansy Contreras","- - -",3.92,0.11111111,0.09259259,0.25172414,,-1.461804360151291,81,0,0,114.9173635094021,100.31731651683884,97.42913323493894,98.16162082382934,"Roansy Contreras",22810,672710
"Emerson Hancock","SEA",5.91,0.08053691,0.09821429,0.25925926,-0.9304625391960144,,149,7,0,123.60748087032957,85.7454128440367,103.44388379204894,98.09051987767583,"Emerson Hancock",27470,676106
"Aroldis Chapman","PIT",3.78,0.12987013,0.07407407,0.31372549,,-1.7434556484222412,77,0,1,107.32017946330457,117.41876750700283,86.9736694677871,98.08683473389354,"Aroldis Chapman",10233,547973
"Spencer Arrighetti","HOU",4.55,0.1299435,0.05309735,0.28254848,5.232463359832764,,177,8,0,102.77050701846866,77.94265175718851,97.97971246006391,98.08578274760382,"Spencer Arrighetti",29921,681293
"Matt Manning","DET",4.52,0.08943089,0.09090909,0.26940639,2.020983934402466,,123,5,0,126.42651097844386,98.59322580645158,97.86548387096772,98.07564516129032,"Matt Manning",20369,666159
"Darius Vines","ATL",6.18,0.06779661,0.08695652,0.25,-0.30076804757118225,-0.8164463043212891,59,2,0,132.78744132704438,78.99913793103448,103.25775862068966,98.07327586206897,"Darius Vines",25928,670241
"Tommy Henry","ARI",5.65,0.1,0.10752688,0.25193798,0.49109452962875366,,130,6,0,108.67257872420484,82.27270531400967,104.15845410628016,97.98719806763285,"Tommy Henry",26285,674072
"Christian Scott","NYM",3.3,0.17391304,0.04615385,0.26446281,3.5747313499450684,,92,4,0,99.61643348772526,99.72975206611572,95.62258953168045,97.94462809917356,"Christian Scott",30107,681035
"Jay Jackson","MIN",3.76,0.15625,0.06153846,0.26804124,,-0.7783820033073425,96,0,0,96.5778956987906,96.40277777777777,102.04747474747477,97.88308080808078,"Jay Jackson",7432,543351
"Mitchell Parker","WSN",3.68,0.15686275,0.07964602,0.25699301,6.675464630126953,,153,7,0,85.6760559961816,89.37744755244755,99.62325174825173,97.87342657342658,"Mitchell Parker",27636,680730
"Steven Matz","STL",5.95,0.04724409,0.07216495,0.21956088,0.9714639186859131,,127,6,0,126.95068422126565,85.01666666666668,101.30274261603375,97.79367088607594,"Steven Matz",13361,571927
"Tim Herrin","CLE",3.38,0.16666667,0.0754717,0.31428571,,3.8881711959838867,84,0,0,92.78293035321413,103.79274193548383,95.37150537634406,97.75483870967743,"Tim Herrin",25139,682120
"Sixto Sánchez","MIA",4.89,0.02721088,0.04385965,0.23198594,2.6642651557922363,-1.2112222909927368,147,6,0,126.8717513884587,84.70921579951725,101.9865903448946,97.74348758921747,"Sixto Sanchez",19680,664350
"Robert Gasser","MIL",2.85,0.07042254,0.01639344,0.29045643,4.1171674728393555,,71,3,0,116.52628242137921,99.14066390041495,99.89170124481329,97.72116182572616,"Robert Gasser",29812,688107
"Nick Avila","SFG",7,0.2,0.13157895,0.24,,0.1747778058052063,55,0,0,87.20690699651193,92.11200000000002,101.40088888888887,97.71200000000002,"Nick Avila",25667,687014
"Graham Ashcraft","CIN",4.49,0.09958506,0.07386364,0.24068158,3.6881370544433594,,241,10,0,107.90303930049578,113.00457933972315,100.39222577209794,97.66517571884985,"Graham Ashcraft",27552,668933
"Tyler Matzek","ATL",7.4,0.14583333,0.17142857,0.23463687,,-1.9257525205612183,48,0,0,97.77443757275165,100.00449438202249,97.34269662921348,97.61460674157304,"Tyler Matzek",10058,554431
"Phil Maton","TBR",5.87,0.06818182,0.09259259,0.28490028,,-3.622314214706421,88,0,1,127.97282077445553,101.33471810089021,90.09614243323439,97.55370919881307,"Phil Maton",18064,664208
"Jared Koenig","MIL",2.64,0.11111111,0.04411765,0.2741433,0.9401810169219971,-0.17609113454818726,90,2,0,105.94352602251617,85.86230529595014,100.2221183800623,97.51401869158876,"Jared Koenig",27517,657649
"Taylor Rogers","SFG",4.08,0.20238095,0.1372549,0.33234421,,-0.29452869296073914,84,0,0,92.22014083058083,97.36112759643916,95.60415430267062,97.51038575667656,"Taylor Rogers",13449,573124
"Scott Barlow","CLE",3.6,0.2,0.05454545,0.34190231,,2.090937614440918,95,0,1,72.07634864291731,119.22562189054726,96.06940298507457,97.50970149253733,"Scott Barlow",14993,605130
"Andrew Chafin","DET",3.7,0.13888889,0.10416667,0.27037037,,0.5541053414344788,72,0,0,110.88918036756219,84.60601503759399,93.86541353383458,97.49436090225561,"Andrew Chafin",12988,605177
"Jon Gray","TEX",4,0.16525424,0.07361963,0.28353326,14.709479331970215,1.4242887496948242,236,10,0,88.71700425816661,81.73269349220966,103.64540527847412,97.4318936190878,"Jon Gray",14916,592351
"Tayler Saucedo","SEA",2.07,0.14545455,0,0.26600985,,2.0085296630859375,55,0,1,87.05878440414189,94.49499999999999,97.01681818181818,97.4072727272727,"Tayler Saucedo",17888,642048
"Burch Smith","MIA",4.05,0.11428571,0.06578947,0.2335958,,2.912010908126831,105,0,0,104.69324782138844,102.89370078740157,97.72125984251967,97.35774278215226,"Burch Smith",12784,572143
"Reese Olson","DET",3.26,0.12227074,0.05,0.28956229,12.833269119262695,,229,10,0,96.13130114408686,92.00045610034209,96.67844925883695,97.28551881413912,"Reese Olson",24968,681857
"Dillon Tate","BAL",4.03,0.07142857,0.07692308,0.25592417,,0.012506497092545033,56,0,0,103.85438203949708,102.69619047619048,95.98095238095239,97.21428571428572,"Dillon Tate",17796,622253
"Ray Kerr","ATL",3.83,0.25862069,0.125,0.32682927,1.379497766494751,0.44924354553222656,58,1,0,73.25681569741393,101.78975609756098,99.54829268292684,97.19658536585365,"Ray Kerr",23809,678061
"Bryse Wilson","MIL",4.43,0.11731844,0.08196721,0.27083333,1.3451372385025024,0.24729494750499725,179,6,0,110.95246576583159,92.26334944055573,101.61162967971153,97.15278827288155,"Bryse Wilson",19990,669060
"Sean Manaea","NYM",4.25,0.10204082,0.07575758,0.244284,7.870584011077881,,196,9,0,117.85805530313081,84.5453670276775,97.37809867629362,97.14091456077018,"Sean Manaea",15873,640455
"Matt Moore","LAA",3.57,0.12195122,0.09090909,0.28700906,,-1.5999584197998047,82,0,0,120.04866866556449,109.22054380664655,95.97280966767373,97.13957703927493,"Matt Moore",1890,519043
"Matt Waldron","SDP",3.83,0.14932127,0.08053691,0.27364865,7.615275859832764,,221,10,0,101.81317783688044,82.31845342706501,101.77398945518453,97.03163444639718,"Matt Waldron",25550,663362
"José Leclerc","TEX",5.3,0.09278351,0.06,0.28604651,,-1.455687165260315,97,0,1,111.20210141014061,113.55674418604653,95.2627906976744,97.02674418604654,"Jose Leclerc",14524,600917
"Buck Farmer","CIN",4.25,0.11881188,0.08450704,0.25714286,,1.4480451345443726,101,0,0,119.86513897418948,87.88255208333332,95.12864583333334,96.96223958333337,"Buck Farmer",14814,571656
"Joe Ross","MIL",4.31,0.1027027,0.09774436,0.28171091,5.306461334228516,,185,9,0,111.61886338938001,89.75432098765431,100.38086419753085,96.83595679012346,"Joe Ross",12972,605452
"Kenta Maeda","DET",4.93,0.09210526,0.1025641,0.24958949,-2.652024030685425,,152,8,0,123.15572679089254,88.37723342939482,99.5244956772334,96.80734870317004,"Kenta Maeda",18498,628317
"Cody Bradford","TEX",2.38,0.21126761,0.07692308,0.28464419,5.882206439971924,,71,3,0,99.02745958932361,92.00882352941177,102.68235294117648,96.76176470588233,"Cody Bradford",27597,674003
"Yerry Rodríguez","TEX",6.96,0.01282051,0.11111111,0.24269006,,-5.756142616271973,78,0,0,145.17674134418584,104.80979228486648,95.41038575667656,96.75786350148367,"Yerry Rodriguez",21955,666720
"Gavin Stone","LAD",4.37,0.08133971,0.06329114,0.25193798,6.724361419677734,,209,9,0,107.46076850407513,94.83695090439276,99.90310077519379,96.75671834625321,"Gavin Stone",27792,694813
"Louie Varland","MIN",8.07,0.10344828,0.13793103,0.25706215,-5.151653289794922,,87,4,0,110.3624250640878,102.24579710144924,94.29536231884059,96.63536231884058,"Louie Varland",27691,686973
"Cristian Javier","HOU",4.43,0.05333333,0.06730769,0.2591944,2.05495548248291,,150,7,0,135.68169087708466,112.60456140350877,92.0540350877193,96.62912280701755,"Cristian Javier",17606,664299
"Austin Gomber","COL",4.14,0.10212766,0.0960452,0.28555431,4.369480609893799,,235,10,0,105.77885774951075,77.5554932735426,102.83497757847537,96.60145739910314,"Austin Gomber",16561,596295
"Matthew Liberatore","STL",4.52,0.08181818,0.07594937,0.26229508,0.6210325360298157,0.0031563283409923315,110,3,0,104.47457082939427,92.90444964871193,98.60702576112412,96.59953161592507,"Matthew Liberatore",22294,669461
"Ryan Weathers","MIA",4.19,0.11297071,0.08433735,0.27730193,2.7143194675445557,,239,10,0,109.25501944582932,96.24201500535906,95.30032154340836,96.5362272240086,"Ryan Weathers",23796,677960
"Griffin Canning","LAA",5.06,0.06726457,0.09815951,0.25968109,-0.5073551535606384,,223,10,0,129.953751214207,86.80050890585241,97.4875318066158,96.52150127226463,"Griffin Canning",19867,656288
"Gregory Soto","PHI",5.3,0.09333333,0.13333333,0.28571429,,1.0075730085372925,75,0,2,111.42153030406077,106.85470383275262,95.88989547038328,96.490243902439,"Gregory Soto",19677,642397
"Alex Lange","DET",4.64,0.04444445,0.02,0.26790451,,0.4636897146701813,90,0,2,127.72701616915364,115.61136890951275,93.04965197215779,96.48352668213458,"Alex Lange",19883,656638
"Yohan Ramírez","- - -",4.99,0.13157895,0.08510638,0.30333333,,0.10098868608474731,76,0,0,114.64633288326944,122.5149586056645,88.44843355119826,96.47851416122005,"Yohan Ramirez",19444,670990
"Carson Fulmer","LAA",4.14,0.08695652,0.08928571,0.27142857,,-0.6466088891029358,92,0,0,120.0389880923602,93.45071633237825,99.90401146131805,96.45988538681948,"Carson Fulmer",18311,608334
"Ronel Blanco","HOU",3.02,0.12631579,0.05691057,0.26747312,5.6841535568237305,,190,8,0,104.82937198024763,96.33580080753697,98.5294751009421,96.40942126514132,"Ronel Blanco",19407,669854
"José Alvarado","PHI",2.68,0.16666667,0.05084746,0.2798913,,3.3087430000305176,90,0,9,84.88446956774295,94.1677142857143,97.78485714285715,96.40314285714285,"Jose Alvarado",17780,621237
"Chris Stratton","KCR",4.08,0.04444445,0.05263158,0.25,,-1.6182273626327515,90,0,3,119.39691224046723,96.7745810055866,94.90810055865923,96.32737430167596,"Chris Stratton",13761,608717
"Michael Lorenzen","TEX",4.34,0.06770833,0.05426357,0.25529101,3.5981688499450684,,192,8,0,114.62147169051546,96.12148541114061,97.34562334217509,96.2709549071618,"Michael Lorenzen",14843,547179
"Tanner Rainey","WSN",10.8,-0.03846154,0.19230769,0.23717949,,-3.7981040477752686,78,0,0,193.930167406384,104.24912280701756,91.16736842105261,96.23578947368424,"Tanner Rainey",17610,663432
"Joe Mantiply","ARI",3.42,0.12345679,0.11864407,0.29710145,0.1788957715034485,4.877747058868408,81,1,1,98.91007878969003,72.83954144469267,102.54345391533481,96.20964369593862,"Joe Mantiply",14857,573009
"José Cisnero","LAA",6.02,0.13636364,0.0952381,0.24822695,,-2.3785598278045654,66,0,0,104.78592754294102,107.2209219858156,93.7191489361702,96.18368794326244,"Jose Cisnero",6399,542585
"Charlie Morton","ATL",3.81,0.14761905,0.08333333,0.26876513,5.984934329986572,,210,9,0,96.36891592658883,89.66210392902406,98.04106463878328,96.17579214195186,"Charlie Morton",4676,450203
"Steven Wilson","CHW",4.4,0.06097561,0.10416667,0.25151515,,-3.320993661880493,82,0,0,140.90758097896781,114.44059701492534,90.16776119402988,96.07970149253734,"Steven Wilson",20353,621051
"Jhony Brito","SDP",4.25,0.07079646,0.06451613,0.21989529,,1.4598991870880127,113,0,0,110.49688471311885,90.63490813648295,97.76325459317586,95.9994750656168,"Jhony Brito",25386,666745
"Colten Brewer","CHC",2.68,0.17021277,0.06451613,0.27884615,,1.1478253602981567,47,0,0,87.03446065498842,92.04106280193238,99.3608695652174,95.91739130434783,"Colten Brewer",12997,605155
"Quinn Priester","PIT",4.99,0.05691057,0.07291667,0.26497696,-4.145259857177734,,123,5,0,106.91279826392507,88.61134259259259,100.38680555555557,95.90370370370371,"Quinn Priester",25977,682990
"Logan Allen","ARI",3.47,0.12345679,0.03174603,0.25287356,,1.9241151809692383,81,0,1,101.6064887302262,85.07432950191568,97.38007662835247,95.89003831417622,"Logan Allen",18555,663531
"Luis L. Ortiz","PIT",4.19,0.04132232,0.11111111,0.22444444,,0.5787447690963745,121,0,0,145.22023920374693,102.79287305122496,95.36325167037863,95.88129175946553,"Luis L. Ortiz",27646,682847
"Mark Leiter Jr.","CHC",2.96,0.22727273,0.09259259,0.29824561,,7.199945449829102,88,0,0,68.7741514252728,92.00280898876402,93.94775280898872,95.86853932584269,"Mark Leiter Jr.",15551,643410
"Javier Assad","CHC",3.33,0.11926606,0.06622517,0.24972253,8.418688774108887,,218,10,0,105.56276743390175,88.03076923076924,101.1175101214575,95.71842105263156,"Javier Assad",21741,665871
"Tom Cosgrove","SDP",4.4,0.13333333,0.05128205,0.2734375,,-2.3286166191101074,60,0,0,116.18185324718138,106.83203125000003,97.16015625,95.68476562499998,"Tom Cosgrove",23443,676680
"Andrew Abbott","CIN",2.72,0.12227074,0.06470588,0.25027322,6.544846534729004,,229,10,0,112.7273213669799,92.07147540983605,97.60710382513662,95.65016393442625,"Andrew Abbott",29911,671096
"Ben Lively","CLE",3.94,0.16666667,0.09433962,0.27272727,3.1185309886932373,,156,7,0,101.59352691774268,75.04561983471073,103.1905785123967,95.60578512396697,"Ben Lively",14932,594902
"Landon Knack","LAD",3.47,0.12048193,0.06779661,0.26599327,1.5453635454177856,,83,4,0,112.23788873922491,100.88181818181819,95.06565656565657,95.56329966329965,"Landon Knack",27487,689017
"Cole Irvin","BAL",4.05,0.12021858,0.07638889,0.26555387,6.819972991943359,-0.4039413332939148,183,7,0,101.5519559115289,83.42078907435508,102.90864946889226,95.53778452200304,"Cole Irvin",19244,608344
"Jordan Montgomery","ARI",4.61,0.07100592,0.03759398,0.25589226,3.8849029541015625,,169,7,0,107.6891720160022,94.5026981450253,99.44013490725125,95.52529510961212,"Jordan Montgomery",16511,656756
"Génesis Cabrera","TOR",4.83,0,0.05970149,0.23659306,,-4.07397985458374,89,0,0,141.69032495558892,94.62870662460566,97.50820189274448,95.50189274447952,"Genesis Cabrera",17490,650893
"Héctor Neris","CHC",5.13,0.0125,0.1,0.2324159,,-1.9533213376998901,80,0,6,135.07032911527654,87.9783625730994,94.39590643274852,95.48362573099416,"Hector Neris",11804,593576
"Tim Hill","CHW",3.3,0.02222222,0.01492537,0.2173913,,1.4657623767852783,90,0,0,114.93060880890506,108.28781250000002,100.48656249999996,95.48062500000005,"Tim Hill",16814,657612
"José Ureña","TEX",3.92,0.08695652,0.07913669,0.25581395,2.1411869525909424,-0.05796348303556442,184,4,0,100.90390478832724,88.33263728392505,97.84601518626032,95.35820593522038,"Jose Urena",11589,570632
"Marco Gonzales","PIT",5.09,0.08695652,0.0754717,0.2704918,3.055133104324341,,69,3,0,108.40536863893868,72.58893442622951,103.68278688524592,95.28196721311477,"Marco Gonzales",15467,594835
"Jose Quintana","NYM",5.4,0.07929515,0.07017544,0.2325315,1.7550692558288574,,227,10,0,111.71414330275469,82.08259162303666,99.99044502617801,95.23115183246074,"Jose Quintana",11423,500779
"Scott McGough","ARI",5.23,0,0.09615385,0.26181818,,-2.7127573490142822,72,0,0,143.05069085576508,92.83888888888889,95.05629629629628,95.14925925925927,"Scott McGough",12056,543518
"Brady Singer","KCR",4.34,0.17578125,0.07738095,0.3003876,10.442447662353516,,256,11,0,82.91169443343419,86.95247148288973,102.01682509505703,95.0278517110266,"Brady Singer",25377,663903
"Carlos Carrasco","CLE",5.03,0.08080808,0.06993007,0.2601626,-2.2222702503204346,,198,9,0,115.16294233017523,94.37276029055691,95.4814769975787,95.00108958837771,"Carlos Carrasco",6632,471911
"Josh Winckowski","BOS",5.43,0.07079646,0.07407407,0.25301205,0.8275865912437439,0.6297723054885864,113,3,0,113.31614756040489,102.67714291475528,100.95354040765572,94.99116735393454,"Josh Winckowski",22387,670174
"Jesse Chavez","ATL",4.05,0.07228916,0.06666667,0.26268657,,-2.0522689819335938,83,0,0,121.98445366447481,86.21298701298701,97.23084415584414,94.96948051948053,"Jesse Chavez",5448,445926
"Nick Sandlin","CLE",2.66,0.21978022,0.0754717,0.32033426,,2.0374372005462646,91,0,1,97.15244852201006,88.25517241379309,95.46923076923079,94.92679045092838,"Nick Sandlin",20517,680704
"Peter Lambert","COL",4.4,0.0625,0.05555556,0.25917927,0.19698838889598846,0.1319986879825592,128,3,0,117.65767387624214,95.00290845905259,94.75369525325192,94.91629776384808,"Peter Lambert",17969,663567
"Colin Rea","MIL",5.65,0.07142857,0.08888889,0.26456876,2.6432669162750244,0.02066735178232193,238,9,0,115.69086270564893,84.42592559724541,100.6278332919196,94.86900979730926,"Colin Rea",12317,607067
"Roddery Muñoz","MIA",7.27,0.18181818,0.225,0.2851711,-3.4516284465789795,,66,3,0,92.85289369518136,95.50411764705883,98.04411764705883,94.7579411764706,"Roddery Munoz",25311,682610
"Bryce Jarvis","ARI",4.49,0.01612903,0.04878049,0.24845996,,-4.519735336303711,124,0,0,138.7179299561659,102.15979381443294,96.0903092783505,94.69505154639175,"Bryce Jarvis",27477,686826
"Erik Swanson","TOR",8.53,0.08333333,0.12765957,0.24186047,,-2.7450335025787354,60,0,0,109.62915388114654,95.42990654205607,91.95654205607481,94.68831775700937,"Erik Swanson",16587,657024
"Martín Pérez","PIT",5.36,0.11157025,0.09497207,0.26993166,2.108729124069214,,242,10,0,108.52321753514283,70.39851258581236,101.4355835240275,94.62711670480549,"Martin Perez",6902,527048
"A.J. Puk","MIA",6.1,-0.06521739,0.03389831,0.25194805,-1.675784707069397,0.140492781996727,92,4,1,174.21480654199956,94.11480519480519,96.2392207792208,94.58415584415583,"A.J. Puk",19343,640462
"Gabe Speier","SEA",3.35,0.14492754,0.08108108,0.28315412,,0.4156211316585541,69,0,0,110.55990495524321,91.53517241379312,98.74206896551723,94.39793103448278,"Gabe Speier",17170,642100
"Michael Soroka","CHW",5.83,0.01793722,0.0955414,0.24829932,-5.5375590324401855,0.3574005663394928,223,9,0,135.8798210427885,93.18720926683821,94.17455022385805,94.3449698318089,"Michael Soroka",18383,647336
"Dominic Leone","CHW",5.47,0.05714286,0.09090909,0.29537367,,-3.9421117305755615,70,0,0,116.11188046943175,105.18725490196077,94.69444444444443,94.33823529411762,"Dominic Leone",13763,608678
"Nick Anderson","KCR",5.23,0,0.03333333,0.2681388,,-2.1195855140686035,85,0,1,142.50153224589778,84.61721068249257,97.56617210682494,94.27863501483677,"Nick Anderson",18337,623433
"Bryce Elder","ATL",5.95,0.07079646,0.09876543,0.25653207,-1.3217105865478516,,113,5,0,116.004369085791,81.36009501187648,98.64109263657957,94.25296912114014,"Bryce Elder",27779,693821
"Wandy Peralta","SDP",4.86,0.09411765,0.09375,0.2124183,,-0.4240807890892029,85,0,0,112.63855677433173,92.08778877887791,96.74719471947193,94.23069306930692,"Wandy Peralta",14295,593974
"Adrian Houser","NYM",5.58,-0.01666667,0.07575758,0.23700306,-0.7196109294891357,-0.24319635331630707,180,7,0,147.81339857511165,93.19074959106749,97.59593390702419,94.21631154730578,"Adrian Houser",12718,605288
"Cal Quantrill","COL",3.89,0.09704641,0.07058824,0.2455216,4.929813861846924,,237,10,0,104.70092777629382,96.2368022705771,96.26830652790917,94.18240302743612,"Cal Quantrill",19312,615698
"Kody Funderburk","MIN",5.13,0.10185185,0.07142857,0.29195402,,-0.385530948638916,108,0,0,102.08231323124986,101.36792873051225,93.86659242761695,94.06481069042316,"Kody Funderburk",24993,681892
"Will Smith","KCR",6.02,0.02816901,0.09259259,0.27165354,,-1.775665521621704,71,0,1,149.55719783752147,86.11952191235058,96.71195219123507,93.96015936254977,"Will Smith",8048,519293
"Bailey Falter","PIT",5.09,0.08370044,0.1,0.25736236,3.765327215194702,,227,10,0,121.50233295420144,83.6603870967742,98.47496774193547,93.9561290322581,"Bailey Falter",20070,663559
"Dylan Floro","WSN",2.98,0.11111111,0.01388889,0.30540541,,4.257518768310547,99,0,0,91.8850218902103,76.93360433604335,104.15284552845529,93.91598915989164,"Dylan Floro",13394,571670
"Marcus Stroman","NYY",4.4,0.1003861,0.07386364,0.26993276,3.271155595779419,,259,11,0,102.94684864541092,95.11479346781941,95.71575408261286,93.90528338136409,"Marcus Stroman",13431,573186
"Ryder Ryan","PIT",4.46,0.12280702,0.08823529,0.23893805,,1.3845140933990479,57,0,0,123.33899612295853,97.07556561085973,94.45656108597284,93.79909502262446,"Ryder Ryan",19891,656924
"Mason Black","SFG",8.9,0.04166667,0.13461538,0.22813688,-2.0009801387786865,-2.0669877529144287,72,3,0,157.77526815029594,93.48859315589354,98.01064638783271,93.71406844106464,"Mason Black",30171,696131
"Kyle Gibson","STL",5.54,0.09349594,0.11428571,0.27615965,4.124797821044922,,246,10,0,107.34242245591217,91.4264293419633,95.87335490830637,93.6915857605178,"Kyle Gibson",10123,502043
"José Suarez","LAA",4.37,0.08088235,0.09411765,0.27112676,,-1.251522421836853,136,0,0,119.89311787802417,99.1311111111111,93.86962962962964,93.68648148148147,"Jose Suarez",19911,660761
"Braxton Garrett","MIA",3.28,0.20512821,0.05660377,0.29699248,4.382743835449219,,78,3,0,73.59387351525653,85.84037735849057,97.31509433962265,93.66264150943397,"Braxton Garrett",21844,666129
"Chris Flexen","CHW",4.58,0.09047619,0.08280255,0.24029126,4.418359756469727,-0.046952731907367706,210,9,0,121.05198441455698,57.5628640776699,96.81917475728157,93.65594660194176,"Chris Flexen",13896,623167
"Trevor Williams","WSN",3.18,0.14427861,0.04861111,0.25544794,13.33846664428711,,201,10,0,94.50862680305981,81.59987893462471,103.8843825665859,93.64818401937045,"Trevor Williams",16977,592866
"Ron Marinaccio","NYY",3.12,0.10869565,0.03333333,0.26857143,,0.1554667353630066,46,0,0,102.5557735494093,85.75027027027026,95.18432432432432,93.63243243243244,"Ron Marinaccio",23488,676760
"Ryan Yarbrough","LAD",4.11,0.04109589,0.05932203,0.23496241,,-1.0109976530075073,146,0,1,127.97980056094346,81.08719397363465,101.20696798493408,93.49378531073447,"Ryan Yarbrough",16502,642232
"Alex Wood","OAK",6.37,0.07526882,0.08527132,0.27248677,-1.3548762798309326,,186,9,0,125.24487585718165,70.54206349206349,98.478835978836,93.44206349206348,"Alex Wood",13781,622072
"Thyago Vieira","MIL",5.61,0.11320755,0.10606061,0.30275229,,-3.439016103744507,106,0,1,114.68014398402269,102.09399538106234,93.75912240184759,93.32933025404154,"Thyago Vieira",14510,600986
"Sean Reid-Foley","NYM",2.85,0.14035088,0,0.3253012,,2.3899013996124268,57,0,0,89.33364479491101,104.77751004016065,91.09357429718874,93.30281124497992,"Sean Reid-Foley",17034,656887
"Kyle Harrison","SFG",4.61,0.13333333,0.09770115,0.25518672,4.613037586212158,,255,11,0,111.20144174487017,91.94984391259106,99.28678459937565,93.09458896982312,"Kyle Harrison",27758,690986
"Pedro Avila","- - -",5.83,0.15841584,0.07692308,0.25520833,,-1.2388316988945007,101,0,0,86.1776372285245,92.78970154609578,91.9734473425197,93.02212531783137,"Pedro Avila",18864,658648
"Tim Mayza","TOR",6.14,0.06756757,0.13207547,0.26510067,,-0.6928122043609619,74,0,0,118.70683566057853,107.83629893238434,94.91921708185053,92.86334519572955,"Tim Mayza",15042,641835
"Cionel Pérez","BAL",4.77,0.06382979,0.03225806,0.23668639,,0.9428849816322327,47,0,1,105.57416841813378,91.81497005988024,91.60059880239524,92.78203592814371,"Cionel Perez",19614,672335
"Dane Dunning","TEX",5.4,0.17159763,0.14851485,0.28613569,0.8474311232566833,,169,8,0,92.31967941708807,85.1519174041298,94.83790560471977,92.78053097345132,"Dane Dunning",19409,641540
"Tyler Kinley","COL",6.29,0.08333333,0.109375,0.27114428,,-3.8495967388153076,96,0,1,122.80568928449438,77.87061728395061,97.95333333333335,92.71234567901233,"Tyler Kinley",18297,641755
"Kyle Freeland","COL",6.54,0.01149425,0.07246377,0.23322684,-1.4000335931777954,,87,4,0,140.59061012702836,81.83067092651756,96.1549520766773,92.66389776357829,"Kyle Freeland",16256,607536
"Taijuan Walker","PHI",6.42,0.09565217,0.17073171,0.25304136,0.08411407470703125,,115,5,0,130.35125428005682,87.3970802919708,96.21435523114354,92.65012165450125,"Taijuan Walker",11836,592836
"Anthony Molina","COL",6.46,0.02702703,0.05172414,0.23310811,,-0.3276252746582031,74,0,0,111.21319732632774,86.67707509881424,96.38656126482213,92.58339920948617,"Anthony Molina",26952,683627
"DL Hall","MIL",6.87,0.03571429,0.08474576,0.27355623,-3.1438515186309814,,84,4,0,137.46492504116213,71.35426829268292,99.03231707317074,92.47957317073171,"DL Hall",22207,669084
"Jake Diekman","NYM",3.07,0.12857143,0,0.27759197,,-1.6187463998794556,70,0,1,106.05990638024146,134.93786407766993,88.67184466019415,92.4093851132686,"Jake Diekman",5003,518617
"Jake Bird","COL",4.8,-0.03125,0.07462687,0.28977273,,-4.61146354675293,96,0,1,152.41589152015837,114.69501312335957,92.36404199475066,92.40157480314963,"Jake Bird",21267,656234
"Deivi García","CHW",4.43,0.05882353,0.07142857,0.26501767,,-1.1608120203018188,68,0,1,132.72117329879723,108.74746835443035,87.74462025316453,92.38259493670887,"Deivi Garcia",20276,665620
"Jordan Weems","WSN",3.6,0.05405405,0.04,0.23758865,,0.22983184456825256,74,0,0,121.49488642142008,108.36788321167883,93.4839416058394,92.34197080291972,"Jordan Weems",13190,607179
"Lance Lynn","STL",4.19,0.125,0.09803922,0.23745819,6.035058498382568,,224,10,0,107.37389300496307,82.20812807881772,97.02721674876847,92.32931034482759,"Lance Lynn",2520,458681
"Logan Allen","CLE",4.61,0.1300813,0.09090909,0.27714581,0.1467835158109665,,246,11,0,101.98962260151335,75.43901035673187,99.49090909090908,92.32393555811278,"Logan Allen",27589,671106
"Tyler Beede","CLE",4.55,0.13235294,0.05263158,0.30740741,,-1.8389506340026855,68,0,0,109.06337304965655,76.95157480314963,95.0704724409449,92.21771653543307,"Tyler Beede",16981,595881
"Ty Blach","COL",5.4,0.06140351,0.07216495,0.22164948,0.8030162453651428,1.9612172842025757,114,4,0,110.64241534771848,69.2,104.60515463917527,92.18994845360824,"Ty Blach",14361,621389
"Dakota Hudson","COL",5.47,0,0.05813953,0.24565469,0.5407578349113464,,231,10,0,128.93113422380176,86.32775616083006,96.88534370946824,92.14954604409857,"Dakota Hudson",19206,641712
"Joe Boyle","OAK",4.67,0.04651163,0.05263158,0.26306306,0.19405333697795868,,129,7,0,130.29416646091536,109.2163963963964,88.4790990990991,92.10612612612611,"Joe Boyle",29608,671212
"Shelby Miller","DET",4.22,0.13043478,0.08695652,0.28915663,,-0.4526899456977844,69,0,0,112.98530600382955,107.23366666666668,90.43800000000002,92.09866666666666,"Shelby Miller",10197,571946
"Josh Fleming","PIT",4.74,0.04651163,0.04761905,0.22766571,0.006948625203222036,-0.8104766607284546,86,1,1,110.45669833665252,69.63892938539489,96.80542088112861,91.9960934998399,"Josh Fleming",20418,676596
"Shawn Dubin","HOU",3.28,0.09677419,0,0.28099174,,1.8312593698501587,62,0,1,106.0694708450573,120.77148760330579,88.6615702479339,91.99462809917354,"Shawn Dubin",24977,681869
"Patrick Corbin","WSN",6.46,0.04435484,0.08717949,0.22747748,3.0829005241394043,,248,10,0,115.73003244950199,79.56251572327045,99.89257861635222,91.97094339622643,"Patrick Corbin",9323,571578
"Andre Pallante","STL",6.14,0.02040816,0.07894737,0.2393617,,-0.8030661344528198,49,0,0,114.88049154003794,95.61398963730572,90.6238341968912,91.77616580310881,"Andre Pallante",26108,669467
"Yuki Matsui","SDP",3.65,0.04301075,0.04918033,0.26760563,,0.7788669466972351,93,0,0,116.34896667310859,110.74096045197743,89.9728813559322,91.71299435028249,"Yuki Matsui",33826,673513
"Kai-Wei Teng","SFG",7,-0.01818182,0.1025641,0.24019608,,-1.7813727855682373,55,0,0,156.41988914734344,104.72906403940887,90.74334975369459,91.57635467980296,"Kai-Wei Teng",24282,678906
"Jose Cuas","CHC",6.66,0.12307692,0.14285714,0.25291829,,-2.028615713119507,65,0,0,127.49429137855594,111.10272373540856,90.90894941634242,91.30038910505836,"Jose Cuas",17701,621016
"George Soriano","MIA",6.79,0.09259259,0.15151515,0.2718894,,-2.906336545944214,54,0,0,127.8276100024286,94.8179245283019,92.55471698113205,91.12500000000001,"George Soriano",21863,666277
"Alek Manoah","TOR",4.25,0.15463918,0.11290323,0.27837838,-0.8286632299423218,,97,4,0,108.27917723205213,85.30697674418603,95.28953488372095,90.79738372093023,"Alek Manoah",26410,666201
"Triston McKenzie","CLE",4.77,0.06278027,0.10958904,0.2575406,-2.1941580772399902,,223,10,0,131.53739563716454,100.62526539278132,90.70084925690023,90.74214437367306,"Triston McKenzie",18000,663474
"Brennan Bernardino","BOS",3.02,0.12658228,0.06122449,0.28428094,0.593130886554718,3.343935012817383,79,2,0,104.68654729422244,92.00151261781696,94.93090858416943,90.49790209790211,"Brennan Bernardino",16835,657514
"Jacob Waguespack","TBR",6.62,0.01960784,0.06666667,0.32579186,0.8631232380867004,-1.2563669681549072,51,1,0,127.50567838102377,85.6656108597285,95.41312217194569,90.45565610859727,"Jacob Waguespack",18318,621097
"Brandon Bielak","- - -",5.65,0.03669725,0.09195402,0.18481013,,-2.26299649477005,109,0,0,139.89468710133275,79.3889468559422,93.60021626607902,90.27551580997283,"Brandon Bielak",19866,656232
"Matt Barnes","WSN",5.61,0.1,0.08695652,0.21097046,,1.20759916305542,60,0,0,111.88759330328419,97.13838862559243,94.69715639810426,90.22890995260664,"Matt Barnes",12863,598264
"Nick Nastrini","CHW",8.79,-0.07936508,0.11904762,0.23481781,-1.907873272895813,,63,3,0,194.07874599025683,98.8418699186992,88.94146341463414,90.17439024390244,"Nick Nastrini",29833,680897
"Matt Sauer","KCR",5.4,-0.02380952,0.0952381,0.19877676,,-1.9504547119140625,84,0,0,179.5821396696512,100.72262996941897,92.2492354740061,90.14036697247707,"Matt Sauer",22284,669422
"Jared Shuster","CHW",4.34,0.06024096,0.078125,0.23867069,,1.9216402769088745,83,0,0,127.73713979904421,79.16189024390246,98.49176829268292,90.07957317073172,"Jared Shuster",27472,694363
"J.P. France","HOU",5.54,0.08264463,0.09302326,0.25321888,-1.0684633255004883,,121,5,0,135.95541033868784,84.09957081545065,89.94012875536482,89.97403433476394,"J.P. France",21212,641585
"José Buttó","NYM",4.34,0.10897436,0.07526882,0.24577573,4.177246570587158,,156,7,0,114.73731556712762,88.20229419703104,90.37786774628879,88.82780026990552,"Jose Butto",23313,676130
"Zack Thompson","STL",4.74,0.14457831,0.12962963,0.26498423,-3.2742390632629395,-0.18875940144062042,83,2,0,105.85847750090556,53.275524660458274,98.91956402652107,88.77486730010013,"Zack Thompson",25918,668868
"James Paxton","LAD",5.47,0,0.08609272,0.2291918,-2.220731735229492,,207,9,0,137.1703817510259,74.02943305186972,97.03317249698428,88.66960193003621,"James Paxton",11828,572020
"Dany Jiménez","OAK",4.4,-0.02985075,0.11904762,0.29718876,,-4.633121013641357,67,0,0,172.34144297194092,101.65983935742973,85.74779116465862,88.12851405622492,"Dany Jimenez",21170,666204
"Ricardo Pinto","PHI",4.4,0.05084746,0.02272727,0.23529412,,-1.4655425548553467,59,0,1,130.43324610889272,91.85318181818181,90.685,86.84727272727274,"Ricardo Pinto",16318,620982
"Jalen Beeks","COL",3.63,0.04761905,0.05405405,0.21028037,,-1.0132417678833008,105,0,4,129.98647588897845,79.01048034934496,89.5661572052402,86.67379912663756,"Jalen Beeks",17192,656222
"Victor González","NYY",4.46,-0.03225807,0.06382979,0.2243346,,-2.942065477371216,62,0,2,141.89994790260945,91.40608365019011,89.11863117870723,85.8726235741445,"Victor Gonzalez",16408,624647
"Luke Little","CHC",4.22,0.07936508,0.05714286,0.30894309,0.421661376953125,-1.3162497282028198,63,1,0,117.6289662810156,88.23422565932977,87.13326062528918,81.86346751272393,"Luke Little",28036,681432