Team,Conf,W-L,&Delta;,CMP,Sort,WLK,7OT,AP,ARG,BAR,BBT,BIH,BMN,BNZ,BWE,COL,DCI,DES,DII,DOK,DOL,DP,DUN,EBP,EMK,ESR,FAS,HAS,INC,JJK,JNG,KPI,KPK,LMC,LOG,MAS,MB,MGS,MMG,MOR,NET,NOL,OMN,OMY,PAC,PGH,PIR,POM,RMS,RPI,RT,SEL,SFX,SMS,SPR,SRS,STH,STY,TPR,TRK,TRP,USA,WIL
Houston,B12,28-3,,1,>>,1,2,1,1,1,2,2,2,1,1,2,2,1,1,1,1,1,2,1,2,2,2,1,2,2,1,2,2,3,1,2,3,1,1,1,1,2,2,3,1,2,1,1,2,2,1,2,1,1,1,1,2,1,2,1,1,1,2
Purdue,B10,28-3,,2,>>,3,1,3,2,3,1,1,1,4,2,1,3,2,2,3,2,3,3,2,3,1,1,3,3,1,2,1,1,5,2,1,1,2,2,3,2,1,5,2,3,1,2,3,1,1,2,1,4,2,2,3,1,3,3,3,2,3,1
Connecticut,BE,28-3,,3,>>,2,12,2,3,2,3,3,3,3,3,3,1,3,3,2,3,2,1,3,1,3,3,2,1,3,3,4,3,4,4,3,2,3,4,2,3,3,1,1,2,3,4,2,3,5,8,3,1,3,3,4,6,4,1,2,4,2,3
Tennessee,SEC,24-7,+1,4,>>,5,8,5,4,5,4,4,5,6,4,4,4,6,4,5,5,5,6,5,5,5,4,6,6,4,4,3,5,2,6,4,5,8,6,6,5,4,4,4,5,4,5,5,4,3,5,4,3,5,5,5,4,5,4,6,5,5,4
Arizona,P12,24-7,-1,5,>>,4,3,6,5,4,5,7,8,2,5,6,5,14,5,4,10,4,4,4,4,12,6,5,4,11,6,6,4,1,3,5,7,4,3,4,4,12,3,6,6,6,3,6,13,8,3,6,4,4,7,2,3,2,6,4,3,7,10
North Carolina,ACC,25-6,,6,>>,7,5,4,6,9,7,5,4,7,6,5,7,4,7,10,4,9,5,11,8,4,5,10,7,5,5,5,6,7,7,6,4,9,8,7,7,5,9,5,7,5,7,8,5,6,12,5,8,6,4,9,5,9,5,8,9,4,5
Auburn,SEC,24-7,,7,>>,6,10,12,7,6,6,9,16,5,7,8,6,5,6,6,15,6,8,6,6,16,7,4,5,8,16,8,7,6,5,8,14,5,7,5,6,15,6,7,4,7,6,4,10,13,7,7,4,7,10,6,7,6,7,5,6,12,10
Duke,ACC,24-7,+2,8,>>,8,20,11,9,8,8,8,14,9,8,14,10,8,8,8,14,7,9,7,7,14,9,9,8,14,12,15,9,9,8,14,16,10,10,12,10,11,7,8,9,10,9,7,14,25,14,10,7,9,13,10,8,10,9,9,8,11,10
Iowa St,B12,24-7,-1,9,>>,13,28,7,8,7,12,6,10,10,10,16,12,11,12,14,6,8,7,10,15,6,8,12,13,9,8,12,10,8,13,11,8,13,5,9,9,9,11,16,8,12,12,12,6,14,6,8,11,12,6,8,14,7,11,7,11,8,6
Creighton,BE,23-8,+2,10,>>,10,23,8,10,10,14,15,11,11,12,17,8,13,11,11,12,10,14,8,9,11,12,7,9,15,9,13,12,11,11,12,12,18,13,14,11,7,8,11,12,15,11,9,12,22,15,12,8,8,8,12,12,13,8,10,10,6,10
Marquette,BE,23-8,,11,>>,12,34,10,11,11,13,10,7,15,15,12,11,21,14,16,7,14,13,14,12,7,10,8,12,13,7,18,13,14,12,7,6,19,15,16,13,10,12,10,15,11,13,13,7,15,22,9,18,13,11,15,11,11,12,11,13,10,8
Alabama,SEC,21-10,-3,12,>>,11,4,19,12,15,10,17,15,8,9,13,15,--,10,7,16,11,11,9,14,15,11,17,10,19,14,7,8,10,10,16,17,17,9,15,8,19,16,13,19,14,8,11,17,11,4,11,15,10,16,7,9,8,16,15,7,19,18
Illinois,B10,23-8,,13,>>,9,9,13,13,14,9,18,13,13,11,15,14,10,9,12,13,12,15,12,10,13,13,13,11,17,15,16,11,12,9,13,11,15,14,13,15,13,14,9,10,17,10,10,15,20,10,13,11,14,18,14,10,15,10,12,12,14,15
Baylor,B12,22-9,,14,>>,15,17,14,15,13,15,13,9,12,13,21,18,18,17,17,8,13,25,13,16,10,14,14,16,20,10,10,15,13,16,15,13,32,12,17,14,20,15,18,13,19,16,14,11,17,9,15,11,11,12,13,15,14,14,17,15,13,14
Kansas,B12,22-9,,15,>>,18,11,16,17,16,19,11,6,17,16,18,16,19,15,13,9,19,22,17,17,8,15,18,18,16,11,9,18,17,19,9,10,34,18,20,18,21,19,17,16,18,18,18,8,12,17,14,18,15,9,16,16,16,15,13,17,17,9
Kentucky,SEC,23-8,+1,16,>>,14,22,9,19,22,17,20,17,16,14,20,13,9,13,15,18,18,16,20,13,17,16,16,15,18,13,17,14,16,14,17,15,22,23,11,19,6,13,12,11,16,17,17,16,32,23,18,15,16,15,17,13,18,13,20,18,9,15
Gonzaga,WCC,24-6,-1,17,>>,16,16,17,18,18,11,21,33,18,17,25,9,12,16,9,23,17,10,15,11,26,19,11,14,23,24,44,19,19,17,10,20,14,21,10,16,8,10,14,14,25,14,15,22,38,13,24,8,18,22,19,20,17,18,14,16,15,24
BYU,B12,22-9,,18,>>,17,45,20,16,12,24,25,18,14,18,37,17,--,19,18,19,15,23,16,19,20,17,15,17,31,17,29,17,18,15,19,21,21,11,8,12,30,17,29,18,27,15,16,20,42,11,21,18,17,14,11,18,12,17,18,14,21,20
Clemson,ACC,21-10,+1,19,>>,19,15,--,24,28,22,26,26,24,27,24,35,--,29,29,31,27,35,23,26,31,23,24,24,33,20,14,20,26,20,28,27,39,33,28,26,47,27,19,26,22,25,24,23,23,31,22,31,27,20,22,17,21,19,26,27,--,21
Texas Tech,B12,22-9,+15,20,>>,27,75,25,27,21,51,30,19,22,20,31,20,16,23,30,20,22,29,24,23,18,24,25,23,32,26,30,25,32,33,18,22,38,22,18,30,24,21,40,22,30,27,25,21,35,33,25,15,20,25,23,34,23,37,29,26,23,23
Dayton,A10,24-6,+2,21,>>,22,6,24,14,35,18,19,28,37,21,9,46,23,32,40,21,38,27,26,36,19,21,30,41,12,25,11,16,41,23,35,24,20,36,63,21,31,44,21,56,20,38,28,26,4,21,20,39,24,35,42,23,42,28,36,39,24,21
St Mary's CA,WCC,24-7,-1,22,>>,36,27,21,21,17,41,39,53,20,19,36,19,22,31,19,44,16,20,18,34,58,27,21,22,36,32,35,22,27,37,24,51,23,16,22,17,17,18,50,30,40,20,22,44,52,16,35,11,25,28,20,39,20,45,16,20,20,48
San Diego St,MWC,22-9,-4,23,>>,26,13,--,29,23,16,22,31,23,22,23,40,--,21,25,29,31,34,35,22,37,30,37,26,26,19,23,37,43,35,29,35,44,20,59,20,38,24,23,35,21,28,20,27,10,24,23,23,22,23,33,27,30,24,25,33,--,26
Texas,B12,20-11,+1,24,>>,28,37,--,37,20,43,41,32,21,23,47,22,--,25,23,25,20,32,21,20,22,26,23,20,43,30,39,35,31,29,21,26,48,19,19,24,27,20,35,17,37,21,23,25,51,25,34,18,28,31,21,38,24,38,19,21,--,29
Nevada,MWC,26-6,+8,25,>>,30,39,23,23,38,20,16,22,40,25,10,21,--,46,45,22,42,24,51,43,25,22,34,38,10,22,20,30,46,41,23,19,12,43,52,31,14,29,22,21,13,39,35,19,21,47,19,31,19,17,46,19,38,36,34,45,22,19
Florida,SEC,21-10,-4,26,>>,25,19,--,38,39,25,29,25,30,26,39,34,--,20,22,32,33,42,28,21,27,28,38,21,37,28,32,26,23,24,26,31,37,39,39,35,32,31,20,25,32,26,30,28,34,30,29,23,36,32,32,24,32,21,22,29,--,28
Michigan St,B10,18-13,-1,27,>>,20,21,--,40,19,36,49,42,19,24,56,32,--,18,20,48,21,46,19,18,51,39,19,19,58,35,42,32,15,18,33,47,56,17,24,25,48,23,30,23,50,19,19,45,60,19,43,23,35,38,18,21,19,20,21,19,--,49
Wisconsin,B10,19-12,,28,>>,23,32,--,33,34,35,38,21,31,32,41,56,--,24,24,30,32,50,22,30,23,31,31,25,48,23,24,31,25,22,22,29,51,24,35,22,59,40,24,27,36,23,21,29,29,27,30,46,31,33,25,22,26,23,28,23,--,29
South Carolina,SEC,25-6,-5,29,>>,41,43,15,28,52,23,12,12,53,35,11,27,7,42,52,11,49,28,46,54,9,18,48,51,7,18,19,24,49,50,27,9,29,59,42,49,18,49,15,29,9,52,47,9,30,84,16,39,32,21,57,29,49,33,39,59,16,6
Nebraska,B10,22-9,-1,30,>>,24,44,--,35,33,33,35,23,35,31,34,23,--,39,37,24,28,37,38,32,24,29,26,32,34,36,27,33,30,27,34,23,25,35,34,37,33,34,28,20,31,34,32,24,37,42,28,31,23,26,36,28,27,26,24,36,--,25
FL Atlantic,AAC,24-7,+1,31,>>,31,14,--,22,41,29,31,30,38,34,22,39,15,22,21,34,44,17,31,25,34,25,49,34,28,38,26,21,45,26,38,25,24,42,37,34,22,52,26,38,26,33,37,37,16,20,26,46,29,42,38,25,35,25,53,30,--,33
Colorado,P12,22-9,+5,32,>>,21,41,--,36,30,39,42,36,29,30,33,29,--,27,26,36,30,33,49,33,42,36,22,30,41,41,34,27,21,21,30,36,26,34,26,27,28,25,37,28,34,22,27,38,31,34,36,23,30,36,24,26,25,31,27,22,--,38
Utah St,MWC,26-5,-2,33,>>,32,47,18,20,44,34,14,20,46,29,7,44,17,41,43,17,52,18,66,58,21,20,56,49,6,21,21,23,77,46,20,18,28,47,53,32,16,43,42,24,8,50,44,18,7,43,17,46,21,19,50,35,44,48,51,52,18,15
TCU,B12,20-11,,34,>>,38,70,--,46,25,42,45,39,25,36,59,38,--,34,27,37,25,36,29,28,35,42,29,28,55,34,59,47,24,28,31,42,57,26,23,40,57,22,43,39,58,24,33,36,80,35,47,23,41,29,27,43,22,29,35,24,--,41
Boise St,MWC,22-9,+1,35,>>,42,31,--,43,29,46,28,40,34,28,27,28,--,48,48,40,34,44,42,48,44,35,32,42,29,29,25,42,53,52,41,41,60,37,51,23,25,26,57,44,23,40,38,30,26,28,33,22,34,24,39,47,34,50,37,46,--,29
Washington St,P12,23-8,-9,36,>>,43,89,22,41,42,40,34,29,42,38,29,33,24,45,44,27,43,30,43,41,36,37,45,43,35,27,31,34,20,43,36,30,31,44,43,45,26,39,49,34,29,47,45,35,43,56,31,46,37,34,41,32,39,39,45,47,25,29
New Mexico,MWC,22-9,+2,37,>>,33,18,--,39,32,38,37,58,28,41,35,53,--,28,31,59,39,39,59,39,71,40,42,33,38,46,33,38,47,34,57,46,33,31,45,28,60,37,39,51,35,31,34,42,24,18,37,46,26,27,34,42,31,30,31,35,--,41
Indiana St,MVC,28-6,+5,38,>>,40,35,--,31,48,21,23,43,41,45,30,49,--,57,38,38,47,19,40,52,38,33,36,48,25,45,43,28,68,32,50,34,7,46,33,29,41,38,31,71,38,43,43,51,28,26,40,39,39,44,48,33,40,46,40,50,--,40
Northwestern,B10,21-10,+6,39,>>,46,46,--,48,47,45,43,24,48,44,42,24,--,36,42,35,37,47,39,35,29,41,39,37,45,37,36,41,36,45,32,28,52,48,38,50,37,32,25,42,39,42,42,32,53,63,39,23,40,40,47,41,48,35,32,42,--,35
St John's,BE,19-12,+4,40,>>,37,38,--,50,27,53,57,52,27,39,65,30,--,33,32,49,23,59,30,29,46,50,27,31,66,43,70,45,28,36,44,48,63,27,27,39,54,33,36,36,61,29,31,50,82,44,49,23,46,47,26,36,28,22,23,28,--,52
Drake,MVC,28-6,+5,41,>>,49,24,--,32,53,28,27,37,51,33,19,36,--,67,53,41,53,21,54,46,40,34,46,53,22,44,22,29,71,44,53,37,6,53,44,47,23,50,34,45,24,53,50,46,9,36,27,46,38,37,63,37,46,44,47,62,--,35
Oklahoma,B12,20-11,-4,42,>>,44,79,--,44,36,48,40,27,36,47,52,57,--,38,39,28,36,40,34,42,28,32,41,36,50,33,46,48,34,39,25,32,50,29,25,43,58,45,45,33,45,35,40,31,62,46,41,39,42,41,30,45,41,42,42,32,--,37
Colorado St,MWC,22-9,-1,43,>>,39,7,--,42,40,27,32,35,44,43,26,68,--,30,41,42,51,51,70,44,56,38,43,45,30,31,28,46,52,40,49,44,49,38,62,36,64,51,32,47,28,46,36,34,18,29,32,59,33,30,43,31,52,34,41,51,--,33
Mississippi St,SEC,19-12,-14,44,>>,35,26,--,47,46,30,47,46,43,46,48,62,--,35,28,57,41,57,37,31,53,47,40,35,53,42,40,40,40,31,45,49,53,41,41,42,65,42,27,40,46,37,39,41,47,40,42,39,47,46,40,30,47,43,38,34,--,45
Wake Forest,ACC,19-12,-4,45,>>,29,62,--,51,31,44,64,65,26,37,60,51,--,26,34,67,26,63,27,27,62,49,28,27,65,57,51,43,22,25,58,65,54,30,29,38,70,35,41,49,55,32,26,53,70,32,54,31,50,39,29,40,36,27,33,37,--,52
Villanova,BE,17-14,-6,46,>>,34,61,--,53,24,47,67,60,32,42,82,31,--,40,35,65,24,71,25,24,60,57,20,29,84,52,66,54,35,30,42,62,79,25,32,33,62,30,38,31,70,30,29,62,84,41,63,23,49,43,28,53,29,32,30,25,--,66
Pittsburgh,ACC,21-10,+1,47,>>,45,84,--,45,37,54,53,48,39,40,51,26,--,50,49,45,35,43,33,45,43,45,33,40,54,58,55,39,38,42,51,52,36,45,30,44,34,36,48,32,44,45,46,43,75,45,46,31,45,45,37,44,33,64,46,43,--,41
Cincinnati,B12,18-13,+2,48,>>,47,48,--,52,26,57,73,69,33,48,77,45,--,43,36,64,29,60,32,38,65,52,35,39,69,66,69,55,37,38,55,68,73,28,21,41,75,28,61,52,71,36,41,63,79,37,64,31,52,51,31,46,37,40,44,31,--,66
Ohio St,B10,19-12,+4,49,>>,48,49,--,54,43,69,65,50,49,49,57,25,--,44,47,54,40,58,41,37,61,53,44,44,62,61,48,52,55,47,40,57,62,40,36,54,44,41,53,46,56,49,49,57,72,50,53,31,48,48,44,62,50,47,43,41,--,55
Texas A&M,SEC,18-13,+12,50,>>,51,118,--,56,51,62,61,55,52,52,64,43,--,37,33,60,50,65,36,40,47,54,47,47,64,47,47,56,48,49,47,53,77,51,40,46,49,48,33,37,60,48,48,48,69,61,51,46,57,52,51,48,55,41,48,44,--,49
Grand Canyon,WAC,27-4,,51,>>,53,52,--,30,55,37,33,44,63,54,32,64,--,52,55,47,64,26,60,55,55,43,62,62,24,56,57,44,85,54,62,43,16,61,71,53,43,57,47,54,43,62,55,49,27,48,44,46,44,61,69,58,67,55,68,69,--,41
Iowa,B10,18-13,-5,52,>>,50,50,--,57,50,59,59,51,47,50,72,47,--,49,46,52,48,66,45,49,52,56,50,46,75,50,67,51,44,48,39,50,70,49,50,60,55,47,52,50,65,41,52,58,74,51,62,46,51,54,45,52,45,56,49,38,--,64
Virginia,ACC,22-9,+1,53,>>,55,100,--,49,65,75,44,34,66,53,38,60,--,62,56,33,66,45,50,68,32,44,59,64,39,40,37,49,75,67,37,38,41,65,60,51,36,74,62,59,33,67,66,33,49,73,38,74,53,50,64,55,53,74,55,61,--,26
Seton Hall,BE,20-11,+2,54,>>,56,111,--,63,58,70,51,38,59,51,55,42,--,51,64,39,55,56,65,57,33,51,51,52,56,39,61,60,50,64,43,40,58,57,49,62,42,55,51,43,49,59,56,40,67,74,50,66,56,49,59,49,57,57,52,60,--,45
Princeton,Ivy,24-3,,55,>>,52,55,--,25,70,31,24,49,73,59,28,61,--,69,68,26,71,31,48,67,30,46,70,74,21,63,49,36,120,51,65,39,116,68,96,48,29,67,46,63,42,69,57,54,19,53,48,59,43,55,90,82,81,67,71,78,--,49
James Madison,SBC,30-3,-4,56,>>,60,102,--,34,72,26,36,59,67,68,50,71,20,70,54,43,73,12,53,47,39,48,66,67,27,65,88,50,76,55,60,33,11,72,64,55,35,69,55,41,63,64,68,65,76,58,69,39,54,60,84,70,77,58,69,64,--,69
Utah,P12,18-13,-8,57,>>,54,97,--,59,49,81,66,63,45,65,70,75,--,47,51,66,46,73,57,51,69,62,58,50,79,59,56,59,29,53,59,64,72,32,48,52,107,54,72,74,66,44,51,67,71,39,60,59,55,53,35,54,43,53,50,40,--,66
Virginia Tech,ACC,18-13,+3,58,>>,57,81,--,66,54,71,72,70,54,55,74,67,--,53,59,68,54,82,44,53,70,61,54,57,73,54,60,66,54,58,63,70,66,54,56,56,72,58,60,64,62,55,53,60,78,64,66,46,68,57,55,59,61,52,54,56,--,61
Providence,BE,19-12,-1,59,>>,58,116,--,69,59,66,60,56,60,64,69,58,--,60,67,51,60,64,52,69,45,58,73,55,68,48,71,68,56,63,54,58,71,60,55,64,69,70,54,76,67,57,61,52,85,80,61,74,59,58,56,50,59,49,64,53,--,59
Memphis,AAC,22-9,-3,60,>>,61,78,--,55,71,58,54,66,69,57,44,55,--,63,58,61,69,41,73,63,57,63,89,66,52,62,50,58,66,66,46,54,55,70,68,69,46,66,59,82,53,66,71,64,48,82,52,59,62,69,70,51,74,66,93,65,--,55
Kansas St,B12,18-13,+2,61,>>,70,110,--,72,57,86,74,45,61,61,78,41,--,56,60,50,56,70,56,56,48,66,72,61,74,53,68,73,65,76,48,60,88,63,46,70,61,63,68,48,68,61,67,56,91,72,67,39,63,59,58,67,56,61,65,57,--,61
Oregon,P12,20-11,-3,62,>>,64,60,--,67,66,73,62,61,64,66,54,85,--,55,57,56,62,62,69,61,66,68,74,63,60,64,62,67,39,69,52,59,67,64,57,68,66,60,76,73,54,60,69,61,64,94,56,59,58,63,62,56,63,71,62,55,--,55
UCF,B12,16-14,+10,63,>>,65,99,--,75,45,91,92,76,50,60,94,37,--,73,66,74,45,79,55,62,75,72,57,58,90,73,77,76,67,65,69,76,99,50,31,61,79,46,79,55,83,58,60,73,100,52,77,31,70,62,49,68,51,60,58,58,--,76
Washington,P12,17-14,+12,64,>>,62,80,--,84,60,94,82,80,57,73,84,59,--,61,70,77,58,84,62,59,90,78,60,60,89,72,79,79,33,60,71,75,93,55,47,67,73,53,78,53,76,54,59,78,97,60,72,46,69,66,54,61,62,51,59,54,--,74
Butler,BE,18-13,+9,65,>>,67,131,--,78,63,88,70,54,62,76,80,70,--,64,72,53,63,77,77,74,54,69,61,59,80,49,73,80,61,71,64,61,85,56,58,66,85,73,66,66,69,65,63,59,99,93,68,97,64,56,53,66,58,62,57,67,--,64
Syracuse,ACC,20-11,,66,>>,74,59,--,71,87,74,50,41,85,69,43,84,--,71,99,46,83,74,100,84,41,55,85,78,49,55,41,63,72,89,61,45,68,82,79,79,63,83,63,57,41,83,79,39,36,100,45,82,67,64,77,60,96,90,74,89,--,39
Bradley,MVC,23-11,+8,67,>>,66,30,--,70,64,65,76,95,65,63,63,72,--,77,65,88,61,69,72,70,98,79,53,69,70,76,63,70,88,62,96,93,47,66,66,59,86,56,73,108,75,70,64,89,46,38,71,46,75,72,71,57,68,75,56,76,--,77
Xavier,BE,15-16,-1,68,>>,59,74,--,82,56,80,88,78,55,70,97,73,--,54,63,78,57,91,47,65,76,77,64,56,100,89,89,84,51,57,66,82,110,52,54,65,94,61,56,69,90,51,54,77,106,59,79,82,80,67,52,64,54,59,63,48,--,81
Richmond,A10,23-8,-5,69,>>,73,68,--,58,79,56,56,68,84,62,49,90,--,84,97,62,82,61,75,96,64,59,82,86,46,51,38,61,60,77,74,69,42,81,78,71,50,82,71,77,51,86,81,66,55,85,58,97,74,74,83,72,73,79,73,86,--,52
McNeese St,SLC,28-3,-1,70,>>,63,69,--,26,67,32,46,67,77,95,61,119,--,88,84,63,75,49,58,80,59,64,81,84,42,69,93,53,100,56,109,67,64,74,82,58,89,85,44,67,74,80,65,81,56,57,75,66,73,65,97,92,82,65,84,96,--,77
UNLV,MWC,19-11,+6,71,>>,72,42,--,76,69,79,68,73,72,58,58,50,--,96,74,80,68,83,64,86,84,73,65,73,72,60,65,78,79,83,80,79,96,71,98,75,53,65,58,65,59,73,72,71,59,69,70,66,76,68,75,69,69,63,67,72,--,70
South Florida,AAC,23-6,-7,72,>>,76,92,--,60,83,63,52,64,92,67,40,66,25,86,103,69,81,67,96,82,63,65,91,89,44,68,52,57,94,84,79,66,45,95,97,78,39,90,65,62,47,94,88,69,44,86,57,82,65,87,93,71,89,72,94,99,--,61
SMU,AAC,20-11,-5,73,>>,68,56,--,74,61,60,91,92,58,71,86,96,--,65,61,91,65,72,68,60,94,85,67,65,92,88,101,81,57,61,84,91,65,58,76,57,104,72,64,81,95,63,62,95,94,55,83,66,83,75,60,63,64,68,60,66,--,93
San Francisco,WCC,23-9,+5,74,>>,77,125,--,73,68,67,80,79,68,79,89,69,--,68,62,81,70,52,63,66,87,75,52,72,77,82,112,83,73,74,70,77,40,67,61,63,76,68,84,61,82,68,70,83,103,68,84,74,77,76,68,83,60,86,70,68,--,84
Samford,SC,28-5,+6,75,>>,69,40,--,61,95,49,48,62,82,78,46,78,--,101,88,70,99,38,99,101,73,70,102,92,40,85,75,62,105,70,87,63,30,103,103,74,56,86,74,79,64,85,80,79,33,54,73,74,66,71,102,88,84,98,87,94,--,71
Indiana,B10,18-13,+12,76,>>,86,109,--,89,85,106,71,47,86,72,62,48,--,66,79,55,77,85,94,79,49,71,78,76,67,67,64,82,87,100,56,56,97,84,72,93,45,77,77,60,57,81,86,55,63,98,65,66,72,85,81,79,92,89,78,80,--,55
Mississippi,SEC,20-11,-17,77,>>,84,82,--,80,96,77,55,57,83,85,53,114,--,59,69,58,90,68,93,85,50,60,103,80,51,75,53,74,78,86,67,55,74,85,90,90,100,109,70,83,52,78,84,47,58,108,55,97,71,79,79,73,85,85,76,73,--,45
Maryland,B10,15-16,-7,78,>>,71,141,--,94,62,78,102,93,56,74,118,83,--,58,50,93,59,96,61,50,97,95,55,54,115,115,98,92,42,59,68,89,117,62,65,77,109,59,67,70,108,56,58,92,140,78,99,59,81,70,61,65,65,54,61,49,--,104
Loyola-Chicago,A10,23-8,+7,79,>>,82,115,--,62,82,90,58,71,94,56,45,65,--,80,89,71,78,75,101,81,67,67,77,90,47,71,45,64,95,97,85,71,59,89,95,84,51,79,80,80,48,95,93,68,40,70,59,82,78,93,95,86,88,96,83,97,--,59
Appalachian St,SBC,27-6,-10,80,>>,75,77,--,64,88,50,63,72,88,77,66,91,--,93,73,73,92,53,74,76,74,74,92,87,57,70,85,65,92,72,89,72,27,90,89,72,67,95,81,103,78,84,78,94,57,66,85,66,61,80,101,90,87,69,98,87,--,90
UC Irvine,BWC,24-8,+1,81,>>,79,58,--,65,77,52,77,81,74,81,79,74,--,95,81,82,84,54,76,73,88,91,96,75,78,86,104,71,97,68,92,87,43,77,75,73,71,71,69,97,86,75,73,99,54,67,86,66,60,77,89,76,79,77,81,81,--,90
NC State,ACC,17-14,-4,82,>>,80,142,--,90,74,89,79,83,70,84,90,89,--,72,71,79,74,89,71,78,79,76,69,71,86,77,84,89,59,79,73,78,101,75,70,80,102,76,88,85,79,72,76,70,109,90,74,74,85,73,66,80,75,70,79,71,--,71
Minnesota,B10,18-13,-11,83,>>,78,146,--,93,76,83,85,74,71,83,96,76,--,76,78,75,72,78,85,92,80,82,86,68,94,79,102,91,58,78,77,73,81,76,67,86,91,80,83,68,89,76,75,75,133,95,87,97,82,82,67,78,66,73,77,75,--,84
VCU,A10,19-12,-4,84,>>,83,33,--,88,81,76,84,105,87,75,76,80,--,90,85,96,86,81,87,87,100,80,75,88,76,80,58,86,70,82,90,99,76,86,93,76,81,78,89,93,80,91,87,86,65,49,81,82,93,90,82,77,76,87,90,92,--,81
LSU,SEC,17-14,-2,85,>>,91,133,--,96,89,99,87,77,81,82,92,94,--,75,77,84,80,108,80,83,77,83,71,81,88,74,82,90,89,99,78,80,113,83,77,92,80,96,96,72,73,82,91,72,110,105,78,74,91,78,76,85,86,80,82,77,--,74
Florida St,ACC,16-15,+5,86,>>,85,91,--,91,80,102,86,86,78,88,85,99,--,79,93,85,79,120,81,94,83,81,93,79,91,90,76,88,86,85,86,83,112,80,74,95,103,94,90,88,77,77,82,74,89,87,76,109,95,83,72,75,71,76,92,79,--,73
Massachusetts,A10,20-10,,87,>>,81,36,--,81,84,72,97,100,90,86,81,101,--,89,98,103,87,80,86,98,104,86,79,93,82,93,72,87,82,75,108,107,69,88,81,83,88,81,87,101,91,92,85,98,83,65,91,97,94,92,86,81,78,82,88,95,--,92
Penn St,B10,15-16,+8,88,>>,87,130,--,106,73,119,111,97,75,80,115,54,--,82,91,99,67,106,84,77,96,97,63,70,114,104,95,100,64,80,76,95,129,69,69,89,87,64,85,58,102,74,77,88,139,88,100,59,86,88,74,96,83,84,75,74,--,101
Col Charleston,CAA,25-7,+5,89,>>,90,53,--,86,104,85,78,85,104,87,71,52,--,100,83,83,97,48,97,95,78,90,87,102,63,101,81,77,108,92,91,84,35,110,91,100,40,75,99,87,96,103,100,103,68,83,92,46,84,107,113,105,103,102,96,103,--,96
USC,P12,14-17,+12,90,>>,89,85,--,109,78,130,116,110,79,94,117,63,--,78,76,104,76,129,79,64,116,104,68,77,122,112,105,105,63,91,82,101,139,78,73,91,83,62,104,75,100,71,83,97,129,103,104,66,92,84,73,93,70,83,72,63,--,104
Yale,Ivy,20-9,-6,91,>>,88,51,--,77,97,55,83,94,97,91,91,95,--,104,75,98,89,88,67,72,85,99,84,96,85,84,90,72,122,73,101,106,192,97,108,87,78,89,82,114,101,90,89,111,39,77,106,74,87,96,111,112,97,100,85,88,--,107
Duquesne,A10,20-11,+6,92,>>,92,25,--,85,98,95,81,89,103,92,67,86,--,97,104,86,102,99,105,104,86,84,104,104,71,92,54,85,102,101,106,94,80,100,104,98,74,101,95,78,72,101,101,87,45,71,80,109,90,95,99,95,101,105,95,102,--,77
Georgia,SEC,16-15,+2,93,>>,96,63,--,100,94,104,90,90,89,98,93,105,--,81,92,89,88,123,83,102,82,87,88,85,93,106,83,97,69,98,93,85,123,92,83,101,118,98,100,84,84,89,92,76,105,102,82,109,97,86,80,84,90,91,80,90,--,77
Cornell,Ivy,22-6,+3,94,>>,95,93,--,79,108,68,69,75,105,99,73,97,--,98,101,72,106,76,102,75,68,88,110,105,59,78,92,75,140,81,102,74,155,104,110,88,77,104,75,107,85,104,99,91,50,112,93,82,79,98,119,111,104,93,104,107,--,87
Vermont,AEC,26-6,-3,95,>>,98,67,--,68,107,64,75,87,109,90,68,98,--,110,95,76,105,55,82,97,72,89,113,109,61,98,80,69,128,90,99,90,83,106,102,103,52,112,94,112,87,107,103,105,41,96,95,82,89,110,124,115,114,106,109,110,--,99
North Texas,AAC,17-13,+3,96,>>,93,29,--,103,75,93,115,123,80,89,112,81,--,91,80,114,85,103,90,71,115,107,76,82,118,103,110,112,90,87,97,111,126,73,99,81,105,84,86,100,114,87,74,110,122,75,101,97,102,94,78,74,80,81,66,93,--,111
George Mason,A10,20-11,+7,97,>>,97,72,--,92,90,98,94,101,98,93,83,103,--,102,106,97,95,95,104,103,101,93,80,101,83,87,74,93,101,95,107,105,104,94,100,85,95,92,93,86,92,102,94,96,66,76,90,97,98,99,96,91,95,92,91,106,--,87
Boston College,ACC,17-14,+3,98,>>,94,149,--,98,92,116,95,103,91,100,95,110,--,92,100,90,93,107,95,105,92,92,83,95,96,94,91,95,83,94,95,88,103,91,84,96,111,107,98,109,88,97,95,80,108,104,89,125,96,89,85,87,91,95,107,98,--,83
Miami FL,ACC,15-16,-10,99,>>,102,121,--,101,86,101,104,96,76,105,114,130,--,83,82,102,91,97,78,91,99,94,95,83,113,122,107,107,81,96,83,102,121,79,85,99,146,110,91,118,105,79,96,84,147,89,98,109,101,81,65,94,72,78,89,70,--,95
Louisiana Tech,CUSA,22-9,-7,100,>>,101,54,--,83,93,61,99,98,100,102,98,102,--,103,96,108,104,92,88,100,103,106,97,98,97,99,115,94,118,88,105,108,100,93,112,94,98,87,92,91,110,98,90,117,77,81,110,82,88,103,106,100,107,94,86,101,--,112
Rutgers,B10,15-16,-11,101,>>,99,145,--,110,99,108,96,82,95,103,105,107,--,74,86,87,94,121,92,90,81,96,114,91,105,113,94,106,84,103,75,81,130,87,101,102,115,97,97,92,98,88,98,82,118,118,96,97,100,91,87,89,94,101,101,82,--,93
St Bonaventure,A10,18-12,-18,102,>>,100,71,--,95,91,92,101,108,93,97,99,124,--,99,90,110,96,102,89,88,109,98,94,100,99,102,86,96,93,93,111,112,92,96,94,82,122,106,105,102,109,93,97,108,96,62,108,140,105,97,92,104,93,103,100,85,--,106
Arkansas,SEC,15-16,+3,103,>>,105,117,--,114,106,132,98,91,106,101,100,77,--,85,94,100,107,122,112,89,93,101,100,99,103,111,99,111,96,115,81,96,145,109,87,109,90,91,108,96,93,99,106,85,121,114,94,82,104,105,98,97,106,97,106,84,--,87
UAB,AAC,20-11,+10,104,>>,108,87,--,104,109,122,89,84,112,96,75,82,--,113,107,92,112,100,125,112,89,100,119,107,81,83,78,99,114,123,88,86,111,120,120,112,68,113,103,110,81,114,119,93,61,99,88,109,103,116,112,107,108,107,121,114,--,86
St Joseph's PA,A10,19-12,-2,105,>>,103,83,--,102,102,115,107,111,102,106,101,111,--,105,102,111,103,93,91,106,105,102,90,108,98,91,103,103,103,104,113,109,94,98,80,97,106,103,112,123,107,106,104,106,98,79,109,125,106,100,100,109,102,104,99,105,--,107
Santa Clara,WCC,20-12,+1,106,>>,112,128,--,115,105,110,105,102,107,110,106,79,--,109,110,106,108,98,121,108,106,105,111,106,102,81,109,118,107,117,98,97,78,105,106,104,96,93,106,89,103,108,109,102,117,107,103,82,107,104,105,101,100,108,118,109,--,101
UCLA,P12,15-16,-2,107,>>,104,140,--,129,103,133,122,114,99,104,126,88,--,94,87,107,98,119,111,93,108,113,101,94,127,130,118,124,74,108,72,103,162,101,92,115,92,88,107,94,111,96,102,101,163,132,112,82,109,102,91,103,98,99,97,83,--,110
Charlotte,AAC,19-11,,108,>>,107,64,--,97,111,112,100,104,111,109,88,122,--,111,115,101,115,101,116,121,102,103,118,113,95,96,97,101,117,113,110,104,131,108,117,105,93,121,110,99,97,115,114,104,73,101,97,125,108,114,109,99,109,114,103,117,--,96
Northern Iowa,MVC,19-14,,109,>>,110,76,--,113,112,100,103,112,114,107,103,108,--,118,117,109,114,130,118,124,113,111,106,114,104,95,96,108,104,110,115,110,122,113,107,108,97,114,101,121,104,113,111,113,88,117,107,109,111,109,118,102,111,119,111,120,--,109
Hofstra,CAA,20-12,+8,110,>>,106,66,--,111,110,111,121,124,118,112,124,92,--,119,113,123,111,113,98,107,120,117,98,118,117,117,114,104,130,106,123,124,127,115,105,107,101,108,117,90,127,110,108,128,86,92,122,74,114,119,127,129,122,111,110,112,--,127
Stanford,P12,13-17,+12,111,>>,111,147,--,133,101,156,128,134,96,113,133,109,--,87,105,118,100,144,109,99,136,116,109,97,137,148,119,131,62,114,103,117,151,99,88,113,158,100,124,116,115,100,105,109,180,133,114,82,122,101,88,114,105,88,102,91,--,114
Belmont,MVC,20-13,+5,112,>>,113,95,--,118,113,109,109,121,115,108,104,106,--,122,125,112,109,114,132,117,119,118,99,117,108,97,108,115,126,116,119,115,118,119,109,117,113,102,114,119,112,122,115,118,95,116,113,82,116,120,123,123,126,126,108,132,--,113
High Point,BSo,25-8,-3,113,>>,109,57,--,99,133,84,108,113,123,118,102,168,--,115,112,115,121,87,113,116,111,109,117,124,101,120,123,102,123,102,143,121,61,129,111,110,132,132,109,131,119,125,113,129,101,113,121,109,112,125,128,117,133,113,119,137,--,124
Morehead St,OVC,26-8,+13,114,>>,114,106,--,87,129,87,114,106,131,119,109,131,--,157,121,117,120,94,103,118,114,115,108,130,106,105,131,98,172,105,130,126,46,131,126,106,114,136,102,106,125,121,112,133,87,110,120,97,117,129,144,106,128,137,127,130,--,127
Akron,MAC,21-10,-15,115,>>,118,73,--,105,125,82,118,122,124,131,108,181,--,116,109,121,126,90,107,109,118,114,148,123,109,110,122,110,113,111,116,119,108,112,130,114,144,139,113,147,123,112,120,123,90,91,115,153,120,121,122,113,130,116,128,111,--,117
Arizona St,P12,14-17,-5,116,>>,119,148,--,130,118,139,112,109,113,120,116,125,--,106,127,105,116,132,137,115,110,112,124,110,121,125,100,129,91,135,94,100,156,118,116,125,134,115,118,117,106,109,121,100,135,171,111,125,119,111,104,108,113,118,122,108,--,101
Georgia Tech,ACC,14-17,+7,117,>>,120,138,--,120,119,158,106,99,116,115,111,117,--,114,139,95,118,148,128,148,95,108,122,115,112,114,87,122,110,133,104,98,186,121,115,122,117,127,130,111,99,119,126,90,114,169,105,153,115,106,110,121,115,109,124,118,--,96
Oklahoma St,B12,12-19,-5,118,>>,116,139,--,138,100,135,143,128,101,111,153,113,--,108,108,130,101,155,115,110,126,121,107,103,152,135,134,142,98,118,100,128,176,102,86,120,128,99,123,105,134,105,107,116,187,115,126,82,126,108,94,120,99,110,105,100,--,121
W Carolina,SC,22-10,-4,119,>>,117,90,--,112,117,96,110,118,117,121,113,128,--,130,129,119,119,111,134,128,125,124,112,120,111,123,117,120,133,109,137,123,91,116,157,111,136,105,115,146,122,118,110,126,104,109,124,82,110,113,131,130,119,125,112,129,--,124
UNC Wilmington,CAA,21-10,-8,120,>>,115,88,--,107,127,97,117,115,125,125,120,136,--,129,118,116,124,115,106,122,107,122,123,129,116,100,113,109,131,107,125,120,90,125,133,118,125,133,121,129,129,117,117,132,93,125,123,125,113,112,135,124,120,112,117,119,--,127
Tarleton St,WAC,23-8,-5,121,>>,123,132,--,108,128,103,93,88,139,117,87,112,--,131,152,94,142,105,160,154,91,110,142,133,87,107,116,113,176,139,117,92,114,148,160,137,82,128,111,98,94,144,135,107,81,161,102,109,99,131,141,122,127,144,146,155,--,99
Toledo,MAC,20-11,+13,122,>>,126,98,--,119,130,137,119,126,137,126,110,126,--,124,116,122,129,104,117,114,122,119,131,136,110,121,111,117,115,126,120,118,86,133,119,128,112,117,129,143,118,131,133,122,102,111,116,109,124,127,129,131,134,129,141,123,--,117
S Illinois,MVC,19-13,-3,123,>>,121,112,--,128,122,117,123,144,121,122,119,182,--,125,140,127,125,118,122,138,137,120,127,125,120,108,127,126,111,119,129,131,98,114,113,116,153,131,119,132,124,128,122,121,145,124,117,168,129,117,115,98,116,145,115,131,--,121
Oakland,HL,21-11,+6,124,>>,129,120,--,116,137,123,113,107,136,130,107,120,--,158,149,113,133,109,130,153,112,123,144,145,107,109,106,114,127,127,136,113,75,130,134,129,110,140,137,124,120,141,137,125,92,126,118,140,121,128,134,133,132,127,130,146,--,117
California,P12,13-18,-6,125,>>,127,169,--,145,116,144,131,140,108,123,146,115,--,112,114,126,113,170,127,126,134,125,125,111,143,145,126,147,80,142,121,116,182,117,118,123,140,125,116,104,116,116,118,112,172,150,119,140,135,118,107,110,110,115,120,116,--,115
Notre Dame,ACC,12-19,,126,>>,122,150,--,155,115,163,138,149,110,114,148,87,--,120,143,132,110,187,135,134,132,126,115,112,150,155,132,146,112,140,114,129,191,126,114,126,135,116,125,95,117,126,124,114,178,151,127,125,142,123,108,125,112,117,131,124,--,115
UC San Diego,BWC,21-11,-5,127,>>,132,108,--,121,123,107,127,133,119,132,125,151,--,134,138,135,128,112,138,139,143,132,126,122,129,127,143,132,129,124,152,134,136,122,150,121,145,134,126,139,133,134,123,134,126,128,131,153,118,124,126,128,121,128,123,143,--,132
Drexel,CAA,20-12,-3,128,>>,124,136,--,117,131,120,135,136,130,133,136,146,--,145,130,134,122,125,110,127,128,130,121,137,135,132,139,119,132,112,141,138,89,124,131,124,133,137,141,122,148,124,125,147,119,127,142,125,132,126,137,142,139,130,125,121,--,150
Davidson,A10,15-16,-8,129,>>,125,94,--,135,114,113,144,162,120,116,138,165,--,123,132,145,117,153,131,130,141,127,128,119,142,181,128,148,119,120,126,142,258,111,146,119,186,122,120,130,136,120,116,127,130,97,130,140,145,122,114,119,124,121,113,125,--,131
UT Arlington,WAC,18-13,+9,130,>>,128,122,--,143,120,126,132,129,129,128,134,104,--,135,145,142,127,149,151,142,146,146,129,121,138,133,148,143,148,129,142,133,135,138,125,144,116,111,122,125,131,136,128,136,131,134,135,97,125,139,133,126,131,131,126,145,--,135
Seattle,WAC,18-13,-3,131,>>,134,101,--,142,121,125,147,156,127,138,144,121,--,126,131,157,131,134,120,137,170,141,133,127,144,147,154,149,125,131,146,154,138,123,141,127,156,119,128,126,143,129,131,142,161,106,139,97,133,132,125,134,123,120,138,126,--,139
Colgate,PL,24-9,+2,132,>>,136,126,--,126,150,124,126,116,148,135,132,154,--,161,124,125,143,86,114,113,117,128,146,150,124,116,174,116,141,128,138,132,107,149,136,131,99,146,160,133,150,138,149,157,113,131,151,109,131,161,163,167,151,157,165,128,--,161
Troy,SBC,20-12,-4,133,>>,130,86,--,136,134,114,148,145,128,127,141,153,--,140,120,152,136,135,126,141,158,145,120,132,145,144,158,130,136,122,148,148,106,139,143,138,149,143,136,120,149,132,130,162,141,122,149,109,134,133,136,127,142,138,116,133,--,154
Arkansas St,SBC,18-15,+17,134,>>,133,107,--,147,135,141,154,175,134,124,154,100,--,137,122,155,130,167,139,135,163,154,105,126,149,160,145,133,137,130,153,144,87,146,142,140,108,123,131,115,137,133,129,158,132,138,146,97,138,147,142,137,137,136,129,138,--,150
Sam Houston St,CUSA,20-11,+12,135,>>,144,173,--,131,146,151,125,117,158,129,121,93,--,144,154,124,145,128,163,133,121,136,141,139,125,126,135,136,168,159,122,114,148,164,187,153,84,124,139,113,121,148,143,130,107,178,129,125,123,153,166,147,149,153,132,149,--,124
Michigan,B10,8-23,+1,136,>>,131,113,--,161,124,164,157,174,122,146,183,171,--,107,123,143,132,211,129,150,140,134,132,116,194,167,124,160,99,132,112,135,238,107,121,132,206,154,127,148,142,111,127,120,165,149,137,183,150,115,103,118,125,123,114,104,--,132
Liberty,CUSA,18-13,-1,137,>>,137,96,--,124,142,128,151,147,142,157,151,178,--,117,111,151,149,126,108,123,155,135,138,138,153,143,157,141,159,125,128,145,146,134,148,130,172,120,133,140,146,123,132,148,155,123,148,125,136,138,130,151,138,139,144,115,--,150
Towson,CAA,20-13,+11,138,>>,138,105,--,132,138,157,145,142,143,134,139,127,--,152,146,136,135,143,124,145,131,133,165,148,134,134,137,125,124,138,140,143,128,151,140,147,127,141,153,128,144,149,145,144,127,121,138,125,140,143,147,149,136,140,142,147,--,141
UNC Greensboro,SC,21-11,-8,139,>>,141,127,--,122,155,121,120,120,151,143,122,152,--,143,133,131,159,116,144,149,130,129,153,153,119,128,125,128,162,144,133,130,144,160,170,133,160,162,135,144,128,143,147,131,115,135,132,140,137,136,160,154,143,154,140,141,--,127
Youngstown St,HL,22-10,-8,140,>>,142,119,--,134,140,105,140,125,132,140,143,147,--,147,128,144,137,110,133,144,138,148,152,140,136,131,140,138,156,134,162,152,153,132,151,134,137,153,140,177,157,137,136,156,137,129,154,125,144,146,139,140,140,122,135,136,--,157
E Washington,BSC,21-11,-8,141,>>,145,187,--,125,163,127,124,130,152,148,128,159,--,155,150,128,157,117,143,147,129,140,140,152,128,124,146,123,154,143,134,125,102,147,161,141,120,164,143,163,132,145,148,135,112,184,136,140,128,144,167,160,148,152,163,142,--,136
Chattanooga,SC,21-12,+1,142,>>,143,166,--,139,148,136,130,143,141,136,131,143,--,141,135,148,151,138,147,160,151,142,139,146,130,137,136,135,163,146,147,146,120,152,169,139,154,149,138,137,138,151,139,143,134,140,144,125,139,140,159,141,154,158,151,156,--,139
Montana,BSC,21-10,+5,143,>>,150,129,--,141,153,140,129,127,154,149,123,138,--,170,158,140,156,131,196,152,145,151,136,157,126,129,142,140,169,154,154,136,95,153,156,136,130,152,147,142,130,157,155,140,111,137,134,140,127,142,161,146,146,179,156,158,--,136
Tulane,AAC,14-16,+2,144,>>,135,143,--,159,126,152,158,183,126,145,149,149,--,127,134,156,134,161,140,125,165,143,145,128,166,205,151,162,135,136,139,163,171,127,127,135,183,144,142,179,153,127,134,138,190,119,140,140,162,151,116,116,117,133,148,122,--,141
Missouri St,MVC,17-16,+8,145,>>,146,162,--,150,154,142,142,172,149,144,137,174,--,150,157,138,146,147,158,157,156,147,149,149,141,140,130,154,138,150,132,139,125,142,124,145,178,148,134,149,135,156,150,137,152,154,133,168,149,141,140,132,144,151,150,154,--,136
West Virginia,B12,9-22,-5,146,>>,154,144,--,178,132,182,167,166,133,137,188,137,--,121,136,146,123,209,150,151,139,144,130,131,186,183,129,179,106,170,118,147,242,128,123,158,173,135,150,127,145,135,142,124,208,165,141,153,160,130,117,136,129,142,133,127,--,132
Weber St,BSC,20-11,-9,147,>>,140,152,--,127,151,131,141,139,150,162,150,176,--,151,153,147,158,133,162,132,161,150,161,155,139,118,153,134,152,141,155,151,134,140,145,148,147,160,154,198,141,139,144,149,123,120,143,153,130,137,150,159,157,124,158,135,--,147
Oregon St,P12,13-18,+2,148,>>,151,182,--,168,141,181,137,141,138,150,145,133,--,128,177,120,139,194,172,178,133,131,154,135,146,152,120,167,109,171,124,122,222,144,137,161,182,147,144,136,126,147,156,115,199,189,128,168,143,134,120,135,141,135,154,140,--,121
Wyoming,MWC,15-16,+12,149,>>,164,192,--,154,143,203,133,135,146,139,127,135,--,136,178,133,141,179,259,163,142,138,158,141,133,139,121,161,191,179,127,127,190,141,135,151,142,118,156,135,113,162,154,119,128,193,125,109,174,135,138,148,163,163,155,174,--,117
MA Lowell,AEC,21-9,-10,150,>>,139,161,--,123,165,118,139,132,161,152,135,175,--,164,147,139,153,124,119,140,127,137,187,162,132,142,141,121,184,121,165,155,217,157,144,142,139,158,132,162,160,152,157,169,124,144,162,109,146,149,174,166,169,150,167,144,--,169
Ohio,MAC,19-12,+5,151,>>,149,123,--,144,149,147,160,164,160,147,158,116,--,148,137,168,138,137,123,129,174,152,143,151,151,173,170,144,145,148,150,166,163,150,129,149,119,130,152,138,163,140,151,171,167,148,159,109,156,158,153,150,160,156,153,134,--,164
S Dakota St,SL,20-12,+3,152,>>,148,163,--,158,136,148,162,165,144,142,160,118,--,163,142,154,144,140,152,120,169,172,135,144,167,146,185,158,146,151,149,162,137,136,181,146,124,129,151,141,167,146,141,182,166,146,169,109,148,159,149,156,135,141,143,151,--,176
WKU,CUSA,19-11,-8,153,>>,155,104,--,153,152,134,149,150,153,151,152,164,--,146,151,149,155,141,170,131,147,157,155,143,155,166,176,164,165,155,131,140,150,159,178,155,181,138,146,159,166,153,153,161,157,136,150,140,141,150,154,138,153,146,147,150,--,154
UNC Asheville,BSo,22-12,-12,154,>>,152,164,--,137,170,138,134,138,165,154,130,162,--,165,156,137,165,142,149,159,135,139,168,168,131,141,138,127,173,152,160,141,119,168,139,163,121,201,155,166,139,165,165,153,120,156,147,140,159,154,182,153,171,161,169,166,--,141
Louisiana,SBC,19-14,-11,155,>>,160,65,--,160,161,129,152,179,155,153,161,180,--,156,144,160,164,139,156,143,164,158,137,154,161,157,165,156,139,149,156,156,105,158,164,150,176,174,145,201,173,155,152,173,136,141,166,168,154,162,164,170,155,155,139,153,--,171
Furman,SC,17-16,+2,156,>>,171,153,--,169,147,150,155,168,140,141,163,144,--,139,126,174,152,152,167,136,209,185,150,142,158,187,171,175,147,168,158,183,188,145,203,143,155,142,148,157,162,142,140,160,142,139,183,125,152,145,146,188,147,143,152,148,--,184
Wichita St,AAC,13-18,-5,157,>>,158,134,--,172,145,175,190,207,147,158,184,156,--,138,148,181,148,183,146,155,189,159,134,147,192,215,162,185,121,164,135,167,195,143,132,157,189,126,164,172,179,150,159,154,194,153,160,140,173,156,132,152,150,147,137,139,--,158
Quinnipiac,MAAC,23-8,+8,158,>>,168,103,--,156,194,154,136,119,182,155,129,163,--,199,174,129,171,127,159,180,123,149,169,185,123,136,156,139,206,167,161,137,109,179,154,168,126,189,179,152,161,177,175,175,125,164,156,168,151,181,204,173,193,197,159,180,--,164
Bryant,AEC,20-12,+6,159,>>,161,155,--,152,179,159,146,146,177,164,142,189,--,180,172,141,172,156,161,170,124,153,192,177,140,119,144,137,209,160,175,150,167,175,149,164,148,184,162,173,158,171,172,163,116,179,164,153,165,170,191,183,180,165,170,173,--,161
UC Davis,BWC,19-12,+18,160,>>,172,167,--,164,167,183,153,160,166,163,147,148,--,176,169,159,173,150,186,167,182,167,164,166,148,164,167,170,196,172,167,165,142,173,182,169,129,166,172,151,147,169,171,150,154,155,152,183,147,155,172,162,158,176,162,169,--,147
Hawaii,BWC,19-13,+3,161,>>,173,156,--,180,160,169,159,170,162,156,156,150,--,160,167,170,170,145,198,175,193,162,167,161,154,171,177,181,170,178,166,171,115,165,155,172,131,161,170,176,154,168,168,146,191,160,145,168,153,164,152,139,161,182,173,172,--,141
Wright St,HL,18-14,-5,162,>>,162,114,--,173,162,149,182,196,157,160,189,177,--,149,141,185,160,164,155,156,197,173,160,159,177,170,150,165,155,163,179,188,165,156,173,154,170,157,167,165,184,158,160,185,176,145,184,153,167,157,157,145,162,160,145,157,--,184
Lipscomb,ASUN,20-12,-9,163,>>,157,231,--,151,173,143,156,155,170,175,157,172,--,186,164,163,181,146,153,158,154,156,176,167,157,150,186,150,174,157,168,157,133,185,186,166,164,179,149,182,164,164,166,174,159,157,165,153,158,168,180,158,159,162,219,162,--,164
PFW,HL,21-12,-5,164,>>,153,202,--,149,158,146,178,171,159,176,180,169,--,182,166,188,154,136,145,171,185,161,177,169,178,156,190,155,150,147,190,186,132,155,128,159,194,151,165,193,186,160,161,194,200,147,182,140,163,171,162,175,152,148,176,164,--,192
Fairfield,MAAC,20-11,+2,165,>>,165,157,--,165,171,153,161,161,168,159,166,140,--,213,173,165,161,151,157,161,160,175,157,173,160,159,182,152,160,153,186,175,82,177,168,162,143,172,182,168,194,175,167,205,143,130,194,153,164,180,192,186,156,186,180,181,--,204
Utah Valley,WAC,16-15,+10,166,>>,176,198,--,175,157,194,166,190,167,161,167,132,--,159,168,172,163,163,222,172,183,177,170,160,172,193,160,178,194,182,151,158,175,163,172,165,123,145,161,134,156,167,164,155,151,174,158,109,161,173,171,165,167,174,174,175,--,158
SF Austin,WAC,17-14,+5,167,>>,167,176,--,163,156,168,176,182,163,173,171,187,--,133,155,184,177,165,168,168,205,170,175,156,171,153,179,171,179,166,159,168,157,166,158,170,187,156,157,154,170,159,163,167,181,158,171,168,157,148,156,161,176,164,175,152,--,171
Longwood,BSo,21-13,+24,168,>>,147,160,--,140,159,174,188,181,164,171,176,145,--,173,165,176,150,171,142,146,173,163,162,164,180,165,194,151,198,137,192,203,236,161,138,160,166,163,166,158,191,161,158,207,164,142,191,125,170,163,177,211,165,149,172,167,--,204
Missouri,SEC,8-23,-9,169,>>,159,197,--,193,144,209,220,224,135,167,219,183,--,132,119,215,140,229,136,119,206,181,147,134,234,218,189,198,116,162,144,206,259,135,122,156,226,155,175,169,197,130,146,166,236,166,177,153,181,152,121,143,118,134,136,113,--,171
St Thomas MN,SL,20-12,-1,170,>>,156,183,--,157,139,155,197,188,145,172,213,160,--,190,163,195,147,158,141,111,210,192,116,158,207,169,247,166,153,145,203,198,220,137,199,152,205,150,168,174,213,154,138,215,206,143,193,140,155,160,165,174,145,132,134,161,--,210
Stony Brook,CAA,19-14,+10,171,>>,169,135,--,171,184,167,169,159,186,166,155,139,--,200,189,153,168,177,169,184,144,165,173,186,156,158,147,157,192,169,180,161,160,189,153,179,161,180,163,150,168,184,176,177,146,177,173,168,171,189,196,181,175,172,166,189,--,176
Delaware,CAA,19-14,-4,172,>>,163,175,--,162,174,160,174,197,174,179,175,223,--,185,175,164,175,154,154,177,167,171,166,178,170,176,184,159,157,161,172,174,124,162,166,167,193,182,181,184,187,170,170,188,174,162,179,218,169,169,179,164,168,166,157,171,--,188
ETSU,SC,19-15,+23,173,>>,177,196,--,166,172,192,170,187,180,169,168,142,--,183,187,167,176,192,181,186,187,180,189,183,163,163,163,169,215,175,164,169,166,193,204,177,159,167,169,155,165,182,173,170,150,172,174,153,176,166,195,198,174,191,183,191,--,176
TAM C. Christi,SLC,21-10,,174,>>,166,177,--,148,164,145,185,131,181,177,187,188,--,230,205,189,166,160,166,166,157,184,163,176,189,138,230,153,203,158,206,200,173,192,185,173,152,175,158,156,196,179,169,220,185,182,190,168,180,191,203,172,170,167,164,192,--,207
Tulsa,AAC,16-14,+9,175,>>,179,224,--,181,183,204,181,167,184,178,162,155,--,166,201,169,191,188,190,199,175,164,205,184,165,194,173,188,178,187,163,164,170,178,177,187,179,203,185,145,159,187,178,152,218,200,155,236,179,184,168,157,179,183,201,187,--,154
Murray St,MVC,12-20,-13,176,>>,170,124,--,205,166,162,214,264,156,170,220,214,--,153,159,219,162,230,165,165,234,194,156,163,221,226,180,199,134,165,197,216,196,154,152,171,222,170,159,190,206,163,162,197,212,152,195,236,211,167,145,144,164,159,149,170,--,199
Vanderbilt,SEC,9-22,+21,177,>>,183,223,--,228,182,273,208,195,169,165,196,123,--,142,160,190,167,239,191,174,176,174,174,165,210,201,172,211,142,220,145,178,272,181,147,203,141,168,221,167,155,174,187,139,226,232,157,183,185,179,148,169,166,180,195,165,--,141
Cleveland St,HL,20-13,+17,178,>>,185,180,--,174,200,191,165,148,201,186,173,201,--,194,191,166,198,168,176,192,166,176,206,198,159,168,149,168,158,203,188,176,177,191,162,191,171,193,200,189,178,185,191,184,160,185,181,218,175,172,199,190,198,170,205,182,--,183
Monmouth NJ,CAA,18-15,,179,>>,178,214,--,176,199,177,163,176,200,187,165,197,--,203,216,158,195,176,193,205,152,169,179,201,164,175,169,163,175,174,183,159,141,197,189,190,196,200,177,202,175,203,194,179,149,203,175,183,172,187,198,189,183,171,189,212,--,176
Stetson,ASUN,22-12,+5,180,>>,181,233,--,146,219,184,150,152,220,198,140,190,--,218,219,150,213,169,174,197,149,155,210,208,147,149,191,145,221,180,178,149,143,218,200,209,138,247,187,210,140,198,214,165,138,223,163,183,168,174,218,196,207,199,230,190,--,150
Long Beach St,BWC,18-14,-19,181,>>,189,270,--,185,191,161,168,191,179,189,179,255,--,177,179,171,199,157,180,179,188,191,180,179,183,174,192,195,167,188,174,170,147,180,224,180,211,177,176,234,181,181,177,178,183,196,172,218,166,165,186,176,185,181,220,179,--,169
East Carolina,AAC,14-17,-11,182,>>,182,137,--,204,175,202,201,227,172,181,193,186,--,162,162,199,178,197,175,173,203,179,171,171,200,220,201,215,144,199,169,185,225,174,175,186,200,191,186,205,183,178,183,176,238,168,176,200,203,188,158,168,172,168,161,176,--,180
Illinois St,MVC,15-17,-13,183,>>,180,227,--,201,178,172,186,216,178,182,182,198,--,178,183,187,180,206,206,189,208,182,190,181,185,207,168,194,151,185,193,189,183,183,176,176,215,169,178,187,172,189,179,172,197,199,167,183,192,178,173,155,178,169,196,201,--,164
N Kentucky,HL,18-14,+4,184,>>,186,201,--,189,193,166,189,169,189,183,206,141,--,202,186,182,193,173,199,183,178,198,181,187,188,172,175,187,189,177,185,190,184,195,194,174,151,186,173,195,198,188,181,198,169,175,200,168,182,183,202,163,189,184,191,188,--,196
St Louis,A10,12-19,+12,185,>>,187,184,--,191,177,239,187,221,191,168,169,191,--,179,190,177,185,215,212,215,180,166,185,188,176,210,133,197,185,221,157,172,240,188,180,196,174,176,188,186,152,191,196,141,158,211,153,200,204,193,178,179,200,188,179,184,--,147
Ark Little Rock,OVC,21-12,-3,186,>>,174,174,--,188,185,185,206,209,188,180,191,161,--,212,180,210,169,166,173,191,220,188,151,192,190,184,232,172,182,176,223,211,84,190,197,182,169,165,206,153,205,192,185,216,229,163,204,125,189,200,197,184,204,193,171,198,--,207
La Salle,A10,15-16,-7,187,>>,191,195,--,184,190,224,184,198,195,184,186,170,--,171,199,173,179,195,178,212,171,168,172,194,181,217,164,192,181,211,177,180,261,186,190,195,180,173,190,171,174,195,198,159,209,225,178,168,202,194,184,214,196,201,177,193,--,171
UTEP,CUSA,16-15,+1,188,>>,190,165,--,187,176,197,209,213,187,191,205,167,--,167,182,206,188,204,207,162,216,189,188,175,206,212,205,202,186,191,173,191,231,196,183,193,188,159,192,160,195,180,182,192,230,170,198,153,183,192,181,178,191,178,168,177,--,192
Texas St,SBC,17-18,+23,189,>>,184,193,--,186,189,196,199,223,192,174,200,134,--,205,188,194,189,217,183,182,201,203,182,182,202,223,198,180,197,183,171,179,179,208,207,207,163,187,171,175,189,183,180,201,156,197,192,168,178,201,206,182,190,187,198,185,--,196
Winthrop,BSo,17-15,-17,190,>>,175,158,--,167,186,165,213,203,173,194,216,240,--,204,170,205,182,199,148,169,191,187,159,180,216,186,204,173,187,156,215,221,223,171,191,178,260,208,174,217,224,166,174,221,219,180,216,183,190,177,183,194,182,175,160,160,--,223
G Washington,A10,15-16,+17,191,>>,200,207,--,197,188,240,177,184,193,193,172,207,--,181,212,180,192,186,220,224,179,160,193,204,169,216,155,208,183,217,195,184,185,169,188,188,218,188,194,197,171,202,203,151,207,173,168,218,191,186,169,187,195,177,202,204,--,158
Wofford,SC,17-15,-15,192,>>,196,245,--,177,204,176,164,177,198,185,181,222,--,192,206,179,205,205,223,219,186,195,209,199,173,182,152,189,188,197,189,177,230,207,260,181,192,202,180,194,176,200,188,181,148,195,189,183,186,176,208,226,192,189,225,214,--,184
Kent,MAC,15-16,-18,193,>>,195,159,--,194,187,193,221,234,185,209,218,234,--,174,161,227,190,178,164,164,226,202,178,189,218,219,199,205,190,189,176,207,187,170,193,175,214,185,212,233,219,173,186,210,211,159,207,200,207,185,175,191,188,207,184,163,--,207
N Colorado,BSC,20-13,-7,194,>>,202,218,--,196,195,189,173,199,199,204,177,196,--,196,198,198,206,172,255,193,225,204,184,206,182,189,203,191,207,205,204,182,181,204,225,185,198,199,203,188,182,204,195,193,171,202,187,200,177,182,211,205,208,209,200,210,--,184
Gardner Webb,BSo,17-16,-13,195,>>,201,188,--,183,217,190,180,212,211,201,195,195,--,215,192,186,208,226,200,206,177,197,191,211,196,204,178,177,199,195,205,196,234,209,219,189,175,206,197,212,188,207,204,200,144,192,201,200,200,196,214,217,199,196,186,205,--,199
Fordham,A10,12-19,-10,196,>>,193,203,--,212,180,241,212,269,183,188,212,210,--,172,181,216,186,219,187,195,230,186,203,191,209,250,183,220,164,215,202,213,250,187,165,184,207,196,228,178,204,193,201,186,221,167,202,200,233,202,170,207,184,192,187,183,--,192
Georgetown,BE,9-22,+4,197,>>,194,234,--,240,168,259,228,215,171,202,229,204,--,169,200,217,174,263,195,185,194,206,213,170,249,221,219,239,161,216,170,208,268,172,163,198,269,190,207,180,208,176,190,189,268,233,205,218,212,226,143,177,173,173,178,168,--,188
Evansville,MVC,16-17,+8,198,>>,188,221,--,182,221,198,172,186,222,219,170,251,--,217,245,162,217,220,228,251,181,178,234,226,174,211,161,193,218,201,201,173,164,210,171,202,244,221,183,214,169,223,207,164,179,243,170,271,201,203,205,171,202,259,223,244,--,161
Merrimack,NEC,21-11,+4,199,>>,198,171,--,198,211,173,200,154,208,205,197,238,--,228,223,191,207,159,205,200,162,212,231,228,191,154,239,184,223,181,243,214,161,205,213,200,168,218,211,218,222,216,200,236,162,186,226,183,188,217,223,218,218,205,204,232,--,230
Loy Marymount,WCC,12-19,-9,200,>>,199,181,--,218,169,231,242,247,175,208,232,219,--,154,176,250,184,227,184,176,269,215,218,172,240,227,227,241,149,207,196,237,214,167,174,199,251,171,237,227,228,172,189,214,260,176,217,200,213,175,155,195,177,190,181,159,--,215
TN Martin,OVC,21-11,-2,201,>>,203,210,--,179,222,171,175,151,216,211,178,206,--,246,221,193,222,181,246,220,159,201,216,218,179,162,193,176,261,208,240,193,140,235,259,208,184,225,184,170,190,233,218,206,153,207,188,183,197,234,236,212,221,246,232,241,--,199
Rhode Island,A10,12-19,+8,202,>>,205,168,--,207,208,221,211,238,212,200,194,264,--,187,227,202,209,247,221,234,204,183,247,209,195,225,159,217,171,223,198,202,274,199,192,211,230,230,195,207,180,212,208,168,175,187,186,236,226,210,187,197,210,202,194,213,--,175
UC Santa Barbara,BWC,16-14,-1,203,>>,220,229,--,211,209,199,195,204,196,206,207,220,--,184,193,208,221,174,227,190,227,211,223,195,205,206,211,226,229,226,194,210,178,203,238,205,204,217,210,247,207,197,202,196,217,205,206,257,187,197,190,208,205,223,238,194,--,198
Abilene Chr,WAC,15-16,+5,204,>>,219,228,--,214,206,213,194,220,218,203,209,158,--,206,214,207,220,203,230,235,219,210,202,200,208,237,215,219,210,239,184,187,226,223,222,228,165,183,191,164,199,213,217,190,224,244,199,183,195,214,210,210,197,204,217,209,--,192
E Kentucky,ASUN,17-14,-12,205,>>,206,151,--,190,224,180,219,193,223,214,214,233,--,208,171,226,214,198,177,188,211,209,199,205,217,196,221,183,248,186,216,223,209,233,198,216,203,235,193,219,215,196,210,227,215,228,227,168,217,216,231,206,215,230,190,186,--,223
Bowling Green,MAC,19-12,+20,206,>>,221,186,--,199,236,215,191,185,241,228,174,199,--,221,218,201,238,180,213,241,192,193,250,234,175,195,200,196,232,231,200,181,149,227,218,229,213,222,201,240,192,225,236,195,192,201,185,236,193,223,222,193,238,218,229,218,--,188
Louisville,ACC,8-23,-3,207,>>,207,292,--,249,181,265,237,244,176,192,231,218,--,168,210,228,183,280,219,198,224,207,196,174,248,252,207,244,143,232,181,217,271,176,159,214,277,209,235,192,203,186,197,180,281,266,203,218,224,190,151,185,186,185,209,178,--,180
WI Milwaukee,HL,19-14,+17,208,>>,224,263,--,215,223,242,193,189,224,210,190,166,--,220,204,192,216,190,241,213,190,213,219,222,193,180,166,209,200,241,224,197,243,230,205,218,150,205,238,204,202,230,228,202,182,230,210,200,198,211,230,243,225,210,246,227,--,204
Austin Peay,ASUN,19-15,+7,209,>>,210,211,--,192,227,212,196,208,229,217,201,202,--,231,235,203,231,224,202,216,195,208,252,219,201,191,196,190,233,213,212,194,180,252,229,219,185,249,202,224,193,215,223,208,177,191,209,200,210,207,233,201,217,226,241,215,--,203
Harvard,Ivy,14-13,-16,210,>>,208,190,--,208,237,195,183,173,237,227,185,248,--,197,213,178,240,189,211,217,148,190,228,237,184,197,181,200,251,222,199,192,276,220,232,204,221,243,199,241,201,227,227,191,173,217,197,236,209,219,216,228,237,229,215,222,--,188
IL Chicago,MVC,12-21,+2,211,>>,197,170,--,213,196,217,229,287,194,220,233,226,--,201,215,231,196,269,197,227,252,214,197,207,231,243,210,228,166,194,230,235,264,182,179,183,278,210,189,185,223,199,192,209,244,194,215,257,232,195,176,180,181,194,182,207,--,215
St Peter's,MAAC,16-13,-22,212,>>,214,215,--,226,212,170,215,202,204,199,224,179,--,236,220,212,202,184,208,201,202,220,207,216,214,198,222,206,227,196,225,228,189,206,234,201,212,204,230,213,247,209,199,244,189,181,236,218,199,205,219,241,201,227,218,219,--,242
UC Riverside,BWC,15-17,+24,213,>>,230,199,--,232,202,220,222,231,202,197,223,173,--,216,217,221,204,223,247,208,244,225,194,196,223,232,212,235,224,236,214,218,197,222,214,222,177,178,204,206,210,211,205,204,213,216,222,168,196,209,209,199,209,211,216,220,--,210
Cal Baptist,WAC,15-16,-14,214,>>,231,208,--,238,192,186,227,237,190,218,225,247,--,189,185,237,215,196,236,214,259,222,226,190,225,241,231,250,201,230,209,220,206,198,231,197,246,197,196,211,230,194,193,213,256,204,212,168,205,198,188,192,187,203,222,200,--,210
Brown,Ivy,12-17,+18,215,>>,204,212,--,229,201,236,235,254,203,190,240,129,--,224,196,230,187,256,188,181,212,223,225,202,232,247,213,204,239,198,229,238,310,219,184,192,162,198,209,161,232,206,209,234,203,218,237,153,234,238,215,238,194,195,192,203,--,236
Mercer,SC,16-17,+4,216,>>,234,185,--,244,213,208,198,210,209,195,204,184,--,222,230,214,225,214,258,228,240,235,214,210,199,230,218,243,234,243,227,227,199,242,284,213,195,195,208,199,200,224,212,203,195,190,214,183,214,215,217,219,206,214,213,239,--,215
Norfolk St,MEAC,21-10,+14,217,>>,211,277,--,170,256,216,192,137,245,223,192,213,--,227,237,175,249,162,192,218,150,200,259,245,187,161,216,174,257,200,221,195,202,255,230,221,167,252,223,239,214,234,237,217,193,262,218,200,184,228,251,231,261,213,256,226,--,210
Temple,AAC,12-19,-7,218,>>,215,254,--,237,205,250,240,271,205,207,230,185,--,198,208,225,200,240,210,210,231,218,195,203,239,256,238,246,177,234,187,219,267,200,211,224,217,207,232,203,226,208,220,212,243,210,220,218,230,221,189,216,203,198,210,197,--,215
Jacksonville St,CUSA,14-17,-5,219,>>,213,249,--,210,197,210,251,272,197,226,270,230,--,188,197,253,203,225,185,196,262,238,200,193,263,264,274,240,216,184,210,236,244,194,239,206,255,194,198,183,257,190,184,239,277,198,239,200,222,199,194,209,219,200,206,196,--,248
Marist,MAAC,17-12,-3,220,>>,212,200,--,225,228,188,225,194,225,216,222,216,--,249,225,209,219,175,194,222,207,221,241,238,213,199,250,203,238,193,232,231,152,213,210,194,209,239,244,215,251,218,215,251,216,208,240,200,206,239,238,260,212,233,214,223,--,249
Rider,MAAC,15-16,+14,221,>>,232,236,--,235,216,228,232,225,215,196,239,157,--,254,228,223,194,234,215,207,213,236,201,220,229,228,226,207,241,219,233,233,245,215,208,217,157,211,250,196,246,222,222,250,201,226,248,183,225,241,239,265,220,251,211,225,--,254
Iona,MAAC,15-16,-15,222,>>,226,154,--,251,240,178,241,246,227,215,242,258,--,226,184,240,237,182,179,209,237,231,220,232,227,246,228,224,193,206,219,246,169,216,196,210,228,260,239,223,265,210,219,260,220,183,256,236,239,236,221,236,240,220,226,202,--,261
Rice,AAC,11-20,-4,223,>>,227,172,--,246,210,256,245,263,213,221,234,239,--,191,209,238,212,271,216,211,248,226,198,212,242,254,209,249,180,240,228,239,265,212,217,238,241,219,260,237,231,219,225,222,232,209,221,236,247,206,193,202,211,228,185,217,--,221
Fresno St,MWC,11-20,-19,224,>>,241,240,--,255,226,226,217,229,217,212,211,208,--,195,207,232,243,238,252,246,238,219,256,213,224,222,202,262,205,276,182,204,252,240,242,240,224,214,214,228,185,221,245,187,222,265,196,288,276,224,201,200,214,253,245,206,--,180
CS Northridge,BWC,18-14,+2,225,>>,236,252,--,219,231,211,203,211,230,234,208,250,--,235,253,204,245,191,250,254,218,216,245,233,204,200,217,238,214,242,231,199,158,229,243,225,238,240,217,248,209,247,234,199,227,260,208,236,194,225,220,215,213,238,249,250,--,199
Lamar,SLC,18-13,+14,226,>>,192,262,--,206,203,200,238,219,219,233,228,209,--,253,249,245,211,210,224,230,229,230,212,229,233,192,257,201,237,173,266,255,154,228,233,215,236,236,216,216,241,229,206,262,247,206,234,236,238,235,225,213,224,212,234,247,--,246
Georgia St,SBC,14-17,-12,227,>>,218,247,--,224,218,218,243,245,214,224,250,275,--,211,195,239,223,258,189,202,233,233,208,214,244,245,252,223,212,212,222,234,229,211,237,220,273,241,225,208,242,205,216,240,233,227,238,200,229,213,213,237,226,216,231,195,--,239
WI Green Bay,HL,18-14,-10,228,>>,233,253,--,217,248,179,202,201,234,231,203,256,--,255,256,196,250,212,257,262,199,217,246,247,198,188,187,222,225,238,251,205,200,238,246,227,219,263,218,229,211,249,232,211,188,220,213,257,216,240,237,222,223,221,257,264,--,210
Penn,Ivy,11-18,-8,229,>>,209,178,--,236,214,235,259,232,206,230,253,227,--,210,202,252,210,251,171,194,235,240,222,221,259,251,234,225,213,192,238,272,336,202,220,212,259,227,219,257,258,201,213,249,250,188,255,200,240,218,200,244,216,208,197,199,--,249
Missouri KC,SL,16-16,,230,>>,217,219,--,222,198,230,244,235,207,222,261,193,--,241,240,247,197,265,229,203,255,255,183,215,255,234,264,234,219,209,249,244,208,201,275,230,229,181,234,181,260,220,211,256,249,224,257,200,223,220,226,240,227,240,188,230,--,263
Pepperdine,WCC,13-20,+14,231,>>,248,191,--,257,207,257,261,262,210,225,247,262,--,193,222,262,201,273,248,187,271,241,186,197,254,229,242,266,195,262,220,248,203,184,251,223,274,213,240,242,235,214,224,225,267,221,229,218,236,208,185,203,222,270,193,208,--,226
San Diego,WCC,18-15,-4,232,>>,268,213,--,247,264,247,171,157,268,232,159,263,--,207,284,161,275,202,303,260,172,196,264,256,162,185,188,248,240,304,191,153,159,239,294,257,190,270,248,270,151,270,261,145,186,268,161,316,208,250,229,204,266,281,253,279,--,141
South Alabama,SBC,16-16,-9,233,>>,255,217,--,274,230,206,226,217,235,213,221,228,--,214,211,229,252,193,277,223,239,258,211,217,222,231,262,267,222,271,217,229,172,258,272,248,199,216,215,238,225,231,221,231,240,250,228,183,215,245,240,220,233,242,224,242,--,232
Southern Miss,SBC,16-16,-12,234,>>,243,256,--,245,246,219,216,218,238,229,217,280,--,223,203,213,262,222,251,232,223,227,242,227,212,224,208,231,202,254,207,201,198,259,257,241,227,264,227,262,217,237,243,218,205,251,225,257,220,231,241,227,244,232,259,224,--,215
Radford,BSo,16-17,-1,235,>>,216,179,--,203,242,207,234,249,236,244,235,278,--,225,229,222,234,218,209,236,221,228,236,235,236,235,244,221,228,202,235,240,292,224,212,234,261,246,213,266,243,217,226,243,234,213,242,236,235,230,235,235,243,206,207,216,--,242
New Hampshire,AEC,16-14,+7,236,>>,229,261,--,195,260,234,207,205,254,237,198,285,--,262,262,200,256,208,203,280,184,199,279,270,197,203,206,182,250,229,239,215,249,243,167,231,225,274,256,259,216,252,254,224,168,214,219,257,228,249,250,248,229,215,276,249,--,220
North Dakota,SL,18-14,-5,237,>>,228,258,--,231,215,223,230,222,228,239,243,194,--,245,233,234,227,200,233,221,250,248,217,230,237,209,267,242,256,228,241,232,216,249,264,239,231,192,246,209,249,238,231,241,254,258,235,153,218,233,245,224,246,239,221,237,--,236
C Michigan,MAC,18-13,+3,238,>>,251,267,--,221,273,246,179,158,276,240,164,235,--,248,271,183,270,207,281,285,153,205,267,265,168,179,195,212,269,278,208,160,168,274,285,260,191,267,220,225,177,276,270,183,170,307,180,271,219,263,268,229,273,268,267,285,--,164
CS Fullerton,BWC,15-18,-10,239,>>,249,216,--,241,229,243,231,242,226,235,238,232,--,229,252,236,233,231,238,225,251,243,224,225,238,238,220,253,243,249,226,230,227,226,216,232,239,224,243,273,233,228,230,223,223,245,231,236,221,227,224,249,230,258,233,221,--,226
Nicholls St,SLC,18-13,+16,240,>>,237,241,--,223,238,249,210,153,262,243,210,249,--,263,287,197,266,216,272,244,168,242,243,262,211,177,197,218,259,245,242,209,193,267,286,250,201,244,255,256,220,259,248,226,184,241,211,218,242,212,267,223,271,237,252,276,--,228
Maine,AEC,15-17,-2,241,>>,222,230,--,216,245,201,233,257,239,246,244,229,--,250,241,233,236,244,201,233,222,234,253,248,230,260,225,216,231,204,267,247,237,237,202,233,245,259,222,232,253,236,229,253,204,222,252,236,243,237,249,251,239,225,248,235,--,249
Marshall,SBC,13-20,+11,242,>>,252,209,--,258,243,248,253,300,246,236,252,271,--,219,194,249,248,249,226,231,256,247,235,236,250,267,254,258,204,251,218,241,213,244,235,247,262,251,224,271,240,226,240,242,245,212,243,236,249,259,232,234,251,236,242,211,--,239
Miami OH,MAC,15-16,-20,243,>>,245,238,--,234,257,222,236,243,257,251,237,212,--,244,242,242,247,235,240,247,236,229,269,255,226,257,229,236,260,246,234,226,253,250,256,237,233,253,259,222,236,246,257,229,228,253,233,236,252,247,248,254,241,273,244,234,--,234
W Illinois,OVC,21-12,-8,244,>>,242,204,--,202,284,187,205,178,275,247,202,287,--,278,273,211,277,201,268,283,198,224,262,277,203,178,214,213,293,244,258,225,211,277,302,263,210,289,236,255,218,273,269,233,198,248,224,271,246,262,284,221,281,289,262,281,--,221
Southern Univ,SWAC,19-13,-3,245,>>,225,239,--,209,277,205,204,163,273,260,199,295,--,265,286,218,272,232,244,293,196,237,277,281,215,151,224,186,277,210,264,242,174,257,298,249,267,285,273,287,212,264,258,255,202,291,223,288,250,204,280,225,272,231,237,270,--,230
North Florida,ASUN,16-16,+1,246,>>,238,260,--,230,250,229,249,256,252,252,254,266,--,242,236,248,244,248,218,255,232,244,232,241,245,233,266,230,255,224,246,251,207,262,254,251,256,265,205,226,248,243,235,245,266,275,244,218,248,255,254,232,242,252,235,246,--,239
Portland St,BSC,17-14,+7,247,>>,265,290,--,243,258,245,218,214,260,263,226,244,--,252,259,220,267,221,253,240,242,245,268,254,220,213,237,256,258,270,237,212,269,247,269,246,263,256,245,258,229,254,247,219,210,238,230,236,227,242,256,266,236,241,247,259,--,223
Montana St,BSC,14-17,+13,248,>>,276,194,--,275,232,252,247,253,248,241,241,215,--,251,263,263,241,228,296,239,301,269,227,240,243,284,271,282,244,273,256,273,233,225,244,236,223,226,233,220,244,248,241,237,257,215,245,200,237,243,242,269,235,235,212,254,--,256
Columbia,Ivy,13-14,-11,249,>>,235,226,--,227,247,227,250,206,240,256,255,283,--,238,244,246,228,252,182,242,217,232,238,251,247,248,241,229,291,218,270,268,337,221,206,226,291,262,241,236,269,240,239,258,262,257,260,257,260,246,234,256,252,260,199,233,--,256
NC Central,MEAC,17-12,-4,250,>>,223,295,--,200,251,225,263,192,243,254,263,211,--,264,274,258,226,213,204,248,228,249,233,249,256,208,286,210,294,190,273,280,218,256,195,258,220,220,242,274,276,241,242,282,271,261,275,153,244,256,260,274,256,261,243,243,--,281
San Jose St,MWC,9-22,,251,>>,250,206,--,265,235,277,265,275,232,249,248,276,--,209,239,269,254,283,242,265,285,253,265,231,272,268,223,275,217,268,236,252,284,214,201,242,265,234,257,253,227,239,249,235,259,264,232,271,241,229,207,230,234,234,227,229,--,228
FGCU,ASUN,14-18,-4,252,>>,254,282,--,263,234,232,272,276,242,238,278,217,--,233,224,271,232,274,234,204,265,268,229,224,273,239,265,261,235,250,260,262,246,236,266,245,253,237,231,264,268,232,238,264,280,240,270,218,253,244,247,242,232,224,239,231,--,249
North Alabama,ASUN,15-17,+4,253,>>,239,285,--,233,252,244,252,258,255,259,258,237,--,257,238,257,253,254,225,237,245,252,239,246,252,262,258,232,249,227,254,254,224,261,245,254,234,266,229,250,252,244,250,257,255,236,250,218,245,252,257,239,249,245,268,236,--,249
Northeastern,CAA,12-20,-4,254,>>,240,222,--,253,249,233,260,293,249,255,269,260,--,240,226,261,246,268,231,250,257,250,249,250,265,286,246,247,208,235,250,250,241,254,226,244,279,255,226,230,267,245,253,254,235,247,261,257,257,254,246,255,231,222,208,238,--,256
CS Bakersfield,BWC,13-18,-6,255,>>,253,259,--,261,225,255,257,252,221,250,272,224,--,234,266,265,229,267,262,243,278,257,204,223,268,276,251,269,242,257,248,253,279,246,236,259,247,212,253,244,256,242,244,238,278,246,251,236,231,232,227,246,228,254,250,240,--,246
Mt St Mary's,MAAC,13-19,-4,256,>>,244,205,--,281,233,238,289,302,231,248,297,231,--,256,231,292,218,241,217,226,297,281,221,242,291,292,305,271,230,214,290,295,205,217,209,235,257,229,274,243,305,235,233,305,294,263,300,200,271,264,244,290,260,244,203,228,--,305
Central Conn,NEC,20-11,-13,257,>>,246,243,--,220,276,214,223,180,267,258,227,300,--,274,261,224,268,185,239,274,200,239,283,279,219,190,255,214,278,233,280,249,273,271,250,253,216,283,266,269,259,265,265,268,225,231,262,271,251,265,282,283,264,275,274,266,--,267
Air Force,MWC,9-21,,258,>>,256,251,--,284,239,280,276,277,233,253,260,267,--,175,243,270,251,276,328,276,299,264,261,239,275,255,233,289,220,275,245,269,282,231,215,269,289,223,288,268,250,250,259,246,276,283,247,257,256,222,212,247,250,219,228,252,--,242
UT San Antonio,AAC,11-20,-4,259,>>,258,302,--,271,220,279,274,280,244,242,275,221,--,243,251,264,224,296,256,277,276,262,237,243,277,299,268,277,211,267,262,270,285,248,253,264,271,233,280,200,264,258,255,248,284,271,254,218,273,270,228,233,247,217,236,260,--,254
MTSU,CUSA,13-18,+11,260,>>,279,220,--,278,274,286,246,255,280,262,249,192,--,232,247,243,282,261,273,264,263,251,257,261,241,291,243,280,272,292,213,224,263,295,287,289,202,245,251,191,234,269,280,228,275,287,246,236,255,274,262,250,269,285,269,265,--,234
Queens NC,ASUN,14-19,+3,261,>>,266,237,--,242,267,261,258,261,274,267,262,241,--,269,265,255,261,285,249,245,247,256,266,258,257,278,245,245,274,255,263,256,232,273,273,270,254,271,247,235,254,266,266,259,237,267,264,236,268,271,283,278,262,280,258,261,--,256
Ball St,MAC,15-16,+5,262,>>,263,280,--,254,263,264,275,265,261,270,267,257,--,268,250,275,260,236,237,266,275,254,258,263,262,279,269,263,245,259,244,264,204,266,227,261,272,242,265,280,270,257,267,263,287,255,259,257,264,251,253,252,259,276,260,245,--,263
N Dakota St,SL,15-17,-4,263,>>,269,250,--,239,259,278,248,250,263,268,266,265,--,273,255,241,264,245,265,252,261,260,285,268,264,266,263,257,270,272,247,245,296,260,292,256,248,258,278,276,262,261,273,247,246,234,258,236,254,258,266,277,257,267,265,253,--,256
Idaho St,BSC,15-19,+8,264,>>,262,281,--,260,254,275,282,303,258,269,286,205,--,258,270,281,235,270,285,249,316,274,215,252,283,290,295,273,247,253,272,277,254,234,223,243,252,215,262,261,277,251,252,270,286,239,281,183,259,248,259,282,265,248,240,257,--,281
Niagara,MAAC,15-15,-2,265,>>,264,294,--,272,272,258,255,267,259,245,264,243,--,266,246,254,259,233,243,261,246,261,263,266,246,259,273,251,266,256,261,259,260,268,249,255,243,280,269,252,278,262,264,276,252,252,278,257,261,281,272,273,274,257,271,263,--,278
SUNY Albany,AEC,13-19,-1,266,>>,247,242,--,259,241,262,277,286,247,261,279,282,--,275,272,276,230,291,214,238,266,263,254,257,279,285,261,252,253,225,292,285,286,232,221,252,312,248,263,265,290,256,246,286,248,219,285,236,270,257,255,279,258,277,251,256,--,287
Binghamton,AEC,15-15,-5,267,>>,267,244,--,250,282,260,239,226,281,271,245,254,--,285,276,235,271,257,245,279,214,246,273,288,235,236,235,233,302,264,281,260,306,282,248,274,240,279,276,245,261,284,281,265,214,273,269,218,272,276,293,291,278,286,273,280,--,267
Kennesaw,ASUN,15-16,-8,268,>>,259,306,--,248,271,254,270,270,271,283,277,307,--,247,232,268,273,237,235,253,260,259,274,264,271,283,289,255,285,247,259,261,251,265,265,262,293,299,249,275,272,260,263,266,285,272,267,257,267,266,269,258,267,262,278,251,--,263
Canisius,MAAC,13-17,-3,269,>>,273,189,--,273,281,253,271,236,277,276,273,261,--,284,281,259,281,253,260,287,258,267,286,284,253,282,236,264,265,260,269,267,235,269,241,268,258,288,285,272,280,272,277,277,231,256,279,271,269,267,270,261,270,255,264,267,--,280
New Mexico St,CUSA,13-18,+3,270,>>,286,235,--,277,286,287,256,233,284,273,259,245,--,237,258,244,295,286,300,275,241,265,272,267,258,275,240,286,297,298,211,222,302,292,279,285,237,272,258,231,237,282,285,230,263,278,253,316,263,279,273,262,275,306,275,275,--,236
Lehigh,PL,14-17,+16,271,>>,261,269,--,282,253,282,304,295,250,265,309,200,--,290,234,299,239,282,232,229,284,299,230,253,308,273,325,268,264,237,284,300,307,263,228,265,249,232,270,277,316,255,260,321,289,229,313,183,274,314,261,292,248,243,255,248,--,320
Southern Utah,WAC,10-21,-4,272,>>,277,289,--,289,244,263,294,310,251,266,294,269,--,259,257,301,265,290,312,272,314,288,244,244,301,308,277,297,262,265,257,287,289,241,261,272,288,250,254,246,287,253,251,274,292,270,283,257,266,253,243,245,245,247,261,255,--,281
Grambling,SWAC,17-14,-3,273,>>,270,271,--,269,296,237,224,200,300,272,215,246,--,288,299,251,298,264,304,298,215,272,302,293,228,202,259,237,313,282,285,263,194,305,324,293,197,297,261,297,221,294,286,273,196,300,241,288,277,293,310,253,306,297,296,305,--,242
Jacksonville,ASUN,16-17,+10,274,>>,260,314,--,252,280,276,268,251,289,277,268,242,--,271,277,260,274,275,269,273,249,266,276,269,269,263,276,259,296,252,252,258,248,281,282,273,276,276,252,278,266,271,271,269,265,305,272,218,265,285,296,271,290,283,300,273,--,263
TX Southern,SWAC,14-15,-6,275,>>,257,287,--,266,279,251,269,228,278,264,236,272,--,277,289,288,276,278,271,270,254,275,275,280,261,249,281,227,311,248,286,288,210,290,289,280,235,275,283,299,245,275,276,289,242,285,263,271,282,272,292,264,282,284,284,274,--,272
NE Omaha,SL,15-17,,276,>>,274,273,--,270,255,270,284,268,253,278,301,277,--,276,268,277,263,281,279,256,287,286,240,259,292,272,306,284,273,258,276,282,266,251,307,271,287,257,264,221,292,263,256,283,296,249,289,288,262,261,258,272,255,266,263,269,--,293
Denver,SL,16-16,,277,>>,275,291,--,267,266,272,273,240,264,288,276,289,--,272,278,256,279,243,318,290,270,278,271,278,276,244,285,281,279,269,274,266,275,253,327,266,292,282,268,260,281,280,268,272,269,254,271,304,258,260,264,259,254,250,277,282,--,276
Tennessee St,OVC,18-15,,278,>>,283,246,--,256,295,266,266,239,294,284,256,291,--,294,283,273,301,250,288,284,267,270,278,294,251,214,249,265,304,285,287,276,201,293,303,282,275,290,282,316,271,291,291,275,241,237,268,288,283,273,295,263,287,304,291,293,--,271
Bucknell,PL,14-19,+15,279,>>,280,232,--,302,269,293,293,309,265,275,299,236,--,300,275,280,255,279,264,263,279,294,251,273,295,287,308,279,236,266,282,286,219,272,247,276,282,228,303,311,307,274,274,308,273,259,304,218,280,291,278,301,276,269,266,277,--,306
Portland,WCC,12-21,+6,280,>>,306,225,--,301,285,300,267,278,299,280,257,252,--,239,288,267,294,300,320,291,273,271,293,283,266,281,253,310,283,320,255,243,293,284,268,297,232,273,267,263,238,295,299,232,261,295,249,304,281,288,276,257,298,311,279,294,--,232
SIUE,OVC,17-16,+4,281,>>,278,255,--,262,289,291,279,259,282,291,274,316,--,291,269,278,286,259,276,271,272,276,281,291,274,240,260,272,286,277,289,283,247,280,297,278,300,298,293,300,283,286,287,287,264,242,280,271,285,280,288,276,286,282,286,286,--,281
Howard,MEAC,15-16,,282,>>,282,283,--,280,291,268,286,273,285,287,285,286,--,282,282,284,292,242,270,258,264,283,294,285,281,274,297,274,254,280,299,292,228,283,317,279,242,284,272,279,291,285,284,296,293,292,290,271,279,282,289,287,291,278,272,283,--,290
Alcorn St,SWAC,14-17,+9,283,>>,281,309,--,279,297,267,264,230,301,279,251,225,--,287,300,274,297,295,311,296,243,290,305,295,270,258,256,254,314,288,296,278,212,299,300,290,208,300,271,286,239,298,289,284,239,322,265,288,286,292,308,270,294,308,289,308,--,267
Presbyterian,BSo,14-18,-4,284,>>,272,322,--,268,270,288,292,298,272,281,293,274,--,281,285,289,257,297,261,282,290,279,260,276,297,303,303,278,275,263,297,299,278,270,252,277,301,254,287,288,295,281,272,292,314,290,297,236,296,277,274,285,280,264,283,287,--,298
Oral Roberts,SL,12-19,+5,285,>>,294,300,--,287,268,296,290,284,270,286,303,292,--,283,260,285,283,260,274,259,302,293,290,274,300,298,292,304,281,291,253,289,295,264,305,275,297,268,290,295,301,267,279,281,300,269,295,288,275,269,265,281,263,249,282,258,--,296
Utah Tech,WAC,11-20,-3,286,>>,292,274,--,295,278,297,278,283,286,292,280,279,--,279,294,279,293,287,307,292,292,282,287,282,282,294,272,307,284,306,265,265,283,279,306,283,283,278,279,282,273,289,283,261,274,301,273,271,278,284,277,275,283,287,280,290,--,267
Ga Southern,SBC,9-24,+12,287,>>,293,296,--,312,262,307,308,329,266,257,314,203,--,280,248,313,258,317,275,268,320,311,248,260,317,315,320,309,226,296,277,301,288,278,255,281,270,238,281,251,302,277,278,304,318,302,302,183,294,306,279,289,284,256,270,272,--,302
Florida Intl,CUSA,10-21,-13,288,>>,289,266,--,294,275,292,296,312,288,289,296,253,--,260,267,304,278,299,263,278,306,280,289,275,298,317,293,296,252,294,268,284,294,285,258,296,285,261,275,249,294,278,282,278,321,279,293,271,290,289,271,280,279,288,294,262,--,287
Citadel,SC,11-21,-8,289,>>,271,307,--,285,265,290,299,315,256,282,307,288,--,267,280,305,269,306,280,286,312,297,270,271,304,309,282,301,263,261,298,303,313,245,309,267,324,269,277,254,297,268,262,291,302,235,298,288,288,268,252,293,253,272,285,284,--,298
UMBC,AEC,11-21,-2,290,>>,285,272,--,311,261,284,310,330,269,274,320,259,--,305,279,310,242,314,254,267,313,307,255,272,316,319,315,302,267,274,309,318,290,276,240,284,298,231,294,267,317,279,275,312,311,274,317,200,301,309,285,296,268,271,254,271,--,317
W Michigan,MAC,12-19,+7,291,>>,296,303,--,288,288,298,280,296,293,299,281,270,--,292,293,286,290,298,290,297,294,273,312,292,278,301,279,285,287,300,279,275,270,294,262,286,280,286,295,281,275,292,297,267,282,282,277,288,295,286,286,284,285,274,313,291,--,272
Jackson St,SWAC,15-16,+4,292,>>,295,326,--,276,307,294,262,241,305,301,246,319,--,293,303,272,312,266,287,300,253,287,308,313,267,265,291,260,295,293,293,274,215,300,321,294,264,308,298,305,255,302,304,285,253,325,266,320,284,290,311,294,301,293,298,300,--,272
N Illinois,MAC,11-20,,293,>>,300,248,--,286,299,303,285,292,310,310,282,299,--,286,296,282,308,301,289,310,277,277,311,304,280,253,248,291,289,305,271,271,304,291,271,298,299,291,297,284,279,297,306,271,258,298,276,288,298,278,290,288,309,291,306,288,--,272
American Univ,PL,16-16,-15,294,>>,288,284,--,308,292,269,301,291,279,293,308,311,--,298,254,293,284,246,266,257,281,303,295,287,302,261,337,294,268,279,295,298,255,286,283,287,306,296,299,320,318,283,294,316,315,293,308,271,291,322,287,295,277,292,287,268,--,308
Boston Univ,PL,16-17,+2,295,>>,291,264,--,310,302,295,297,316,292,285,304,290,--,301,291,287,289,255,283,289,291,300,284,296,296,297,328,287,280,289,291,291,262,297,274,292,250,277,301,285,310,290,295,309,295,276,314,257,293,320,298,315,308,294,288,292,--,308
SE Louisiana,SLC,15-17,-22,296,>>,284,278,--,290,298,271,281,248,308,306,283,321,--,310,301,290,310,294,293,301,274,295,300,307,286,270,280,283,282,286,301,296,256,306,328,305,295,310,306,292,289,301,301,301,272,306,282,320,305,287,304,268,302,263,303,306,--,287
Chicago St,I Ind,12-18,+3,297,>>,301,319,--,264,304,309,288,266,290,308,288,284,--,303,306,283,291,308,292,321,280,284,301,297,288,271,275,276,303,295,306,290,300,302,316,299,309,315,310,283,286,299,303,288,270,315,284,218,297,275,299,300,299,265,305,298,--,281
ULM,SBC,11-19,-7,298,>>,299,257,--,307,290,299,291,279,297,290,287,308,--,289,290,296,306,307,305,306,286,291,280,290,289,306,283,299,301,302,283,281,277,304,295,306,304,304,292,291,284,300,296,280,279,299,291,271,289,303,297,298,304,300,293,303,--,286
Sacred Heart,NEC,16-16,-4,299,>>,287,265,--,303,293,281,302,288,296,294,298,297,--,306,292,303,285,262,267,281,295,298,292,299,294,277,310,293,299,283,312,307,280,298,276,288,284,287,307,296,311,293,292,310,299,277,312,288,299,299,300,308,293,301,290,295,--,312
Northern Arizona,BSC,14-19,-11,300,>>,312,279,--,306,316,283,254,281,322,309,265,306,--,302,315,266,322,272,348,312,288,285,318,309,260,293,270,306,298,316,275,257,239,319,320,313,286,313,289,293,263,312,308,252,251,321,274,304,287,295,321,305,317,313,319,315,--,261
S Carolina St,MEAC,14-17,,301,>>,304,316,--,298,309,289,287,260,302,298,284,273,--,299,319,291,299,304,313,302,268,305,297,298,285,280,296,288,309,307,317,294,257,308,322,291,266,303,284,294,285,310,293,293,283,317,294,271,292,298,316,302,311,310,292,319,--,293
SC Upstate,BSo,10-20,,302,>>,290,297,--,292,287,302,306,313,283,304,317,317,--,297,295,302,280,311,282,294,303,301,282,289,311,316,301,300,292,281,302,304,321,288,278,302,308,292,302,298,306,288,288,303,307,281,301,271,309,283,291,306,292,279,281,289,--,302
Wagner,NEC,15-15,+12,303,>>,297,304,--,293,306,306,303,282,303,303,300,298,--,315,310,298,300,277,278,295,283,302,314,308,293,269,304,290,322,284,304,305,297,307,270,303,290,301,309,303,313,296,302,313,290,289,309,271,300,307,315,312,295,305,299,297,--,312
Campbell,CAA,14-18,-1,304,>>,303,288,--,296,308,301,298,301,307,296,291,294,--,296,302,294,305,289,297,308,293,289,319,305,290,307,300,298,300,303,288,293,317,309,313,304,281,305,300,290,296,309,309,294,309,303,296,304,302,305,302,297,305,290,301,304,--,293
Bethune-Cookman,SWAC,16-15,,305,>>,298,325,--,291,318,285,283,274,320,307,271,293,--,312,323,295,318,292,310,314,282,292,322,319,284,242,299,270,323,297,319,302,221,323,288,308,268,321,304,325,274,321,310,300,288,316,288,304,303,300,324,299,313,318,312,321,--,291
Old Dominion,SBC,7-25,+1,306,>>,313,276,--,325,283,313,326,345,287,300,326,305,--,270,264,324,287,316,284,269,327,322,288,286,329,327,321,326,246,310,300,319,329,275,263,295,320,281,296,301,324,287,290,315,326,284,315,271,312,318,275,304,303,295,295,278,--,317
Valparaiso,MVC,7-25,-1,307,>>,307,268,--,318,300,310,311,328,291,295,302,315,--,295,311,318,296,333,315,316,323,304,306,300,314,320,284,313,276,312,308,312,308,287,299,300,325,307,286,308,293,305,298,290,301,294,292,316,314,304,281,286,288,307,297,310,--,291
Le Moyne,NEC,15-17,+5,308,>>,302,338,--,297,294,305,309,308,295,302,316,312,--,322,307,311,288,293,286,288,307,306,291,312,310,295,317,323,316,287,322,311,332,301,281,301,305,295,312,310,320,304,300,320,303,288,322,257,308,308,306,323,300,317,304,309,--,322
CS Sacramento,BSC,10-23,+14,309,>>,315,286,--,313,305,321,317,334,306,311,319,268,--,313,312,314,302,323,298,318,329,313,296,301,315,326,312,312,305,313,305,306,312,316,277,316,302,293,305,289,303,306,313,297,310,297,307,288,307,294,303,321,289,298,308,299,--,302
Elon,CAA,13-19,-2,310,>>,310,305,--,304,315,311,300,294,316,312,295,313,--,308,313,300,316,303,299,317,298,296,316,317,299,302,298,303,312,314,303,297,325,311,293,309,311,316,311,306,300,317,317,299,308,314,299,304,306,296,312,313,312,316,309,312,--,297
DePaul,BE,3-28,-2,311,>>,319,299,--,338,303,332,321,304,304,297,292,310,--,261,316,319,307,337,319,307,296,317,326,302,327,311,278,327,271,330,278,316,326,296,296,322,319,318,308,309,282,307,315,295,304,343,286,336,310,330,263,267,296,321,310,296,--,278
Delaware St,MEAC,13-17,-8,312,>>,305,308,--,300,314,274,312,289,309,319,311,323,--,311,314,309,309,302,294,313,304,312,304,311,303,300,314,305,317,290,327,314,301,314,326,310,316,319,291,315,314,311,305,314,319,304,316,288,304,310,314,307,320,309,307,317,--,314
Robert Morris,HL,10-22,-1,313,>>,317,313,--,315,301,315,319,318,298,313,321,314,--,309,297,323,303,310,295,303,324,320,307,303,321,325,288,316,288,315,315,324,320,289,267,307,315,302,316,322,323,303,307,317,317,286,318,304,318,297,294,303,297,296,316,301,--,314
E Illinois,OVC,14-18,-4,314,>>,309,293,--,283,317,304,315,290,314,317,305,328,--,323,317,315,314,313,301,311,308,308,303,320,309,288,287,295,315,301,323,320,334,321,314,312,329,324,320,328,312,315,320,311,297,280,310,304,316,301,313,309,310,315,321,311,--,308
E Michigan,MAC,13-18,+9,315,>>,327,320,--,321,326,325,295,306,324,321,289,296,--,316,328,297,325,305,331,322,300,309,330,323,287,304,290,318,318,335,294,279,287,324,335,323,294,309,322,313,288,324,325,279,306,332,287,320,311,313,323,314,324,326,324,325,--,277
Charleston So,BSo,10-20,-2,316,>>,311,310,--,309,324,319,305,297,315,314,305,318,--,318,320,306,313,322,317,325,289,310,320,316,307,312,294,311,326,309,320,309,318,322,312,315,313,323,317,324,299,322,316,302,291,310,303,304,315,312,320,317,321,299,323,323,--,300
Coastal Car,SBC,9-22,+3,317,>>,325,298,--,326,310,327,323,333,312,305,322,303,--,304,304,322,311,320,308,315,326,319,310,306,322,329,318,330,306,327,307,322,322,313,301,319,317,311,315,302,315,318,312,307,332,296,319,288,322,323,301,318,315,312,315,316,--,317
Alabama St,SWAC,13-18,-1,318,>>,308,323,--,299,322,308,314,299,317,320,290,332,--,317,321,320,320,318,316,324,311,316,325,324,306,296,307,292,327,299,326,323,323,303,311,311,333,327,319,342,298,319,311,319,298,312,305,336,317,311,319,310,318,302,320,322,--,311
Idaho,BSC,11-21,-8,319,>>,320,275,--,322,319,312,307,322,319,325,315,329,--,314,322,316,323,315,327,327,347,314,309,321,312,323,309,324,310,322,318,308,314,310,304,320,327,322,314,321,304,320,321,298,320,313,306,327,313,302,305,316,314,324,311,318,--,300
William & Mary,CAA,10-23,+6,320,>>,316,337,--,317,311,326,329,341,313,318,332,281,--,320,308,327,304,321,302,309,336,323,299,314,331,333,329,321,307,311,313,325,303,318,280,324,323,294,318,319,330,316,319,325,334,318,327,288,324,319,309,325,307,303,314,313,--,325
Bellarmine,ASUN,8-23,,321,>>,314,321,--,319,312,324,331,321,321,324,335,301,--,307,309,329,319,330,306,299,322,326,298,310,336,328,313,320,320,308,314,326,338,312,315,318,318,312,313,314,325,308,314,323,331,320,324,288,325,315,317,320,323,314,302,302,--,324
Lafayette,PL,11-21,-6,322,>>,324,301,--,329,323,317,320,327,311,316,328,327,--,321,298,317,315,309,309,304,319,325,313,315,323,318,338,325,290,323,316,315,319,320,308,314,331,317,326,312,332,314,318,329,316,308,328,316,320,336,307,327,316,319,322,314,--,327
TX A&M Commerce,SLC,13-19,+2,323,>>,318,315,--,305,325,318,316,285,331,328,310,331,--,325,333,308,330,319,321,326,305,315,327,326,313,289,302,308,333,318,324,317,291,334,318,329,314,332,327,304,309,325,327,318,305,319,311,327,326,317,328,311,330,323,330,324,--,307
Navy,PL,13-18,-2,324,>>,321,332,--,324,321,320,325,320,318,315,329,304,--,324,305,321,317,288,291,305,318,324,317,318,324,313,342,317,308,317,310,321,316,317,290,317,303,306,330,330,335,313,323,334,335,309,333,304,319,340,318,331,319,320,326,307,--,337
F Dickinson,NEC,15-17,-7,325,>>,326,343,--,314,327,314,313,305,328,323,312,324,--,326,318,307,326,284,314,320,310,318,334,327,305,310,319,314,332,321,321,313,281,328,310,325,296,329,328,318,321,327,326,322,312,326,325,304,321,321,331,332,325,343,335,326,--,322
South Dakota,SL,12-20,-7,326,>>,322,334,--,316,313,316,318,319,323,322,323,322,--,319,326,312,321,312,322,319,349,321,321,322,319,324,322,329,319,324,311,310,335,315,336,321,321,314,321,326,322,323,322,306,333,324,321,320,323,316,322,319,322,322,317,320,--,314
Morgan St,MEAC,11-19,+9,327,>>,328,328,--,323,336,329,328,314,335,329,325,302,--,333,341,326,332,328,325,333,315,328,339,330,320,314,326,319,345,325,337,330,305,345,291,337,307,328,324,340,327,334,331,332,327,340,332,304,328,328,342,328,329,336,333,334,--,334
Alabama A&M,SWAC,10-21,+6,328,>>,334,355,--,331,333,335,322,324,334,326,313,309,--,335,346,330,331,329,339,328,333,330,333,334,318,322,324,322,339,336,332,327,298,331,332,328,310,330,331,332,308,335,330,324,325,349,320,336,327,324,336,329,331,344,338,343,--,320
Dartmouth,Ivy,6-21,+8,329,>>,332,327,--,337,335,338,332,311,329,327,327,320,--,328,327,328,329,331,336,330,309,331,336,328,330,338,311,333,347,334,325,329,359,336,325,334,322,325,329,331,328,328,334,326,322,328,329,336,329,333,330,336,332,328,334,327,--,327
Northwestern LA,SLC,9-23,-3,330,>>,323,317,--,333,320,323,337,337,325,330,340,340,--,327,329,344,324,335,330,323,331,337,315,325,339,346,336,332,328,319,335,341,315,330,334,330,336,320,325,307,340,326,324,341,342,331,340,320,338,327,329,324,328,340,318,330,--,341
Ark Pine Bluff,SWAC,13-18,-3,331,>>,329,349,--,320,331,330,324,307,337,332,318,330,--,334,340,331,334,325,323,337,321,329,337,340,325,305,333,315,352,326,343,336,299,325,337,327,332,336,343,346,319,338,336,335,328,342,323,327,330,325,340,326,339,346,331,333,--,330
NJIT,AEC,7-21,-2,332,>>,335,331,--,332,334,334,330,323,330,331,331,335,--,332,331,325,327,334,324,339,317,327,338,335,326,335,323,328,342,332,336,333,350,332,319,333,338,340,336,327,333,330,335,330,324,330,336,320,336,332,333,349,336,330,327,332,--,334
Tennessee Tech,OVC,10-22,,333,>>,336,318,--,336,340,322,334,326,336,335,334,333,--,340,330,335,338,324,342,329,361,334,331,332,334,331,316,336,344,333,339,339,309,338,346,336,330,339,323,345,334,332,332,333,330,323,335,327,333,334,334,322,335,339,347,339,--,332
Southern Indiana,OVC,8-24,-2,334,>>,330,312,--,335,329,333,348,347,326,333,343,346,--,337,324,349,328,342,334,335,328,340,323,333,347,334,339,337,325,329,346,351,327,326,339,332,350,331,339,335,347,329,328,345,338,311,342,327,343,335,327,330,326,325,325,331,--,344
Cent Arkansas,ASUN,9-23,,335,>>,338,357,--,330,337,336,336,344,339,338,338,339,--,330,335,332,335,339,333,334,330,332,324,337,335,343,345,334,336,337,330,331,345,337,329,343,337,335,335,317,331,339,339,327,346,347,330,327,335,329,337,334,340,337,336,335,--,327
UTRGV,WAC,6-25,-5,336,>>,339,311,--,340,328,340,338,340,332,337,339,348,--,329,336,339,339,340,335,342,351,339,343,329,338,340,327,343,330,343,328,338,339,327,333,331,345,342,337,337,338,331,329,331,337,337,334,342,331,331,326,335,337,334,332,329,--,332
Manhattan,MAAC,7-22,+5,337,>>,340,324,--,344,342,345,335,325,338,336,337,326,--,338,332,334,337,336,338,351,332,338,332,339,332,339,334,340,346,339,331,332,328,335,330,335,335,338,344,329,341,340,340,338,313,329,341,346,334,338,338,341,334,333,337,337,--,339
Prairie View,SWAC,10-21,-9,338,>>,331,359,--,327,343,328,327,335,341,342,324,352,--,331,342,336,347,326,332,343,357,336,340,343,328,321,332,331,343,328,338,337,311,329,348,326,347,350,342,355,326,337,333,336,329,350,326,351,332,326,339,333,342,332,348,336,--,334
Hampton,CAA,9-24,,339,>>,337,340,--,334,339,341,339,350,340,334,341,325,--,336,337,337,333,344,326,336,342,333,335,338,337,352,344,335,341,338,329,334,343,339,323,338,328,333,333,323,339,341,341,337,341,339,337,336,342,342,341,339,338,327,329,340,--,338
New Orleans,SLC,10-22,+5,340,>>,333,336,--,328,332,337,343,331,347,346,342,347,--,345,343,341,341,348,337,332,355,341,329,341,343,330,340,339,348,331,344,344,357,343,338,339,341,346,338,333,342,342,337,343,343,338,339,342,345,337,347,338,346,331,328,344,--,342
NC A&T,CAA,7-25,-3,341,>>,343,329,--,343,346,343,333,346,343,339,330,343,--,342,348,333,346,346,344,348,356,335,352,346,333,342,330,338,334,348,333,328,324,346,345,342,339,348,334,343,329,348,346,328,323,345,331,342,340,341,346,343,341,348,340,349,--,325
Army,PL,10-22,-2,342,>>,342,330,--,347,347,331,345,352,333,340,351,349,--,341,325,342,340,327,329,331,341,343,344,336,345,347,358,344,321,341,340,340,349,340,351,340,342,349,347,347,353,333,345,351,348,327,353,352,341,354,332,348,333,329,343,328,--,352
Cal Poly,BWC,4-28,+3,343,>>,348,353,--,353,330,352,347,354,327,343,352,336,--,343,344,351,336,354,349,350,345,349,328,331,354,357,341,354,329,349,345,345,351,333,331,341,357,326,340,341,343,336,338,340,352,335,344,336,337,344,325,345,327,338,341,342,--,340
Florida A&M,SWAC,6-23,-3,344,>>,341,333,--,346,344,339,340,332,342,344,333,341,--,347,352,353,345,351,350,341,346,353,353,347,342,332,352,341,351,340,355,355,333,344,343,344,348,344,341,351,337,345,342,352,336,344,343,346,339,339,343,337,345,347,345,347,--,351
Holy Cross,PL,10-23,+5,345,>>,346,347,--,348,349,347,341,351,348,345,346,337,--,346,338,338,343,338,346,338,348,344,341,342,340,337,355,345,340,347,342,335,344,350,349,350,334,337,349,339,349,346,348,348,345,352,352,327,344,353,349,354,351,350,350,345,--,348
Buffalo,MAC,4-27,-3,346,>>,353,335,--,355,341,351,355,357,344,341,349,338,--,339,334,356,342,352,345,345,352,351,349,345,352,355,348,353,324,356,334,353,348,341,342,345,343,341,357,334,345,344,347,342,340,333,345,346,350,349,335,347,344,335,346,341,--,343
MD E Shore,MEAC,9-19,+4,347,>>,345,358,--,339,354,346,344,317,351,350,345,334,--,348,351,343,351,332,343,349,325,342,351,348,346,336,343,342,360,346,349,346,361,351,352,351,326,347,332,348,344,349,349,344,360,348,348,320,346,346,351,351,347,352,351,350,--,346
LIU Brooklyn,NEC,7-22,,348,>>,347,346,--,349,348,344,342,339,349,347,347,345,--,351,355,340,344,347,347,347,344,346,345,351,341,353,354,348,349,345,350,343,331,349,341,347,340,343,345,336,348,351,344,347,350,354,351,327,347,348,352,353,348,349,339,353,--,350
Incarnate Word,SLC,8-23,-5,349,>>,344,352,--,342,338,342,351,349,346,354,353,356,--,349,349,346,350,345,341,352,362,347,350,350,351,350,356,347,335,342,352,350,347,342,350,346,356,351,346,338,351,347,343,350,357,336,346,352,351,343,344,342,343,342,344,346,--,348
SE Missouri St,OVC,9-22,+2,350,>>,350,354,--,341,353,350,349,338,352,351,344,344,--,350,347,352,352,349,351,344,358,345,347,352,348,344,331,346,357,351,347,352,330,352,357,349,344,352,348,349,346,352,352,346,347,334,347,342,353,347,353,344,353,356,354,352,--,344
Loyola MD,PL,7-25,-2,351,>>,349,339,--,352,350,348,354,358,345,349,358,351,--,352,339,347,349,343,340,340,335,354,348,344,356,351,360,349,331,344,348,347,356,348,344,348,346,345,358,358,358,343,350,356,351,341,356,346,348,357,345,355,349,341,342,338,--,357
Pacific,WCC,6-26,-5,352,>>,355,342,--,354,352,356,346,343,358,353,336,353,--,344,354,345,358,353,360,358,350,348,356,353,344,349,335,355,338,358,341,342,341,358,359,359,349,353,356,357,336,354,357,339,344,359,338,359,349,345,350,340,357,345,352,351,--,330
Lindenwood,OVC,9-22,,353,>>,352,350,--,345,356,355,350,342,354,355,348,355,--,354,353,350,355,350,354,353,337,350,346,356,349,345,347,350,359,353,354,348,340,353,355,354,351,354,351,353,350,356,356,349,349,346,349,352,352,350,355,350,355,358,355,356,--,347
Detroit,HL,1-31,+3,354,>>,356,348,--,360,345,360,361,361,350,348,359,342,--,357,345,361,348,360,352,346,353,361,342,349,361,362,349,356,337,355,357,361,353,347,340,357,355,334,360,352,359,350,351,361,358,353,358,327,354,359,348,352,350,351,349,348,--,359
St Francis PA,NEC,8-22,-1,355,>>,354,345,--,351,355,349,352,348,353,356,355,358,--,355,356,348,353,341,353,355,360,352,354,355,350,348,357,352,355,352,353,354,355,354,347,352,352,355,353,356,355,353,355,354,354,351,355,346,355,352,354,357,352,354,359,354,--,355
Houston Chr,SLC,6-23,,356,>>,351,356,--,350,351,354,356,336,356,357,350,357,--,358,360,354,354,355,355,357,343,355,357,357,355,341,353,351,356,350,356,356,342,355,353,355,354,357,354,344,352,358,353,355,355,360,350,359,356,351,356,346,354,359,353,358,--,352
Siena,MAAC,4-27,-2,357,>>,359,341,--,359,358,353,353,356,355,352,354,350,--,353,350,355,357,356,357,356,359,356,360,354,353,356,351,357,350,359,351,349,346,359,354,353,353,358,355,350,354,355,359,353,339,356,354,356,357,355,357,356,358,355,356,355,--,352
Stonehill,NEC,4-27,+1,358,>>,358,344,--,358,357,357,359,360,357,359,360,354,--,360,357,359,356,357,356,354,340,359,359,358,358,359,359,358,353,354,360,358,358,356,356,356,358,356,359,359,361,357,358,358,359,355,360,352,359,360,358,359,356,353,357,357,--,360
VMI,SC,4-28,-1,359,>>,357,351,--,356,359,358,358,355,360,358,356,361,--,356,359,358,360,361,358,359,339,357,355,359,359,358,346,359,354,357,358,359,360,357,360,358,360,360,350,354,356,359,354,359,353,357,359,361,358,358,359,358,359,357,358,360,--,358
IUPUI,HL,6-26,,360,>>,360,360,--,357,360,361,357,353,361,360,357,359,--,359,358,357,359,358,361,361,334,358,358,361,357,354,350,360,358,361,359,357,362,360,361,360,359,359,361,360,357,361,361,357,356,358,357,358,360,356,361,360,361,361,360,361,--,355
Coppin St,MEAC,2-26,,361,>>,361,362,--,361,361,359,360,359,359,361,362,360,--,361,361,360,361,359,359,360,338,360,361,360,360,360,362,361,361,360,361,360,352,361,358,361,361,361,352,361,362,360,360,360,362,361,361,356,361,361,360,361,360,360,361,359,--,361
MS Valley St,SWAC,1-30,,362,>>,362,361,--,362,362,362,362,362,362,362,361,362,--,362,362,362,362,362,362,362,354,362,362,362,362,361,361,362,362,362,362,362,354,362,362,362,362,362,362,362,360,362,362,362,361,362,362,361,362,362,362,362,362,362,362,362,--,362
