playerid,Name,Team,PA,HR,SB,Off,wRC+,wOBA,ISO+,Barrel%,BsR,Spd,BB%+,K%+,Oppo%+,EV,maxEV,xwOBA,Total Z-Score
15640,Aaron Judge,NYY,1.8,5.39,1.42,5.83,4.1,4.03,4.35,4.55,0.7,0.11,2.89,0.5,-0.92,3.33,2.65,4.45,45.17
19556,Yordan Alvarez,HOU,0.86,2.63,-0.71,3.52,3.25,3.18,3.03,3.27,-0.19,-0.47,2.17,-0.51,-0.86,3.05,2.3,4.42,28.93
10155,Mike Trout,LAA,0.42,2.96,-0.71,2.78,2.91,2.94,3.81,2.95,-0.09,-0.3,1.05,0.94,0.53,1.37,1.26,2.47,25.31
19755,Shohei Ohtani,LAA,1.59,2.3,0.71,2.05,1.6,1.63,1.87,2.23,0.11,0.51,1.05,0.36,0.71,1.98,2.89,2.18,23.77
9218,Paul Goldschmidt,STL,1.49,2.41,0.15,4.13,2.94,2.96,1.96,0.93,0.99,-0.13,1.31,-0.11,0.3,0.96,0.54,1.66,22.49
16478,Kyle Schwarber,PHI,1.62,3.62,0.57,1.31,1.06,1.22,2.45,3.05,-0.25,0.8,1.57,1.19,-1.27,2.16,1.4,1.89,22.39
5361,Freddie Freeman,LAD,1.89,0.87,1.0,3.49,2.17,2.26,0.57,0.58,1.78,0.57,1.22,-1.27,1.29,1.24,0.54,2.71,20.9
23697,Julio Rodriguez,SEA,0.85,1.64,2.7,2.16,1.75,1.52,1.46,1.32,1.42,1.38,-0.27,0.65,-0.4,1.56,2.23,0.79,20.77
18360,Austin Riley,ATL,1.78,2.74,-0.56,2.09,1.6,1.82,1.87,1.96,-0.55,-0.47,-0.04,0.29,-0.11,1.79,1.78,1.98,17.98
14161,Byron Buxton,MIN,-0.39,1.64,0.0,1.2,1.36,1.25,2.97,2.14,1.42,1.55,0.36,1.37,-1.85,1.98,0.95,1.4,17.34
20123,Juan Soto,- - -,1.58,1.53,0.0,2.06,1.71,1.79,1.0,1.15,-0.78,-0.18,4.13,-1.27,-0.16,1.1,0.85,2.65,17.15
11493,Manny Machado,SDP,1.44,2.08,0.43,2.75,1.98,1.96,1.46,0.51,0.99,0.28,0.5,-0.29,0.13,1.33,0.57,0.82,16.94
19287,Adolis Garcia,TEX,1.53,1.53,2.7,0.86,0.44,0.38,1.09,1.27,1.97,1.61,-0.68,0.94,-0.75,1.61,0.78,0.36,15.64
11739,J.T. Realmuto,PHI,0.87,0.98,2.13,1.57,1.06,1.19,0.89,0.88,2.17,1.78,-0.36,-0.19,0.59,0.77,-0.12,1.2,15.41
13611,Mookie Betts,LAD,1.41,2.41,0.86,2.43,1.67,1.71,2.01,0.48,1.42,1.26,0.1,-0.98,-0.86,0.86,-0.6,1.0,15.17
19251,Pete Alonso,NYM,1.73,2.96,-0.14,2.06,1.63,1.52,1.7,1.12,-0.81,-0.53,0.5,-0.58,-0.11,0.54,1.99,1.29,14.87
11477,Christian Yelich,MIL,1.63,0.1,1.85,0.66,0.4,0.48,-0.47,0.11,1.12,1.26,1.65,0.29,1.35,1.33,2.23,0.85,14.85
4949,Giancarlo Stanton,NYY,0.1,1.97,-0.85,0.17,0.56,0.46,1.96,2.83,-0.84,-1.69,1.14,1.34,0.3,2.95,3.13,1.2,14.71
18345,Kyle Tucker,HOU,1.2,1.86,2.7,1.5,1.09,1.03,1.38,0.58,1.32,0.63,0.65,-1.06,-0.51,0.63,0.19,1.26,14.44
11899,Joc Pederson,SFG,-0.04,1.09,-0.42,1.41,1.67,1.71,1.72,1.82,0.14,0.11,0.48,0.1,0.18,2.07,0.71,1.66,14.41
13510,Jose Ramirez,CLE,1.73,1.75,1.99,2.34,1.48,1.44,1.64,-0.28,1.97,0.86,0.79,-1.64,-0.92,-0.44,1.19,0.3,14.2
18401,Ronald Acuna Jr.,ATL,0.66,0.21,3.27,0.79,0.52,0.68,-0.15,1.25,1.58,0.63,0.56,0.21,-0.98,1.19,2.02,1.63,14.06
25931,Michael Harris II,ATL,0.02,0.65,1.99,1.53,1.36,1.57,1.15,0.58,1.94,1.95,-1.22,0.29,0.01,0.4,0.71,0.73,13.67
9952,Trayce Thompson,- - -,-1.28,-0.01,-0.28,0.93,1.6,1.63,1.78,2.14,1.06,0.63,1.45,2.25,-2.09,1.7,0.4,1.63,13.53
11579,Bryce Harper,PHI,-0.09,0.54,0.71,1.09,1.44,1.6,1.32,1.25,-0.29,0.45,0.85,-0.33,0.07,1.61,1.23,2.04,13.5
17350,Rafael Devers,BOS,1.23,1.53,-0.42,1.7,1.56,1.71,1.46,0.93,-0.38,-0.41,0.07,-0.55,0.42,2.07,1.02,1.49,13.42
16252,Trea Turner,LAD,1.89,0.87,2.99,1.89,1.06,1.08,0.25,-0.03,2.14,1.49,-0.68,-0.62,-0.63,0.12,0.61,0.73,13.16
21711,Oneil Cruz,PIT,-0.54,0.43,0.57,0.14,0.21,0.27,1.15,1.91,0.66,1.49,-0.19,1.99,-0.63,1.51,4.03,-0.16,12.85
14344,Matt Olson,ATL,1.83,2.3,-0.85,0.9,0.75,0.92,1.52,1.45,-0.25,-1.51,0.82,0.32,-0.57,1.98,2.09,1.08,12.78
12856,George Springer,TOR,1.01,1.31,1.14,1.62,1.21,1.14,1.06,0.14,1.51,1.26,0.48,-0.8,-0.34,0.03,0.99,0.94,12.69
13066,Teoscar Hernandez,TOR,0.68,1.31,0.0,0.88,1.09,1.03,1.44,1.79,-0.81,-0.01,-0.56,1.05,0.13,1.84,1.16,1.2,12.21
20454,Jazz Chisholm Jr.,MIA,-1.38,0.1,0.86,0.81,1.48,1.49,2.36,2.19,1.02,2.36,0.13,0.79,-1.39,0.72,-0.4,1.02,12.18
19612,Bo Bichette,TOR,1.81,1.2,1.0,1.23,1.09,1.0,0.57,0.46,-0.87,-0.01,-0.73,0.03,2.17,1.51,0.57,0.71,11.74
19611,Vladimir Guerrero Jr.,TOR,1.87,2.08,0.29,1.18,1.21,1.11,1.09,0.85,-1.95,-0.41,0.1,-0.91,-0.46,1.93,2.65,1.11,11.74
17548,Taylor Ward,LAA,0.88,1.09,-0.14,1.5,1.4,1.41,0.83,1.08,0.24,-0.24,0.99,-0.11,-0.16,0.58,0.64,1.49,11.47
5417,Jose Altuve,HOU,1.16,1.64,1.71,2.75,2.44,2.37,1.61,-0.01,-0.48,0.68,1.08,-1.24,-1.97,-1.27,-0.33,1.29,11.42
12552,Eugenio Suarez,SEA,1.34,1.97,-0.85,1.18,1.17,0.92,1.41,1.74,-0.81,-0.93,1.34,1.48,-0.28,0.54,0.23,0.85,11.29
25764,Bobby Witt Jr.,KCR,1.36,0.76,3.41,0.27,-0.06,0.02,0.48,0.24,2.23,1.95,-1.14,-0.11,0.18,0.49,1.02,0.1,11.21
12916,Francisco Lindor,NYM,1.87,1.42,1.42,1.6,1.02,0.87,0.45,0.14,1.09,1.03,0.02,-0.58,-0.11,0.31,-0.02,0.62,11.15
18314,Dansby Swanson,ATL,1.8,1.31,1.71,0.93,0.59,0.73,0.28,0.75,1.02,0.57,-0.45,0.61,0.13,0.72,-0.4,0.79,11.12
18171,Seth Brown,OAK,0.82,1.31,0.71,0.72,0.63,0.35,1.23,1.3,0.79,0.51,0.45,0.69,-0.34,0.26,0.74,0.82,11.0
13419,Christian Walker,ARI,1.6,2.52,-0.56,1.01,0.83,0.98,1.49,0.93,-0.09,-0.65,0.71,-0.44,-0.28,0.63,0.64,1.43,10.74
16505,Matt Chapman,TOR,1.28,1.53,-0.56,0.88,0.63,0.57,1.06,1.27,1.02,-0.53,1.11,0.87,-1.68,1.65,0.68,0.91,10.69
19566,Nathaniel Lowe,TEX,1.45,1.53,-0.56,1.73,1.63,1.57,0.8,0.53,-1.27,-0.65,-0.19,0.14,1.23,0.77,0.78,1.0,10.51
3473,Anthony Rizzo,NYY,0.77,2.08,0.0,0.97,1.25,1.14,2.04,0.78,-1.17,-0.07,0.96,-0.58,-0.57,0.35,0.88,1.14,9.98
11609,Willson Contreras,CHC,0.34,0.98,-0.28,0.89,1.21,1.27,1.26,0.68,-0.91,0.22,0.33,-0.19,-0.16,0.82,1.89,1.58,9.93
13624,Corey Seager,TEX,1.57,2.19,-0.42,0.88,0.63,0.57,1.18,0.68,0.86,-0.36,0.3,-1.06,-0.28,1.14,0.19,1.81,9.89
19290,Randy Arozarena,TBR,1.45,0.76,3.7,0.79,0.94,0.7,0.63,0.04,-1.4,1.03,-0.27,0.36,-0.51,0.58,1.16,-0.25,9.7
20503,William Contreras,ATL,-0.44,0.76,-0.56,0.81,1.44,1.63,1.35,1.4,-0.84,-0.24,0.71,0.83,-0.63,0.82,1.54,1.08,9.64
19470,Tommy Edman,STL,1.34,-0.01,3.7,0.82,0.29,0.21,-0.38,-0.38,2.76,1.95,-0.36,-0.77,-0.22,-0.02,0.71,-0.05,9.59
21454,Lars Nootbaar,STL,-0.64,0.1,-0.28,0.62,0.94,0.87,1.2,1.08,0.47,0.97,2.2,-0.33,-0.86,1.42,0.78,1.05,9.58
18042,Dylan Moore,SEA,-1.28,-0.78,2.13,0.53,0.98,0.76,0.22,1.25,0.83,2.59,1.94,1.19,-0.46,-0.67,-0.09,0.36,9.51
21534,Cal Raleigh,SEA,-0.16,1.53,-0.71,0.44,0.79,0.54,2.48,1.89,-0.32,-0.76,0.45,1.19,-0.63,1.05,1.13,0.42,9.31
15112,Ryan McMahon,COL,1.11,0.76,0.15,-0.26,-0.22,0.43,0.25,0.66,0.7,0.22,0.59,0.65,1.06,1.42,1.02,0.59,9.13
20003,Keston Hiura,MIL,-1.21,0.1,-0.14,0.2,0.56,0.65,1.23,1.86,0.24,0.74,0.1,3.12,-0.11,1.42,0.09,0.21,9.07
18373,Ryan Mountcastle,BAL,1.2,0.98,-0.28,0.19,0.21,0.16,0.45,1.79,0.24,-0.47,-0.3,0.54,1.12,1.24,0.43,1.52,9.0
15986,Willy Adames,MIL,1.25,1.97,0.29,0.44,0.32,0.4,1.2,1.3,0.79,-0.13,-0.13,0.72,0.07,0.12,-0.05,0.39,8.97
19326,Bryan Reynolds,PIT,1.23,1.53,0.15,0.95,0.94,1.06,0.83,0.04,-0.68,0.39,0.27,0.1,0.01,0.72,0.85,0.56,8.96
19950,Andres Gimenez,CLE,0.83,0.43,1.99,1.81,1.52,1.47,0.37,-0.38,1.12,1.15,-0.65,-0.29,-0.34,-0.39,-0.29,0.47,8.81
12533,Marcus Semien,TEX,2.0,1.42,2.7,0.71,0.25,0.18,0.6,-0.23,2.3,1.38,-0.22,-0.88,-0.51,-0.62,-0.22,-0.11,8.75
12927,Brandon Nimmo,NYM,1.64,0.32,-0.42,1.68,1.29,1.17,0.05,-0.18,-0.09,0.51,0.76,-0.84,1.12,0.35,0.4,0.94,8.7
16472,Rhys Hoskins,PHI,1.64,1.86,-0.56,0.79,0.83,0.95,1.12,0.83,-1.1,-0.59,0.82,0.43,-0.46,0.68,0.5,0.82,8.55
12161,Xander Bogaerts,BOS,1.35,0.21,0.29,1.83,1.29,1.44,-0.01,-0.31,1.55,-0.18,0.39,-0.55,0.18,-0.25,0.78,0.39,8.39
16153,Austin Slater,SFG,-0.79,-0.67,0.86,0.72,0.9,0.92,-0.21,0.68,1.15,1.72,1.37,0.79,-0.11,0.17,-0.47,1.2,8.23
16997,Gleyber Torres,NYY,0.94,1.2,0.57,0.51,0.56,0.48,0.86,0.73,-0.06,0.16,-0.39,0.1,1.12,0.82,0.19,0.27,8.07
13602,Patrick Wisdom,CHC,0.67,1.31,0.29,0.05,0.13,0.16,1.2,1.59,0.21,-0.07,0.56,1.92,-1.21,0.96,0.64,-0.43,7.98
15676,Jose Abreu,CHW,1.69,0.21,-0.85,1.7,1.44,1.38,-0.15,0.43,-0.55,-1.4,0.45,-0.95,0.24,1.65,0.78,1.84,7.92
9777,Nolan Arenado,STL,1.27,1.86,-0.14,2.3,1.94,1.93,1.58,0.11,-0.51,-0.7,0.02,-1.75,-1.16,0.03,0.23,0.85,7.86
17484,Eloy Jimenez,CHW,-0.78,0.32,-0.85,0.86,1.67,1.63,1.09,1.72,-0.45,-1.63,0.25,-0.0,-0.57,1.93,0.92,1.6,7.7
13301,Max Muncy,LAD,0.89,0.87,-0.56,0.27,0.21,0.21,0.6,1.4,0.7,-0.47,2.63,0.4,-1.21,0.77,0.16,0.85,7.69
26288,Adley Rutschman,BAL,0.22,-0.01,-0.28,1.4,1.25,1.19,0.8,0.04,1.65,0.22,2.14,-0.62,-1.04,-0.34,0.05,0.94,7.61
16219,J.D. Davis,- - -,-0.51,-0.12,-0.71,0.19,0.71,0.62,0.28,2.09,-1.01,-0.53,0.82,1.77,0.18,1.75,0.68,1.26,7.47
16578,Yandy Diaz,TBR,0.84,-0.45,-0.42,1.5,1.75,1.52,-0.44,-0.73,-1.73,-0.93,2.2,-1.85,1.7,1.65,1.23,1.6,7.44
21897,Christopher Morel,CHC,-0.09,0.32,0.57,0.25,0.29,0.32,0.8,1.4,0.63,1.2,0.22,1.59,-1.8,0.45,0.74,0.42,7.3
30116,Seiya Suzuki,CHC,0.05,0.1,0.43,0.39,0.59,0.65,0.31,0.8,-0.12,0.39,0.39,0.36,1.76,0.45,0.19,0.5,7.24
12564,Trevor Story,BOS,-0.3,0.32,1.0,0.05,-0.02,0.16,0.89,0.88,0.96,0.91,0.07,1.45,0.07,0.12,0.92,-0.25,7.22
14551,Anthony Santander,BAL,1.46,2.19,-0.85,0.88,0.75,0.7,1.26,0.95,0.11,-1.28,0.22,-0.51,-1.1,0.68,0.43,1.23,7.12
9241,Starling Marte,NYM,0.47,0.32,1.71,1.28,1.36,1.22,0.4,-0.23,-0.06,1.55,-1.08,-0.51,-0.16,-0.86,0.88,0.76,7.05
12037,Jon Berti,MIA,-0.24,-1.0,4.97,0.17,-0.29,-0.33,-1.08,-0.45,2.63,2.24,0.71,-0.08,0.77,-0.3,-0.57,-0.11,7.04
19734,Josh Rojas,ARI,0.5,-0.45,2.42,0.62,0.29,0.43,-0.62,-0.8,2.04,1.03,0.85,-0.51,1.7,0.07,-0.57,-0.05,6.95
17919,Ian Happ,CHC,1.42,0.43,0.43,0.89,0.75,0.78,0.25,-0.31,0.24,0.05,0.25,0.14,0.07,0.49,1.09,-0.11,6.86
14162,Carlos Correa,MIN,1.06,0.98,-0.85,1.27,1.52,1.41,0.51,0.9,-1.95,-1.22,0.88,-0.26,-0.98,0.58,1.33,1.55,6.74
14567,Franchy Cordero,BOS,-1.14,-0.56,-0.28,-0.15,-0.33,-0.17,0.54,1.12,0.86,0.74,0.82,1.88,0.3,0.49,2.47,0.1,6.69
15679,Rowdy Tellez,MIL,1.13,2.41,-0.56,-0.12,0.36,0.46,1.61,1.27,-2.15,-1.17,0.71,-0.37,-1.33,1.14,2.13,1.14,6.66
15464,Hunter Renfroe,MIL,0.59,1.75,-0.71,0.73,0.9,1.0,1.49,0.78,-0.51,-0.93,-0.3,0.14,-0.28,0.86,0.61,0.39,6.5
12546,C.J. Cron,COL,1.36,1.75,-0.85,-0.06,0.02,0.68,1.03,0.75,0.17,-0.82,-0.53,0.58,0.42,-0.02,1.64,0.33,6.44
17929,Cedric Mullins II,BAL,1.64,0.32,3.98,0.36,0.21,0.13,-0.1,-0.7,1.09,1.61,-0.33,-0.55,-0.28,0.07,-0.47,-0.63,6.35
14128,Joey Gallo,- - -,-0.2,0.65,-0.42,-0.61,-0.6,-0.66,0.86,2.43,0.17,0.51,2.0,2.86,-1.68,0.45,0.78,-0.43,6.12
14130,Daniel Vogelbach,- - -,0.16,0.54,-0.85,0.65,1.06,1.06,0.71,0.71,-1.07,-1.34,2.6,0.36,-0.16,0.35,0.05,1.17,5.99
19918,Daulton Varsho,ARI,1.08,1.53,1.42,0.37,0.21,0.35,0.97,0.61,1.12,1.09,-0.19,0.32,-2.03,-0.44,-0.16,-0.34,5.92
17273,Jorge Mateo,BAL,0.66,-0.01,4.12,-0.52,-0.72,-0.8,0.16,-0.45,1.91,2.65,-1.02,0.9,0.71,-0.86,0.19,-1.09,5.84
20043,Luis Robert,CHW,-0.26,-0.12,0.71,0.49,0.4,0.38,-0.15,0.29,1.45,0.45,-1.34,-0.48,0.77,0.31,2.44,0.5,5.84
13152,Jorge Polanco,MIN,0.05,0.32,-0.42,0.56,0.71,0.62,0.4,0.61,0.3,-0.88,2.34,-0.11,-0.86,0.17,0.09,1.4,5.29
19197,Will Smith,LAD,0.98,1.2,-0.71,0.87,1.02,1.06,0.92,0.63,-1.17,-0.53,0.48,-0.95,0.18,0.58,-0.6,1.23,5.18
19352,Sean Murphy,OAK,1.22,0.54,-0.71,0.79,0.83,0.57,0.51,0.68,-0.45,-0.65,0.45,-0.29,-0.46,0.03,1.13,1.0,5.17
11615,Brandon Drury,- - -,0.91,1.64,-0.56,0.63,0.86,1.08,1.38,0.66,-1.17,-0.18,-0.56,-0.04,-0.46,0.21,0.57,0.18,5.16
12532,Kolten Wong,MIL,0.41,0.21,1.57,0.74,0.63,0.7,0.45,-0.58,1.12,1.32,0.33,-0.77,0.24,-0.76,-0.36,-0.14,5.12
14366,Joey Meneses,WSN,-1.39,-0.01,-0.71,0.72,2.14,2.31,1.55,0.53,-0.91,-0.82,-0.7,-0.11,0.53,1.28,0.05,0.65,5.12
15711,Tyler O'Neill,STL,-0.39,0.1,1.14,-0.04,0.02,-0.09,0.16,0.88,0.47,1.2,0.56,0.72,-0.63,0.54,-0.16,0.62,5.11
2967,Tommy Pham,- - -,1.29,0.43,0.29,-0.56,-0.45,-0.17,-0.3,0.04,0.63,0.39,0.27,0.76,0.07,1.65,0.64,0.04,5.03
18036,Jake Cronenworth,SDP,1.72,0.43,-0.42,0.79,0.32,0.21,-0.07,-0.53,2.23,0.28,0.65,-0.51,1.23,-0.48,-0.74,-0.19,4.92
14854,Mike Yastrzemski,SFG,0.84,0.43,-0.14,-0.04,-0.06,-0.09,0.4,0.83,0.86,0.51,0.91,0.47,-0.34,0.58,-0.36,0.13,4.91
16535,Danny Jansen,TOR,-1.33,0.21,-0.71,0.67,1.52,1.47,2.04,1.32,0.27,-0.76,0.79,-0.69,-1.97,0.82,-0.5,1.69,4.83
21622,Jake McCarthy,ARI,-0.59,-0.56,2.42,0.83,0.59,0.73,-0.24,-0.73,2.53,2.19,-0.62,-0.15,0.18,-0.58,-0.85,-0.34,4.82
1177,Albert Pujols,STL,-0.61,1.2,-0.71,0.81,1.94,1.9,2.33,1.05,-2.15,-1.4,-0.13,-1.09,-1.68,1.19,0.33,1.6,4.59
17678,Alex Bregman,HOU,1.52,1.09,-0.71,1.48,1.36,1.3,0.89,-0.11,-0.97,-1.05,1.94,-1.67,-1.39,0.12,-0.54,1.17,4.45
19599,Chas McCormick,HOU,-0.22,0.1,-0.28,0.19,0.52,0.43,0.22,0.61,-0.35,-0.01,1.22,0.65,1.23,-0.25,-0.29,0.44,4.21
22197,MJ Melendez,KCR,0.67,0.54,-0.56,-0.25,-0.06,-0.01,0.51,0.66,-0.09,-0.41,1.6,0.4,-0.51,0.96,0.02,0.65,4.1
6184,J.D. Martinez,BOS,1.1,0.32,-0.85,0.24,0.71,0.89,0.48,1.15,-2.38,-0.99,0.3,0.4,1.06,0.21,0.29,1.14,4.08
5452,Ji-Man Choi,TBR,-0.14,-0.23,-0.85,0.15,0.59,0.32,0.08,1.03,-0.87,-1.8,2.14,1.19,-0.16,1.65,0.12,0.79,4.02
15518,Amed Rosario,CLE,1.62,-0.23,1.71,0.08,0.09,0.02,-0.56,-0.8,0.5,1.67,-1.51,-0.88,0.59,-0.11,1.75,0.01,3.95
24610,Steven Kwan,CLE,1.4,-0.78,1.85,1.36,0.9,0.84,-0.93,-1.56,1.61,1.38,0.65,-2.07,2.11,-1.65,-1.26,0.07,3.91
22244,Jack Suwinski,PIT,-0.46,0.65,-0.28,-0.14,-0.02,0.02,1.0,1.1,0.21,-0.41,0.94,1.34,-0.57,-0.16,0.57,-0.08,3.69
21636,Jeremy Pena,HOU,0.84,0.98,0.71,0.17,0.05,-0.03,0.45,0.46,1.22,0.86,-1.42,0.36,-0.46,-0.25,-0.09,-0.28,3.58
22263,Nolan Gorman,STL,-0.88,0.1,-0.71,-0.0,0.25,0.16,0.71,1.64,-0.02,-0.47,0.22,1.7,-0.4,0.26,-0.05,0.91,3.42
13359,Tyler Naquin,- - -,-0.73,-0.23,-0.28,-0.2,-0.29,-0.2,0.71,0.46,0.76,1.55,-0.91,0.87,0.24,0.77,0.68,0.21,3.41
18564,Trent Grisham,SDP,0.6,0.43,0.15,-0.49,-0.68,-0.82,0.05,0.09,1.91,0.63,0.88,1.01,0.07,-0.16,0.12,-0.43,3.35
18577,Ke'Bryan Hayes,PIT,0.85,-0.67,1.99,-0.64,-0.48,-0.44,-1.02,-0.95,0.3,0.86,0.1,-0.11,1.82,1.1,0.78,-0.19,3.28
13145,Josh Bell,- - -,1.46,0.43,-0.85,0.62,0.86,0.92,0.02,-0.13,-1.82,-0.82,1.45,-1.06,0.24,0.12,0.5,1.14,3.09
17128,Ramon Laureano,OAK,-0.39,-0.01,0.71,-0.09,-0.18,-0.44,0.28,0.95,0.99,0.57,-0.5,0.83,0.3,0.03,-0.19,-0.08,2.79
8709,Elvis Andrus,- - -,0.97,0.43,1.71,0.48,0.17,-0.01,0.11,-0.8,1.97,0.39,-0.42,-0.98,-0.16,-0.34,-0.29,-0.48,2.74
9874,DJ LeMahieu,NYY,0.72,-0.12,-0.28,0.25,0.59,0.51,-0.67,-0.6,-1.3,-0.59,1.63,-1.46,2.63,0.26,0.05,1.0,2.62
19966,Bobby Dalbec,BOS,-0.6,-0.12,-0.42,-0.61,-0.79,-0.63,0.11,1.0,0.57,0.68,0.1,1.85,-0.05,0.77,1.09,-0.4,2.55
13757,Chris Taylor,LAD,0.11,-0.34,0.57,-0.2,-0.29,-0.33,-0.07,0.61,1.12,1.03,0.48,2.06,0.07,-0.58,-0.78,-0.95,2.52
27676,Vinnie Pasquantino,KCR,-0.98,-0.34,-0.71,0.56,1.4,1.49,0.11,0.26,-0.68,-1.34,1.4,-1.75,-0.75,1.19,0.68,1.87,2.41
15279,Garrett Cooper,MIA,0.21,-0.45,-0.85,0.26,0.56,0.54,-0.01,0.73,-0.71,-1.17,0.07,0.47,0.71,0.45,0.64,0.91,2.36
5235,Justin Turner,LAD,0.66,-0.01,-0.42,0.63,0.86,0.89,0.08,0.06,-1.01,-0.59,0.36,-0.91,1.12,0.4,-0.64,0.85,2.33
16337,Nick Gordon,MIN,0.03,-0.45,0.0,0.17,0.4,0.29,0.11,0.41,-0.19,0.63,-1.31,0.29,0.36,0.91,-0.02,0.68,2.31
6153,Eduardo Escobar,NYM,0.73,0.76,-0.85,0.32,0.21,0.02,0.66,0.41,1.02,-0.41,-0.33,0.21,-0.75,-0.16,0.26,0.13,2.22
17901,Andrew Benintendi,- - -,0.58,-0.89,0.29,0.78,0.83,0.87,-1.05,-0.65,0.21,0.16,0.73,-1.17,0.88,0.26,-0.33,0.71,2.2
2396,Carlos Santana,- - -,0.47,0.65,-0.85,-0.03,0.05,-0.06,0.48,0.38,0.34,-1.63,2.2,-0.77,-1.51,0.96,0.19,1.23,2.12
12325,Jace Peterson,MIL,-0.77,-0.56,0.86,0.09,-0.18,-0.12,-0.18,-0.13,1.71,1.61,0.59,0.58,-0.57,-0.02,-0.67,-0.19,2.03
13613,Ketel Marte,ARI,0.84,-0.12,-0.14,-0.13,0.05,0.18,0.22,-0.4,-0.29,0.22,0.53,-0.69,-0.86,0.68,1.47,0.15,1.72
19260,Jake Fraley,CIN,-1.34,-0.12,-0.28,0.36,0.79,1.14,0.97,-0.11,0.53,-0.13,0.76,-0.08,0.42,-1.65,-0.26,0.68,1.69
19600,Bryan De La Cruz,MIA,-0.58,-0.01,-0.28,-0.14,0.13,0.08,0.45,1.03,-0.38,-0.18,-1.02,0.47,-0.34,1.0,0.16,1.31,1.69
18839,Josh Naylor,CLE,0.42,0.76,0.0,0.24,0.63,0.57,0.89,0.21,-1.17,-0.53,-0.1,-0.98,-0.98,0.35,0.78,0.5,1.58
20202,Brandon Marsh,- - -,0.16,-0.23,0.57,-0.37,-0.45,-0.39,-0.24,-0.08,0.83,1.03,-0.68,1.99,0.42,0.26,-0.6,-0.66,1.56
14221,Jorge Soler,MIA,-0.93,-0.01,-0.85,-0.27,-0.1,-0.14,0.68,1.08,-0.25,-1.28,0.62,1.12,-2.03,1.19,2.37,0.36,1.56
11442,Gary Sanchez,MIN,0.23,0.32,-0.56,-0.75,-0.45,-0.55,0.42,1.42,-0.84,-0.88,0.22,1.12,-0.86,0.86,1.51,0.33,1.54
18882,Brandon Lowe,TBR,-1.21,-0.56,-0.71,0.06,0.13,-0.12,0.22,0.63,0.66,0.22,0.82,0.14,0.07,0.35,0.5,0.3,1.53
15998,Cody Bellinger,LAD,0.78,0.65,1.14,-0.6,-0.68,-0.71,0.42,0.14,1.48,1.43,-0.47,0.79,-1.21,0.35,-1.19,-0.92,1.41
14811,Luke Voit,- - -,0.91,0.98,-0.71,-0.51,0.05,0.02,0.4,1.72,-2.02,-1.34,0.48,1.45,-1.16,0.54,0.19,0.36,1.35
15362,Jeff McNeil,NYM,1.06,-0.45,-0.28,2.02,1.63,1.49,-0.53,-1.24,0.66,-0.3,-0.53,-1.93,0.3,-0.81,-0.26,0.39,1.22
23667,Wander Franco,TBR,-0.66,-0.78,0.29,0.55,0.59,0.35,-0.18,-0.77,1.32,1.49,-0.13,-2.04,0.59,-0.62,0.57,0.62,1.18
7304,Salvador Perez,KCR,0.24,1.09,-0.85,-0.07,0.32,0.38,1.18,0.85,-1.04,-1.34,-1.48,0.18,-0.69,1.28,0.61,0.47,1.13
9368,Evan Longoria,SFG,-0.98,0.1,-0.85,0.03,0.56,0.54,0.94,1.15,-0.74,-1.69,0.25,0.87,-0.34,1.14,-0.4,0.42,0.99
19913,Jesus Sanchez,MIA,-0.67,-0.01,-0.71,-0.45,-0.29,-0.33,0.63,0.53,-0.48,0.22,-0.24,0.72,0.59,0.4,1.37,-0.34,0.93
12979,Javier Baez,DET,1.06,0.43,0.43,-0.47,-0.41,-0.52,0.11,0.06,0.83,0.8,-1.28,0.47,0.01,-0.34,0.47,-0.72,0.93
11445,Mark Canha,NYM,0.73,-0.01,-0.42,0.99,1.06,0.89,-0.36,-0.7,-0.32,-0.41,0.19,-0.73,1.0,-0.44,-0.95,0.39,0.9
19955,Gavin Lux,LAD,0.23,-0.78,0.15,0.56,0.48,0.48,-0.59,-0.4,1.06,1.38,0.56,-0.37,-0.81,-0.3,-0.92,0.13,0.86
2136,David Peralta,- - -,0.36,-0.12,-0.71,-0.0,0.13,0.13,0.19,0.19,0.04,-0.76,0.07,0.18,-0.69,0.77,0.78,0.1,0.66
25976,Riley Greene,DET,-0.14,-0.89,-0.71,-0.25,-0.1,-0.2,-0.79,0.38,-0.02,0.22,0.25,1.08,0.71,0.4,0.47,0.18,0.6
14274,Mitch Haniger,SEA,-1.34,-0.23,-0.85,0.02,0.48,0.24,0.66,1.0,-0.29,-1.34,0.07,0.69,-0.69,1.51,0.09,0.53,0.55
21479,Nico Hoerner,CHC,0.55,-0.34,1.99,0.25,0.21,0.27,-0.5,-1.27,0.76,1.49,-0.99,-1.82,1.23,-0.67,-0.36,-0.25,0.55
22581,Alejandro Kirk,TOR,0.72,0.1,-0.85,0.56,1.09,1.0,-0.38,-0.26,-2.31,-1.57,1.34,-1.85,1.12,0.86,-0.22,1.2,0.53
5297,Aaron Hicks,NYY,0.1,-0.56,0.57,-0.35,-0.41,-0.5,-1.02,-0.48,0.83,0.68,2.09,0.32,0.18,-0.34,-0.4,-0.19,0.53
10324,Marcell Ozuna,ATL,0.48,1.09,-0.56,-0.82,-0.45,-0.33,0.6,1.32,-0.84,-0.82,-0.76,0.25,-0.86,0.35,1.09,0.79,0.52
26197,Andrew Vaughn,CHW,0.82,0.43,-0.85,0.17,0.48,0.46,0.16,0.04,-1.04,-1.17,-0.85,-0.77,0.65,1.0,0.47,0.27,0.28
15149,Trey Mancini,- - -,1.04,0.54,-0.85,-0.2,0.13,0.05,0.05,0.43,-0.97,-1.34,0.39,0.18,-0.46,0.4,0.36,0.5,0.26
10815,Jurickson Profar,SDP,1.54,0.21,-0.14,0.27,0.36,0.27,-0.15,-0.92,-0.45,0.11,0.96,-1.09,0.01,-0.53,-0.47,0.15,0.13
16426,Thairo Estrada,SFG,0.72,0.1,2.13,0.26,0.21,0.18,-0.3,-0.82,0.79,1.15,-0.76,-0.95,-0.69,-1.13,-0.5,-0.31,0.08
18568,Luis Arraez,MIN,1.15,-0.56,-0.28,1.29,1.17,1.08,-0.88,-1.02,-0.06,-0.47,0.13,-2.44,1.35,0.12,-1.19,0.68,0.08
17907,Brendan Rodgers,COL,1.0,-0.01,-0.85,-0.66,-0.33,0.29,-0.24,-0.13,-0.55,-0.7,-0.13,-0.8,1.58,0.63,0.5,0.47,0.07
13675,Tyrone Taylor,MIL,-0.23,0.43,-0.42,-0.02,0.05,0.1,1.0,0.53,0.4,0.45,-0.99,0.43,-0.81,-0.3,-0.5,-0.08,0.06
17452,Jose Siri,- - -,-0.79,-0.67,1.14,-0.41,-0.99,-1.15,-0.44,-0.38,1.84,2.3,-0.65,1.85,0.01,-0.67,0.43,-1.41,0.02
9929,Darin Ruf,- - -,-0.35,-0.23,-0.56,-0.5,-0.45,-0.52,-0.38,0.21,0.07,-0.24,1.14,0.76,0.3,0.26,0.47,0.01,-0.02
18795,Ramon Urias,BAL,0.05,0.32,-0.71,-0.02,0.13,0.08,0.31,0.46,0.01,-0.65,-0.42,-0.0,0.01,0.35,-0.26,0.3,-0.03
18054,Sam Haggerty,SEA,-1.66,-0.89,1.0,0.2,0.52,0.27,-0.04,-0.92,0.73,2.07,0.36,0.72,0.13,-1.23,-0.6,-0.72,-0.07
16622,Luis Urias,MIL,0.24,0.32,-0.71,0.24,0.36,0.46,0.16,0.14,0.07,-0.88,0.79,-0.22,-0.57,-0.62,-0.36,0.47,-0.1
23359,Nelson Velazquez,CHC,-1.63,-0.78,-0.14,-0.38,-0.52,-0.52,0.22,1.37,0.04,1.43,0.3,1.48,-1.27,0.26,0.16,-0.14,-0.11
15172,Tim Anderson,CHW,-0.61,-0.78,1.0,0.31,0.36,0.35,-1.08,-0.48,0.93,1.03,-1.42,-1.02,1.29,-0.2,-0.71,0.88,-0.16
10264,Brandon Belt,SFG,-0.98,-0.56,-0.71,-0.33,-0.18,-0.2,-0.33,1.2,-0.32,-0.53,1.42,0.76,1.0,-0.11,-0.85,0.47,-0.23
7739,Travis d'Arnaud,ATL,-0.09,0.54,-0.85,0.26,0.75,0.89,0.92,0.19,-1.17,-0.76,-1.34,-0.22,0.07,-0.07,0.54,0.1,-0.25
21618,Alec Bohm,PHI,1.35,-0.01,-0.56,-0.32,-0.1,-0.01,-0.7,-0.23,-0.15,-0.24,-1.16,-0.8,1.23,0.72,0.02,0.68,-0.3
2434,Nelson Cruz,WSN,0.48,-0.34,-0.28,-0.99,-0.6,-0.5,-0.99,0.38,-1.01,-0.47,0.48,0.18,0.94,1.05,1.06,0.3,-0.31
17982,Ty France,SEA,1.22,0.76,-0.85,0.87,0.98,0.73,0.22,-0.58,-0.91,-1.34,-0.79,-1.09,0.65,-0.48,-0.12,0.33,-0.4
21987,Rodolfo Castro,PIT,-1.12,-0.23,-0.14,-0.09,0.09,0.13,0.71,-0.26,0.11,0.86,-0.13,0.69,0.13,-0.62,0.29,-0.86,-0.45
14566,Franmil Reyes,- - -,0.24,0.1,-0.56,-1.12,-0.79,-0.82,-0.15,0.88,-0.87,-0.36,-0.62,1.81,0.65,1.56,0.57,-1.01,-0.49
11038,Kevin Kiermaier,TBR,-1.52,-0.67,0.0,-0.12,-0.41,-0.66,-0.18,-0.21,1.06,0.63,-0.56,0.9,1.99,-0.34,-0.29,-0.14,-0.52
13590,Jesse Winker,SEA,0.76,0.1,-0.85,-0.1,0.32,0.08,-0.47,-0.03,-1.4,-1.69,2.69,-0.51,0.24,-0.44,-0.26,1.02,-0.53
12160,Ben Gamel,PIT,-0.11,-0.45,-0.14,-0.17,-0.14,-0.06,-0.33,-0.38,0.47,0.16,1.05,0.1,-0.28,0.07,-0.54,0.18,-0.55
26294,Bryson Stott,PHI,0.19,-0.34,0.86,-0.46,-0.64,-0.58,-0.59,-0.82,1.55,0.97,-0.22,-0.55,1.7,-0.25,-0.81,-0.74,-0.73
10243,Randal Grichuk,COL,0.7,0.65,-0.28,-0.79,-0.48,0.13,0.19,-0.23,-0.38,0.34,-1.34,0.18,0.48,0.63,0.29,-0.83,-0.75
19890,Emmanuel Rivera,- - -,-0.56,-0.12,-0.71,-0.36,-0.22,-0.12,0.45,0.38,-0.29,0.11,-0.62,0.14,0.24,0.82,0.05,0.01,-0.77
24679,Brendan Donovan,STL,0.21,-0.89,-0.56,0.81,1.09,1.06,-1.08,-1.07,-0.61,-0.53,1.54,-1.2,1.35,-0.44,-1.3,0.85,-0.78
10028,Christian Bethancourt,- - -,-0.74,-0.23,-0.14,-0.22,0.02,-0.25,0.14,0.98,-0.32,0.11,-1.57,0.32,-0.81,0.68,0.92,0.24,-0.88
12144,Max Kepler,MIN,0.05,-0.45,-0.42,-0.29,-0.22,-0.33,-0.56,-0.16,0.27,-0.24,1.11,-1.17,-0.69,0.21,1.09,0.82,-0.97
20036,Isaac Paredes,TBR,-0.4,0.76,-0.85,0.26,0.59,0.35,1.55,-0.33,-0.22,-1.22,1.31,-0.73,-1.04,-0.58,-0.12,-0.37,-1.03
9847,Andrew McCutchen,MIL,0.99,0.43,0.29,-0.54,-0.1,-0.03,-0.15,0.21,-1.33,-0.47,0.53,-0.15,-1.39,0.21,-0.05,0.44,-1.11
18900,Leody Taveras,TEX,-0.68,-0.89,0.71,-0.21,-0.29,-0.36,-0.88,-0.85,0.73,1.03,-0.65,0.61,0.65,0.35,0.74,-1.15,-1.12
21524,Joey Bart,SFG,-1.03,-0.23,-0.56,-0.5,-0.41,-0.44,-0.12,0.58,-0.48,-0.53,0.22,2.57,-0.4,-0.62,1.23,-0.4,-1.13
20126,Dylan Carlson,STL,0.35,-0.56,-0.14,0.11,-0.02,-0.12,-0.21,-0.82,1.25,0.63,0.3,-0.51,0.36,-1.18,-0.54,-0.25,-1.35
14111,Eric Haase,DET,-0.61,0.1,-0.85,0.05,0.44,0.32,0.74,0.24,-0.48,-0.99,-0.39,0.9,0.13,-0.44,-0.29,-0.22,-1.36
4314,Joey Votto,CIN,-0.44,-0.23,-0.85,-0.69,-0.33,-0.01,0.16,0.83,-1.33,-1.34,1.17,0.54,-0.11,0.49,0.4,0.36,-1.38
12180,Jorge Alfaro,SDP,-1.15,-0.67,-0.71,-0.39,-0.41,-0.52,-0.36,0.85,0.01,-0.82,-1.48,2.14,0.65,0.35,1.54,-0.43,-1.39
10681,Gio Urshela,MIN,0.79,-0.01,-0.71,0.22,0.71,0.59,-0.12,-0.18,-2.02,-0.47,-0.19,-0.77,0.42,0.12,-0.16,0.39,-1.39
15161,Mitch Garver,TEX,-1.56,-0.34,-0.71,-0.13,0.02,-0.06,0.92,0.26,0.14,-1.05,0.99,0.43,-1.16,0.12,0.23,0.27,-1.64
19252,Cavan Biggio,TOR,-0.95,-0.78,-0.56,-0.1,-0.14,-0.22,-0.04,-0.21,0.73,0.63,1.68,0.98,-0.69,-0.34,-1.09,-0.63,-1.74
27506,Ha-seong Kim,SDP,1.01,-0.23,0.86,0.21,0.17,0.08,-0.44,-0.87,0.63,0.57,0.16,-0.84,-1.68,-0.9,-0.47,-0.02,-1.78
5038,Josh Donaldson,NYY,0.75,0.21,-0.56,-0.63,-0.14,-0.22,0.05,0.51,-1.46,-0.93,0.71,0.83,-1.85,0.96,0.33,-0.31,-1.78
16939,Lane Thomas,WSN,0.77,0.43,0.29,-0.38,-0.18,-0.06,0.14,-0.31,-0.19,0.16,-0.27,0.29,-0.57,-1.04,-0.22,-0.69,-1.83
10047,Wil Myers,SDP,-1.07,-0.67,-0.56,-0.0,0.13,0.02,-0.33,-0.11,0.4,-0.76,-0.33,1.23,1.23,-0.07,-0.47,-0.63,-1.97
10950,Adam Duvall,ATL,-0.86,-0.12,-0.85,-0.32,-0.52,-0.42,0.6,1.25,0.89,-0.36,-0.56,1.56,-1.39,-0.16,-0.22,-0.48,-1.97
24618,Ryan Jeffers,MIN,-1.42,-0.67,-0.85,-0.5,-0.52,-0.63,0.11,1.35,-0.42,-0.82,0.65,0.69,0.24,-0.2,0.85,0.15,-2.0
11281,Whit Merrifield,- - -,0.78,-0.23,1.42,-0.49,-0.48,-0.44,-0.47,-0.87,0.86,0.8,-0.36,-1.06,0.94,-0.72,-1.09,-0.63,-2.03
18289,Brian Anderson,MIA,-0.39,-0.56,-0.71,-0.48,-0.41,-0.47,-0.59,0.48,-0.02,-0.3,0.48,0.65,-0.16,0.03,0.43,-0.02,-2.04
24617,Jarren Duran,BOS,-1.51,-1.11,0.15,-0.52,-0.87,-0.71,-0.15,-0.01,0.17,2.01,-0.59,1.01,0.65,0.31,-0.12,-0.8,-2.1
21558,Matt Vierling,PHI,-0.57,-0.78,0.15,-0.69,-0.75,-0.69,-0.96,-0.68,0.17,0.74,-0.65,-0.44,0.88,1.19,0.47,0.5,-2.11
4106,Michael Brantley,HOU,-1.13,-0.89,-0.71,0.37,1.02,0.95,-0.44,-0.43,-0.22,-0.76,1.19,-1.82,-0.92,0.54,-0.88,1.87,-2.27
17027,Alex Verdugo,BOS,1.44,-0.23,-0.71,-0.11,0.09,0.24,-0.47,-0.43,-0.35,-0.93,-0.5,-1.42,0.18,0.21,0.09,0.56,-2.34
11737,Nick Castellanos,PHI,0.84,-0.01,0.15,-0.64,-0.25,-0.17,-0.56,-0.28,-0.91,-0.24,-1.08,0.14,1.58,-0.53,-0.22,-0.22,-2.41
21538,Nick Fortes,MIA,-1.39,-0.45,-0.14,-0.17,-0.02,-0.06,0.11,-0.18,0.01,1.15,-0.27,-0.58,-0.16,0.31,-0.81,0.27,-2.41
19363,Austin Hays,BAL,1.01,0.32,-0.56,0.1,0.17,0.1,0.25,-0.63,0.21,-0.47,-0.76,-0.4,-0.4,-0.44,-0.6,-0.34,-2.46
14712,Manuel Margot,TBR,-0.53,-1.0,0.15,0.15,0.21,-0.06,-0.93,-1.0,0.76,0.34,-0.47,-0.55,0.48,0.4,-0.12,-0.31,-2.49
18607,Jared Walsh,LAA,0.11,0.21,-0.56,-1.02,-0.87,-0.88,0.16,0.43,-0.22,-0.36,-0.7,1.37,-0.51,0.68,0.47,-0.86,-2.55
9256,A.J. Pollock,CHW,0.62,0.1,-0.42,-0.59,-0.33,-0.36,-0.12,0.41,-0.48,-0.18,-0.68,-0.55,-0.34,0.07,0.02,0.21,-2.62
5933,Jean Segura,PHI,-0.36,-0.34,1.0,-0.14,0.17,0.27,-0.85,-0.82,-0.51,0.11,-0.65,-1.2,1.29,-0.48,0.09,-0.19,-2.63
17954,Sam Hilliard,COL,-1.67,-1.22,-0.14,-0.95,-2.18,-1.61,-1.4,0.36,0.6,1.43,1.11,0.98,-0.86,1.56,1.51,-0.19,-2.68
20332,Luis Gonzalez,SFG,-0.62,-1.0,0.57,-0.26,-0.22,-0.22,-0.93,-1.19,0.21,0.8,0.1,-0.15,2.52,-0.81,-0.36,-1.21,-2.78
5827,Wilmer Flores,SFG,1.15,0.65,-0.85,-0.13,0.09,0.05,0.19,-0.36,-0.45,-0.99,0.5,-0.84,-0.57,-0.39,-0.85,0.01,-2.78
16572,Connor Joe,COL,0.2,-0.67,0.0,-0.68,-0.52,0.1,-0.64,-0.8,-0.09,0.86,1.19,-0.26,0.24,-1.55,-0.22,0.04,-2.81
20970,Oscar Gonzalez,CLE,-0.39,-0.23,-0.71,0.41,0.83,0.78,0.31,-0.11,-0.42,-1.28,-1.45,-0.4,-1.33,-0.02,0.88,0.3,-2.83
17232,Yoan Moncada,CHW,-0.04,-0.12,-0.56,-0.88,-0.95,-0.96,-0.18,0.51,0.43,-0.41,-0.19,0.69,0.13,0.03,0.26,-0.6,-2.85
16930,Jonah Heim,TEX,0.08,0.32,-0.56,-0.34,-0.06,-0.12,0.42,-0.21,-0.58,-0.36,0.42,-0.44,-2.09,0.31,0.57,-0.54,-3.17
19522,T.J. Friedl,CIN,-1.26,-0.56,0.15,-0.08,0.02,0.35,0.74,-0.75,0.3,1.95,-0.19,-1.09,-0.22,-0.67,-1.23,-0.77,-3.31
14350,Raimel Tapia,TOR,-0.04,-0.67,0.29,-0.35,-0.41,-0.47,-0.67,-0.65,0.66,0.86,-1.54,-0.55,1.06,-0.48,0.33,-0.69,-3.32
19238,Lourdes Gurriel Jr.,TOR,0.38,-0.89,-0.42,0.1,0.52,0.46,-0.82,-0.97,-1.33,-0.65,-0.59,-0.84,0.71,0.91,-0.43,0.33,-3.54
20538,Jose Miranda,MIN,0.31,0.21,-0.71,0.15,0.63,0.51,0.16,-0.38,-1.46,-1.34,-0.76,-0.51,-0.51,0.31,-0.47,0.21,-3.64
7859,Charlie Blackmon,COL,0.97,0.32,-0.28,-0.58,-0.45,0.18,-0.01,-0.82,0.47,0.39,-0.96,-0.55,-0.51,-1.13,-0.43,-0.25,-3.65
18126,LaMonte Wade Jr.,SFG,-1.31,-0.56,-0.71,-0.27,-0.29,-0.33,-0.07,0.43,0.27,-0.01,0.71,-0.33,-0.75,-0.44,-0.5,0.33,-3.83
17620,Myles Straw,CLE,1.1,-1.44,2.13,-1.31,-1.41,-1.45,-1.89,-1.74,2.5,1.55,0.42,-1.2,2.69,-0.76,-2.06,-1.01,-3.87
13185,Orlando Arcia,ATL,-1.43,-0.45,-0.85,-0.1,0.13,0.29,0.31,-0.06,-0.02,-1.57,0.22,-0.11,-0.81,0.96,-0.99,0.56,-3.92
12158,Austin Barnes,LAD,-1.58,-0.56,-0.56,-0.25,0.13,0.13,0.22,-0.73,-0.68,-0.13,1.51,-0.8,1.23,-0.58,-1.02,-0.34,-3.99
21560,Alfonso Rivas,CHC,-1.06,-1.11,0.0,-0.44,-0.68,-0.69,-1.57,-0.87,0.66,0.86,0.62,1.27,1.58,-0.81,-0.95,-0.83,-4.02
22458,Taylor Walls,TBR,0.19,-0.56,0.57,-1.18,-1.33,-1.59,-0.7,-0.38,1.06,0.97,1.17,0.61,1.12,-1.09,-1.75,-1.15,-4.04
19892,Pavin Smith,ARI,-1.13,-0.45,-0.71,-0.43,-0.52,-0.44,-0.15,0.53,0.17,-1.11,0.62,0.29,0.18,-0.34,-0.54,-0.16,-4.2
11489,Michael A. Taylor,KCR,0.12,-0.45,-0.28,-0.5,-0.41,-0.36,-0.88,-0.23,0.21,0.16,-0.1,0.32,0.3,-1.09,-0.47,-0.6,-4.24
10323,Rafael Ortega,CHC,-0.47,-0.67,0.86,-0.53,-0.18,-0.14,-0.7,-0.73,-1.14,0.22,1.22,-0.4,-0.05,-0.67,-0.81,-0.08,-4.27
16434,Christian Arroyo,BOS,-0.97,-0.78,-0.14,-0.34,0.05,0.24,-0.41,-0.33,-1.04,0.39,-1.31,-0.91,0.01,0.12,0.5,0.59,-4.32
20220,Jo Adell,LAA,-1.07,-0.56,-0.28,-0.62,-0.91,-0.88,-0.01,0.51,0.27,0.51,-1.48,2.54,-0.69,-0.58,0.5,-1.7,-4.45
12282,Rougned Odor,BAL,0.24,-0.01,0.0,-0.82,-0.79,-0.88,0.02,-0.31,0.47,0.74,-0.42,0.18,-1.21,-0.39,-0.36,-0.95,-4.49
18887,Seby Zavala,CHW,-1.63,-1.22,-0.85,-0.04,0.4,0.35,-0.73,0.36,-0.22,-1.4,0.48,1.52,0.88,0.07,-1.71,-0.77,-4.52
12775,Brad Miller,TEX,-1.38,-0.67,-0.28,-0.84,-1.22,-1.29,-0.82,0.01,-0.35,-0.53,-0.16,1.16,1.7,1.14,-0.02,-1.18,-4.71
13788,Matt Reynolds,- - -,-1.16,-1.11,-0.14,-0.57,-0.75,-0.47,-1.28,-1.17,0.11,0.86,0.42,1.01,1.29,0.72,-1.4,-1.09,-4.74
19858,Luis Rengifo,LAA,0.51,0.43,0.0,0.03,0.09,0.1,0.31,-0.58,0.47,0.11,-1.65,-1.06,-1.8,-0.81,-0.5,-0.4,-4.74
14196,Andrew Velazquez,LAA,-0.63,-0.45,1.57,-1.22,-1.95,-1.94,-0.79,-0.28,1.51,1.32,-1.31,1.96,0.18,-0.3,-0.57,-1.85,-4.74
15491,J.P. Crawford,SEA,1.15,-0.78,-0.42,-0.06,0.13,-0.12,-1.11,-1.42,-0.32,-0.36,1.22,-1.42,0.65,-1.65,-0.5,0.15,-4.83
16424,Jordan Luplow,ARI,-1.43,-0.23,-0.14,-0.57,-0.87,-0.8,0.57,-0.06,0.11,0.16,0.82,0.5,-0.92,-0.67,-0.67,-0.63,-4.83
18400,Juan Yepez,STL,-1.15,-0.12,-0.85,-0.09,0.32,0.24,0.71,0.36,-0.55,-1.69,-0.85,-0.04,-0.86,-0.99,1.26,-0.69,-4.97
19458,Cooper Hummel,ARI,-1.66,-1.11,-0.28,-0.73,-1.37,-1.31,-0.47,-0.16,0.04,1.61,1.08,1.52,-1.21,-0.48,0.05,-0.51,-5.01
16512,Isiah Kiner-Falefa,NYY,0.65,-1.0,2.28,-0.71,-0.6,-0.69,-1.63,-1.61,0.37,0.8,-0.47,-1.38,1.0,-1.13,-0.33,-0.57,-5.04
27465,Spencer Torkelson,DET,-0.24,-0.56,-0.85,-1.14,-0.95,-1.04,-0.64,0.16,-1.04,-0.82,0.45,0.4,0.24,0.86,0.26,-0.14,-5.05
15117,Hunter Dozier,KCR,0.43,-0.12,-0.28,-1.15,-0.41,-0.33,0.02,-0.01,-2.74,0.22,-0.42,0.5,-0.51,-0.07,-0.02,-0.25,-5.13
17338,Willi Castro,DET,-0.32,-0.56,0.43,-0.5,-0.56,-0.69,-0.47,-1.05,0.53,0.97,-1.48,-0.19,0.71,-1.78,0.33,-0.57,-5.2
5343,Brandon Crawford,SFG,0.14,-0.45,-0.71,-0.54,-0.52,-0.58,-0.79,-0.26,0.6,-0.36,0.07,-0.15,-0.16,-0.25,-0.6,-0.66,-5.22
11200,Kole Calhoun,TEX,-0.1,-0.12,-0.42,-1.33,-1.29,-1.37,-0.3,0.51,-0.25,-0.3,-0.56,1.63,-1.56,1.0,-0.29,-0.45,-5.22
14968,Victor Caratini,MIL,-0.87,-0.45,-0.85,-0.79,-0.64,-0.58,-0.21,-0.36,-1.04,-1.69,0.53,-0.19,0.71,0.35,0.71,-0.02,-5.37
14387,Harold Ramirez,TBR,-0.02,-0.78,-0.42,0.33,0.71,0.46,-0.88,-0.73,-0.74,-0.93,-1.28,-0.91,-1.39,-0.07,1.02,0.13,-5.51
19901,Gavin Sheets,CHW,-0.2,0.21,-0.85,-0.36,-0.02,-0.06,0.4,-0.31,-0.84,-1.8,-0.47,-0.19,0.01,-0.02,-0.36,-0.77,-5.64
21614,Kyle Isbel,KCR,-1.12,-0.89,0.43,-0.94,-1.29,-1.23,-0.41,-0.7,-0.25,2.01,-0.79,0.79,-0.81,0.49,0.16,-1.27,-5.83
15191,Chad Pinder,OAK,-0.42,-0.12,-0.56,-0.59,-0.56,-0.8,-0.01,-0.31,-0.06,-0.53,-1.54,1.48,-0.16,-0.53,-0.33,-0.86,-5.88
21523,Jonathan India,CIN,-0.05,-0.34,-0.42,-0.41,-0.22,0.1,-0.47,-0.73,-0.32,-0.18,-0.39,-0.11,-0.86,-1.65,0.19,-0.25,-6.11
22168,Akil Baddoo,DET,-1.49,-1.22,0.43,-0.63,-1.37,-1.48,-1.66,-1.02,0.73,1.61,0.99,1.05,2.05,-1.69,-0.78,-1.64,-6.13
20391,Luis Garcia,WSN,-0.43,-0.67,-0.42,-0.56,-0.29,-0.2,-0.41,-0.06,-0.81,-0.53,-1.85,-0.0,-0.11,-0.62,0.92,-0.14,-6.19
19334,Yadiel Hernandez,WSN,-0.78,-0.45,-0.56,-0.5,0.02,0.13,-0.27,0.21,-1.69,-0.93,-0.85,0.03,0.3,0.07,-0.95,0.01,-6.21
13621,Jeimer Candelario,DET,0.2,-0.01,-0.85,-1.09,-0.79,-0.91,-0.1,0.14,-0.87,-0.59,-0.7,0.21,0.13,-0.67,0.19,-0.51,-6.22
3516,Eric Hosmer,- - -,-0.14,-0.56,-0.85,-0.38,0.13,0.08,-0.79,-0.5,-1.66,-1.69,0.19,-1.13,0.36,-0.11,0.74,0.04,-6.26
5760,Avisail Garcia,MIA,-0.41,-0.56,-0.28,-1.29,-1.33,-1.42,-1.16,-0.33,-0.38,-0.3,-1.31,1.01,0.13,0.03,2.09,-0.83,-6.35
26368,J.J. Bleday,MIA,-1.4,-0.89,-0.28,-0.66,-1.1,-1.21,-0.24,0.21,0.27,0.86,1.48,0.9,-1.39,-1.09,-0.99,-0.86,-6.38
19262,Garrett Hampson,COL,-1.49,-1.22,0.86,-0.89,-1.76,-1.18,-1.11,-0.85,0.53,2.71,0.33,0.87,0.42,-0.99,-1.3,-1.41,-6.48
18015,Paul DeJong,STL,-1.41,-0.78,-0.42,-1.07,-1.76,-1.89,-0.5,0.51,-0.22,-0.47,0.19,1.74,1.47,-0.48,-0.16,-1.24,-6.5
10556,Cesar Hernandez,WSN,1.25,-1.33,0.57,-1.27,-0.83,-0.74,-1.6,-1.32,-0.25,0.68,-0.36,-0.62,1.47,-1.78,0.02,-0.57,-6.69
19635,Sheldon Neuse,OAK,-1.02,-1.0,0.0,-0.84,-1.29,-1.56,-1.48,-1.14,0.43,0.91,-0.39,0.87,2.05,0.21,-0.85,-1.61,-6.7
19198,Yuli Gurriel,HOU,1.02,-0.56,0.29,-0.93,-0.6,-0.69,-0.62,-1.44,-0.25,-0.01,-0.99,-1.56,1.12,-0.2,-0.4,-1.12,-6.95
19906,Diego Castillo,PIT,-1.09,-0.23,-0.71,-0.81,-1.06,-1.04,0.37,0.53,-0.12,-0.88,-1.16,0.65,-0.75,0.21,-0.4,-0.51,-7.0
11342,Jesus Aguilar,- - -,0.48,0.32,-0.71,-0.91,-0.56,-0.61,-0.21,-0.26,-0.91,-1.34,-0.96,0.18,0.07,-0.39,-0.92,-0.34,-7.06
18030,Harrison Bader,- - -,-0.88,-0.89,1.57,-0.22,-0.56,-0.66,-0.9,-1.07,1.38,2.07,-1.19,-0.4,-1.45,-2.43,-0.4,-1.15,-7.19
15082,Adam Engel,CHW,-1.25,-1.22,0.86,-0.77,-1.45,-1.48,-1.25,-1.47,0.7,1.72,-1.34,1.19,0.59,-0.34,0.16,-1.85,-7.19
17321,Michael Chavis,PIT,-0.09,0.1,-0.71,-0.84,-0.79,-0.77,0.08,-0.06,0.11,-0.3,-1.34,1.16,-1.04,-1.51,0.19,-1.41,-7.22
15482,Aristides Aquino,CIN,-1.14,-0.34,-0.56,-0.89,-1.45,-1.18,0.19,0.11,0.53,-0.99,-0.73,2.28,-0.75,-1.41,0.99,-1.93,-7.27
15487,Victor Reyes,DET,-0.72,-1.11,-0.56,-0.59,-0.6,-0.71,-0.82,-0.68,-0.09,-0.07,-1.45,0.14,0.77,-0.34,0.05,-0.51,-7.3
14691,Harold Castro,DET,0.03,-0.67,-0.85,-0.5,-0.25,-0.36,-0.79,-0.4,-0.51,-0.93,-1.48,-0.69,1.82,-0.76,-1.19,0.18,-7.38
5254,Robbie Grossman,- - -,0.27,-0.67,0.0,-0.85,-0.72,-0.74,-0.96,-1.05,-0.06,-0.24,1.31,0.79,-1.1,-0.9,-1.71,-0.83,-7.45
23792,Alek Thomas,ARI,-0.19,-0.56,-0.28,-0.99,-1.14,-1.04,-0.79,-0.97,0.6,-0.07,-1.02,-0.69,1.0,-0.58,0.19,-0.95,-7.48
23733,Ezequiel Duran,TEX,-1.53,-0.89,-0.28,-0.5,-0.72,-0.77,-0.38,-0.8,-0.06,0.8,-0.88,0.4,1.06,-1.27,-0.19,-1.56,-7.57
4892,Mike Moustakas,CIN,-1.07,-0.67,-0.56,-0.76,-0.95,-0.66,-0.47,-0.4,-0.15,-0.3,0.04,0.61,-0.92,-0.48,0.33,-1.15,-7.58
5517,Kyle Higashioka,NYY,-1.33,-0.34,-0.85,-0.5,-0.68,-0.77,0.22,0.51,-0.02,-1.11,-1.11,-0.19,-2.2,1.05,-0.57,0.21,-7.68
10762,Corey Dickerson,STL,-0.99,-0.78,-0.85,-0.25,-0.1,-0.2,-0.44,-0.97,-0.12,-1.05,-1.48,-1.02,1.06,-0.44,0.47,-0.51,-7.68
10071,Jonathan Villar,- - -,-1.53,-1.11,0.15,-0.75,-1.64,-1.64,-1.14,-1.24,0.73,2.01,-0.47,0.72,0.01,0.45,-0.43,-1.82,-7.72
22169,Calvin Mitchell,PIT,-1.44,-0.89,-0.42,-0.49,-0.83,-0.8,-0.62,-0.7,0.37,-0.41,-0.19,-0.0,-0.4,0.58,-1.19,-0.51,-7.95
24655,Owen Miller,CLE,0.24,-0.78,-0.56,-0.64,-0.6,-0.63,-0.79,-1.05,0.34,-0.13,-0.42,-0.37,-0.16,-1.32,-0.57,-0.54,-7.99
16725,Jose Trevino,NYY,-0.6,-0.23,-0.56,-0.51,-0.37,-0.47,-0.18,-0.65,-0.38,-0.3,-1.34,-0.73,-0.16,-0.34,-0.47,-0.83,-8.13
14813,Kyle Farmer,CIN,1.01,0.1,-0.28,-0.89,-0.33,-0.03,-0.44,-0.82,-1.5,-0.47,-0.91,-0.88,0.01,-1.46,-1.44,0.04,-8.28
18821,Jose Azocar,SDP,-1.56,-1.44,-0.14,-0.61,-0.75,-0.88,-1.51,-1.29,-0.51,1.2,-0.96,-0.33,2.63,-0.16,-0.88,-1.09,-8.29
19997,Santiago Espinal,TOR,0.37,-0.67,0.0,-0.3,-0.06,-0.14,-0.9,-1.07,-0.48,-0.65,-0.22,-1.35,-0.28,-1.18,-1.12,-0.34,-8.39
10472,Enrique Hernandez,BOS,-0.25,-0.78,-0.85,-1.0,-0.99,-0.82,-0.64,-0.48,-0.22,-0.82,0.19,-0.73,-0.81,-0.39,0.54,-0.4,-8.46
13853,Joey Wendle,MIA,-0.47,-1.11,0.86,-0.56,-0.52,-0.58,-1.02,-1.49,0.01,0.39,-1.48,-1.42,1.53,-0.53,-1.09,-0.98,-8.47
18363,Victor Robles,WSN,-0.22,-0.78,1.28,-1.16,-1.41,-1.37,-1.28,-1.12,0.93,1.32,-1.42,0.5,0.36,-1.88,-0.36,-1.9,-8.52
20233,Gilberto Celestino,MIN,-0.64,-1.22,-0.28,-0.98,-0.72,-0.82,-1.66,-1.29,-1.5,-0.01,0.48,0.03,2.87,-0.62,-1.09,-1.15,-8.61
18433,P.J. Higgins,CHC,-1.47,-0.78,-0.85,-0.31,-0.14,-0.12,-0.01,-1.07,-0.38,-0.93,0.45,0.47,1.29,-1.23,-2.23,-1.32,-8.63
14894,Tony Kemp,OAK,0.84,-0.67,0.71,-0.27,-0.37,-0.63,-0.99,-1.51,1.35,0.74,0.04,-1.56,-0.51,-1.97,-2.61,-1.24,-8.66
6887,Martin Maldonado,HOU,-0.42,0.21,-0.85,-1.32,-1.18,-1.26,0.31,0.09,-1.27,-1.22,-0.76,1.41,-0.11,-0.11,-0.54,-1.64,-8.66
19610,Keibert Ruiz,WSN,-0.04,-0.67,0.0,-0.53,-0.41,-0.31,-0.88,-1.0,-0.06,-0.47,-0.47,-1.75,-1.85,-0.3,-0.47,0.53,-8.66
15937,Aledmys Diaz,HOU,-0.78,-0.12,-0.71,-0.53,-0.18,-0.25,0.22,-0.36,-1.23,-0.99,-0.88,-0.95,-1.39,-0.95,0.43,-0.05,-8.7
10059,Max Stassi,LAA,-0.44,-0.45,-0.85,-1.43,-1.45,-1.42,-0.53,0.41,-0.87,-1.11,0.79,1.27,-0.22,-0.02,-1.12,-1.27,-8.72
8623,Donovan Solano,CIN,-0.94,-1.0,-0.85,-0.35,-0.1,0.24,-1.02,-0.45,-0.65,-1.8,-0.7,-0.37,0.36,-0.16,-1.19,0.15,-8.83
16556,Ozzie Albies,ATL,-1.19,-0.56,-0.42,-0.22,-0.29,-0.14,0.11,-0.58,0.5,-0.3,-0.82,-0.8,-1.62,-0.72,-1.44,-0.37,-8.85
17684,Vimael Machin,OAK,-1.3,-1.33,-0.71,-0.71,-0.91,-1.15,-1.6,-0.95,-0.38,-0.82,0.71,-0.55,1.53,0.31,-0.78,-0.25,-8.89
8202,Josh Harrison,CHW,-0.09,-0.67,-0.56,-0.36,-0.1,-0.14,-0.7,-0.97,-0.51,0.11,-1.08,-0.88,0.01,-0.58,-1.64,-0.74,-8.92
13620,Carson Kelly,ARI,-0.59,-0.67,-0.56,-0.96,-1.06,-0.96,-0.62,-0.63,-0.12,-0.24,-0.04,-0.37,-0.63,-0.44,-0.47,-0.63,-8.99
15941,Austin Nola,SDP,-0.29,-1.0,-0.56,-0.58,-0.45,-0.55,-1.45,-1.32,-0.25,-0.76,0.07,-1.17,-0.34,0.35,-0.57,-0.14,-9.0
11680,Elias Diaz,COL,-0.4,-0.45,-0.85,-1.46,-1.29,-0.71,-0.3,-0.45,-1.27,-0.99,-0.59,-0.15,0.65,-0.11,0.36,-1.03,-9.06
17696,Kevin Newman,PIT,-0.91,-1.22,0.29,-0.12,-0.25,-0.2,-1.08,-1.51,0.99,0.91,-1.08,-1.09,-0.86,-1.41,-0.88,-0.72,-9.14
14735,Brett Phillips,- - -,-1.49,-0.89,0.15,-1.0,-2.41,-2.65,-0.88,-0.8,1.25,1.2,-0.3,3.23,-0.98,-0.07,-1.02,-2.6,-9.26
5497,Marwin Gonzalez,NYY,-1.62,-0.78,-0.42,-0.81,-1.37,-1.45,-0.27,-0.45,-0.35,0.22,-0.42,0.65,0.13,-0.3,-1.3,-0.8,-9.35
16451,Luis Guillorme,NYM,-0.72,-1.22,-0.71,-0.43,0.21,0.02,-1.66,-1.32,-1.99,-0.53,0.62,-1.38,1.12,-1.13,-0.16,-0.22,-9.5
11368,Yasmani Grandal,CHW,-0.44,-0.89,-0.71,-1.54,-1.26,-1.29,-1.6,-0.73,-2.02,-1.63,1.45,-0.15,1.41,0.63,-0.19,-0.57,-9.51
15223,Adam Frazier,SEA,1.15,-1.11,0.71,-1.08,-0.75,-0.99,-1.51,-1.54,-0.06,0.63,-0.1,-1.6,0.59,-1.65,-1.95,-0.37,-9.63
22799,Geraldo Perdomo,ARI,0.43,-0.89,0.43,-1.47,-1.6,-1.56,-1.66,-1.42,1.78,0.97,0.59,-0.29,-0.16,-1.69,-2.09,-1.18,-9.82
19339,Nicky Lopez,KCR,0.29,-1.44,1.0,-1.44,-1.68,-1.61,-2.0,-1.51,1.71,1.43,-0.68,-1.46,1.76,-1.74,-1.4,-1.06,-9.83
9774,Christian Vazquez,- - -,-0.09,-0.45,-0.71,-0.88,-0.06,0.05,-0.47,-0.65,-3.23,-1.17,-0.99,-0.95,0.71,-0.34,-0.43,-0.25,-9.91
1744,Miguel Cabrera,DET,-0.04,-0.89,-0.71,-1.27,-0.83,-0.96,-1.68,-0.75,-1.76,-1.45,-0.53,0.21,0.77,0.58,0.09,-1.01,-10.23
19293,Nick Senzel,CIN,-0.13,-0.89,0.29,-1.39,-1.33,-1.04,-1.51,-1.12,-0.29,-0.07,-0.42,-0.69,-0.28,-0.67,-0.43,-0.31,-10.28
15794,Yonathan Daza,COL,-0.21,-1.22,-0.85,-0.39,-0.29,0.35,-1.34,-1.44,-0.02,-0.24,-0.68,-1.31,0.71,-1.78,-1.64,-0.05,-10.41
11265,Jonathan Schoop,DET,0.5,-0.23,-0.14,-1.88,-1.64,-1.78,-0.56,-0.73,-0.06,0.34,-1.51,-0.19,-1.04,-0.76,0.29,-1.21,-10.57
15674,Reese McGuire,- - -,-1.15,-1.11,-0.71,-0.52,-0.41,-0.36,-0.96,-1.29,-0.61,-0.36,-1.28,-0.26,0.71,-0.76,-0.4,-1.24,-10.71
7802,Miguel Rojas,MIA,0.48,-0.78,0.43,-1.55,-1.06,-1.15,-1.28,-1.44,-1.3,0.05,-1.11,-1.67,1.64,-1.18,-0.57,-0.48,-10.99
19844,Abraham Toro,SEA,-0.6,-0.34,-0.56,-1.3,-1.49,-1.75,-0.21,-0.23,-0.35,0.16,-0.59,-0.58,-1.27,-0.76,-0.88,-0.74,-11.52
19514,Andrew Knizner,STL,-1.02,-1.0,-0.85,-0.8,-0.83,-0.96,-1.31,-1.05,-0.58,-1.22,0.19,-0.19,0.36,-1.23,-0.19,-0.86,-11.53
25768,CJ Abrams,- - -,-0.95,-1.22,0.15,-0.76,-1.14,-1.18,-1.45,-1.39,0.57,1.15,-2.29,-0.95,0.36,-0.99,-0.4,-1.27,-11.78
26396,Josh Smith,TEX,-1.3,-1.22,-0.28,-0.79,-1.26,-1.31,-1.89,-1.32,0.11,-0.41,1.14,-0.37,0.07,-0.76,-1.85,-0.4,-11.84
15351,Frank Schwindel,CHC,-1.02,-0.56,-0.85,-0.87,-0.87,-0.88,-0.5,-0.75,-0.81,-1.74,-0.62,-0.4,-0.4,-0.25,-0.5,-0.92,-11.94
12155,Eddie Rosario,ATL,-1.18,-0.89,-0.42,-0.92,-1.49,-1.42,-0.73,-0.58,0.43,0.45,-0.7,0.43,-1.74,-0.44,-1.19,-1.73,-12.12
16417,Sergio Alcantara,- - -,-1.5,-0.78,-0.71,-0.71,-1.18,-1.12,-0.36,-1.44,-0.02,-0.01,-1.02,0.5,1.23,-0.95,-2.3,-1.9,-12.27
13324,Ildemaro Vargas,- - -,-1.51,-1.0,-0.42,-0.27,-0.33,-0.22,-0.5,-1.39,0.17,0.05,-1.62,-1.93,-0.51,-0.76,-0.54,-1.59,-12.39
13836,Matt Duffy,LAA,-1.34,-1.22,-0.85,-0.71,-0.87,-0.85,-1.71,-1.22,-0.58,-1.86,-0.39,-0.29,2.52,-0.72,-1.71,-0.86,-12.67
13723,Jacob Stallings,MIA,-0.38,-1.0,-0.85,-1.44,-1.14,-1.23,-1.6,-1.07,-1.73,-1.63,-0.27,-0.11,1.82,-0.9,-0.43,-1.03,-13.0
13355,Luke Maile,CLE,-1.63,-1.11,-0.85,-0.54,-0.75,-0.8,-0.88,-0.58,-0.35,-1.45,0.48,0.69,-0.57,-1.92,-1.47,-1.35,-13.1
12984,Jackie Bradley Jr.,- - -,-0.48,-1.0,-0.56,-1.49,-1.72,-1.59,-0.82,-0.73,-0.22,-0.65,-0.53,-0.19,-0.46,-0.48,-1.09,-1.21,-13.2
13338,Omar Narvaez,MIL,-1.0,-1.0,-0.85,-0.88,-1.14,-1.12,-1.05,-1.32,-0.09,-1.28,0.5,-0.51,0.59,-1.83,-1.5,-1.21,-13.69
12179,Maikel Franco,WSN,-0.35,-0.45,-0.71,-1.55,-1.41,-1.34,-0.79,-0.75,-1.17,-1.05,-1.8,-0.51,-0.75,-0.76,0.47,-1.09,-14.01
16403,Francisco Mejia,TBR,-0.98,-0.78,-0.85,-0.68,-0.6,-0.85,-0.21,-1.24,-0.78,-1.17,-2.03,-0.04,-0.92,-0.86,-0.78,-1.38,-14.14
14109,Albert Almora Jr.,CIN,-1.42,-0.89,-0.42,-0.93,-1.14,-0.85,-0.56,-1.47,-0.97,0.34,-0.36,-0.44,-1.27,-2.16,-0.74,-1.15,-14.44
22277,Nick Allen,OAK,-0.79,-1.0,-0.42,-1.13,-1.53,-1.78,-1.28,-1.61,0.17,-0.36,-0.76,-0.4,2.75,-2.2,-2.13,-2.08,-14.55
13755,Tomas Nido,NYM,-0.88,-1.11,-0.85,-1.3,-1.02,-1.23,-1.31,-0.36,-2.28,-1.22,-1.31,0.29,0.88,-1.04,-1.16,-0.66,-14.56
9627,Yan Gomes,CHC,-1.02,-0.56,-0.56,-0.95,-1.06,-1.07,-0.47,-1.07,-0.65,-0.65,-1.91,-1.02,-0.81,-1.55,-1.12,-0.66,-15.13
10231,Jose Iglesias,COL,0.2,-1.11,-0.56,-0.95,-0.6,0.05,-1.25,-1.79,-1.07,-0.93,-1.6,-1.67,-0.51,-2.25,-0.29,-0.83,-15.18
6012,Didi Gregorius,PHI,-1.44,-1.33,-0.71,-0.82,-1.64,-1.61,-1.16,-1.22,0.7,0.74,-0.93,-1.09,-0.28,-1.92,-1.47,-1.01,-15.21
5913,Leury Garcia,CHW,-0.86,-1.11,-0.56,-1.53,-2.37,-2.43,-1.8,-0.87,0.73,0.28,-2.06,-0.22,0.36,-0.76,-0.54,-1.5,-15.25
3142,Robinson Chirinos,BAL,-1.53,-1.0,-0.71,-0.93,-1.53,-1.61,-0.82,-0.21,-0.38,-1.28,0.25,1.37,-2.38,-1.78,-1.09,-1.88,-15.5
20521,Nick Madrigal,CHC,-1.47,-1.44,-0.42,-0.74,-1.18,-1.18,-2.26,-1.91,-0.12,-0.36,-0.76,-1.71,1.12,-1.27,-1.47,-0.77,-15.96
19948,Cristian Pache,OAK,-1.25,-1.11,-0.56,-1.62,-2.53,-2.81,-1.45,-1.07,-0.55,0.16,-0.79,0.79,-1.62,0.35,-0.74,-1.47,-16.27
19422,Brian Serven,COL,-1.63,-0.78,-0.85,-1.03,-1.87,-1.29,-0.5,-1.24,-0.29,-0.88,-0.68,-0.15,-0.63,-1.92,-1.71,-1.61,-17.06
16530,Mauricio Dubon,- - -,-1.21,-0.89,-0.56,-1.09,-1.6,-1.7,-1.02,-1.34,-0.25,-0.3,-1.11,-1.75,-0.51,-1.83,-1.09,-1.09,-17.35
10200,Tucker Barnhart,DET,-0.91,-1.33,-0.85,-1.19,-1.45,-1.56,-2.0,-1.44,-0.55,-1.86,0.07,0.32,0.94,-1.92,-1.92,-1.9,-17.55
12976,Austin Hedges,CLE,-0.7,-0.67,-0.56,-1.97,-2.26,-2.32,-1.25,-1.14,-1.17,-0.53,-0.19,0.18,-0.81,-2.06,-1.26,-2.02,-18.74
17992,David Fletcher,LAA,-1.47,-1.22,-0.71,-0.72,-0.99,-0.96,-1.37,-1.91,-0.48,-0.24,-1.74,-2.44,1.99,-3.04,-4.06,-0.43,-19.78
7007,Yadier Molina,STL,-1.18,-0.89,-0.56,-1.54,-1.91,-2.05,-1.25,-1.14,-1.43,-0.53,-2.23,-1.2,-0.16,-1.83,-1.02,-1.61,-20.55
