playerid,Name,Team,IP,SV,xFIP-,SwStr%,F-Strike%,Barrel%,HardHit%,CSW%,K%+,BB%+,xERA,EV,EstimatedQS,Total Z-Score
14710,Edwin Diaz,NYM,-0.26,7.56,-5.7,7.59,3.41,1.95,-0.01,7.68,23.15,-1.86,-2.29,-1.8,-3.25,36.17
18525,Dylan Cease,CHW,2.3,-0.56,-0.93,2.09,-0.93,0.72,-1.33,1.2,6.85,3.64,-1.3,-1.03,18.63,29.35
16137,Carlos Rodon,SFG,2.18,-0.56,-2.16,1.58,0.18,0.55,0.29,1.58,8.96,-2.43,-1.36,0.26,12.94,22.0
15816,Devin Williams,MIL,-0.3,3.25,-3.16,4.01,-1.03,3.83,-2.14,3.33,14.52,6.67,-1.95,-2.51,-3.25,21.28
19755,Shohei Ohtani,LAA,1.93,-0.56,-2.62,2.03,-0.12,0.67,-0.95,2.11,9.15,-3.16,-1.32,-0.86,14.83,21.12
17586,Tanner Scott,MIA,-0.25,4.51,-0.93,2.37,-2.11,1.19,-1.01,1.95,7.04,12.6,0.14,-1.45,-3.25,20.81
20151,James Karinchak,CLE,-0.74,0.2,-1.78,0.67,-2.0,1.25,0.5,2.74,13.94,8.55,-1.09,1.44,-3.25,20.45
8241,David Robertson,- - -,-0.23,4.51,-0.62,1.52,1.66,-0.1,-0.05,2.85,6.65,7.98,-0.96,0.03,-3.25,19.99
5003,Jake Diekman,- - -,-0.36,-0.3,0.69,1.01,0.25,0.2,0.22,1.47,5.89,13.04,0.21,0.74,-3.25,19.79
13543,Blake Snell,SDP,1.13,-0.56,-1.54,1.92,1.26,0.02,0.14,0.73,7.61,1.47,-0.82,0.91,7.45,19.71
10233,Aroldis Chapman,NYY,-0.8,1.72,1.54,0.78,-2.0,0.37,-0.78,1.74,3.78,16.36,0.42,-0.62,-3.25,19.25
13125,Gerrit Cole,NYY,2.64,-0.56,-2.39,1.69,0.11,-1.21,0.33,2.27,8.57,-3.73,-0.71,0.5,10.91,18.43
19493,Zach Jackson,OAK,-0.55,0.2,0.3,0.95,-2.85,-1.5,0.16,0.99,9.15,14.34,-0.43,0.5,-3.25,18.01
19361,Corbin Burnes,MIL,2.68,-0.56,-2.24,2.14,-1.0,1.02,-0.78,2.37,6.46,-4.02,-0.96,-0.8,13.64,17.97
3548,Liam Hendriks,CHW,-0.36,8.83,-2.7,3.9,0.82,-0.97,0.24,2.74,11.83,-2.87,-1.41,1.15,-3.25,17.95
21483,Shane McClanahan,TBR,1.93,-0.56,-2.78,2.37,0.59,0.61,-1.08,2.74,6.65,-4.46,-1.21,-0.56,13.3,17.54
25756,Matt Brash,SEA,-0.51,-0.56,-0.54,0.72,-0.05,1.54,0.04,2.48,4.74,11.59,0.49,0.15,-2.72,17.37
7005,Ryan Pressly,HOU,-0.55,7.81,-3.55,3.62,1.29,0.96,-0.13,2.96,11.45,-2.29,-1.38,0.26,-3.25,17.2
26221,Ryan Pepiot,LAD,-0.8,-0.56,2.46,-0.24,0.52,-1.62,0.52,-0.07,2.82,14.34,0.27,0.26,-0.87,17.04
17606,Cristian Javier,HOU,1.55,-0.56,-0.93,1.41,-1.7,0.14,-0.93,0.36,9.15,0.89,-1.57,-0.09,9.14,16.86
27498,Spencer Strider,ATL,1.2,-0.56,-3.32,2.37,-0.26,0.78,-0.42,1.84,12.98,-0.26,-1.6,-0.33,4.36,16.8
16162,Brandon Woodruff,MIL,1.66,-0.56,-1.7,1.58,1.56,0.26,-0.26,1.79,6.46,-3.3,-0.86,0.09,10.04,16.75
16122,Jordan Romano,TOR,-0.22,8.57,-1.08,1.92,2.7,0.31,1.42,1.58,4.93,-0.55,-0.71,1.03,-3.25,16.65
18138,Ryan Helsley,STL,-0.21,4.26,-2.7,4.01,0.75,-0.8,0.2,2.69,13.94,-0.55,-1.95,0.15,-3.25,16.54
8700,Justin Verlander,HOU,2.12,-0.56,-1.47,0.16,0.35,0.67,-0.64,-0.6,4.54,-7.35,-1.34,-0.44,20.85,16.28
11486,Robbie Ray,SEA,2.41,-0.56,-0.77,1.23,1.06,-0.27,0.18,-0.6,4.16,-0.7,-0.43,0.68,9.72,16.1
22182,Hunter Greene,CIN,1.07,-0.56,-0.77,1.8,1.16,-1.15,0.37,0.83,6.85,0.6,-0.03,0.68,4.85,15.7
21170,Dany Jimenez,OAK,-0.84,2.23,1.0,1.58,1.06,1.84,0.92,3.54,0.9,7.25,-1.19,0.5,-3.25,15.52
17295,Framber Valdez,HOU,2.66,-0.56,-1.93,-0.01,-0.56,0.96,0.62,0.62,0.9,-0.55,-0.71,0.74,13.3,15.48
17186,Dinelson Lamet,- - -,-0.89,-0.56,-0.24,2.94,-0.19,-1.44,1.19,2.53,6.27,7.11,0.52,1.15,-3.25,15.14
26410,Alek Manoah,TOR,2.56,-0.56,-0.0,-0.07,0.25,1.19,-1.28,-0.07,0.33,-3.45,-0.71,-0.62,17.51,15.09
5097,Anthony Gose,CLE,-1.12,-0.56,0.69,2.03,-0.02,-8.77,2.07,1.31,6.85,12.31,0.99,2.56,-3.25,15.09
17874,Nestor Cortes,NYY,1.76,-0.56,-0.7,-0.13,2.13,1.25,-0.7,0.36,3.39,-4.02,-1.3,-0.38,13.97,15.07
15947,Ryne Stanek,HOU,-0.42,-0.3,-0.08,2.37,-0.39,2.13,0.58,0.62,4.54,9.71,-0.82,0.21,-3.25,14.89
21132,Alexis Diaz,CIN,-0.23,1.98,-0.16,2.94,-0.19,-0.04,-1.03,1.58,8.19,7.4,-1.24,-1.09,-3.25,14.85
18684,Sandy Alcantara,MIA,3.23,-0.56,-1.39,0.5,0.48,1.31,0.06,-0.07,0.33,-5.33,-1.09,-0.44,17.81,14.84
19427,Shane Bieber,CLE,2.64,-0.56,-2.01,1.41,1.69,0.14,0.9,2.0,2.24,-6.92,-0.51,0.79,12.95,14.78
14212,Josh Hader,- - -,-0.51,8.57,-2.08,2.65,-2.85,-2.38,-0.36,2.27,12.03,1.61,-0.51,-0.5,-3.25,14.69
15423,Andrew Heaney,LAD,-0.04,-0.56,-2.31,3.11,2.27,-2.09,1.82,2.59,10.68,-4.46,-0.63,1.56,2.69,14.63
18335,Josh Staumont,KCR,-0.78,0.2,2.0,-0.35,-2.34,0.96,1.06,-0.92,1.67,14.48,0.92,0.97,-3.25,14.61
14765,Julio Urias,LAD,2.12,-0.56,-0.47,-0.13,1.9,0.43,-1.52,0.3,1.09,-4.75,-1.19,-1.09,18.35,14.48
19959,Jesus Luzardo,MIA,0.54,-0.56,-1.78,1.41,1.46,0.49,0.18,1.79,6.08,0.17,-0.63,0.26,4.89,14.31
19447,Patrick Sandoval,LAA,1.55,-0.56,-0.62,1.12,-1.0,1.02,-0.82,0.83,1.09,1.76,-0.12,-0.74,10.69,14.22
19677,Gregory Soto,DET,-0.3,7.05,1.23,-0.07,-1.43,0.72,0.96,-0.87,0.33,8.12,0.05,1.68,-3.25,14.22
4676,Charlie Morton,ATL,2.05,-0.56,-0.85,0.5,-0.76,-1.21,0.75,1.58,4.54,-0.12,0.08,0.44,7.49,13.93
19291,Zac Gallen,ARI,2.3,-0.56,-1.39,-0.69,1.22,-0.21,-0.4,0.09,3.39,-3.73,-0.84,-0.44,15.09,13.83
20633,Yusei Kikuchi,TOR,0.54,-0.3,0.15,1.12,-1.23,-4.31,1.71,-0.02,4.16,7.83,1.56,1.8,0.56,13.57
3096,Kenley Jansen,ATL,-0.22,9.84,-1.08,0.04,2.54,0.08,-1.08,1.2,8.38,-0.41,-1.65,-0.86,-3.25,13.53
19388,Tony Gonsolin,LAD,1.17,-0.56,-0.62,0.55,0.79,1.08,-0.72,0.57,0.9,-2.87,-0.89,0.26,13.59,13.26
10954,Jacob deGrom,NYM,-0.21,-0.56,-4.78,5.55,3.01,-1.09,-1.22,4.13,16.82,-9.37,-1.75,0.44,2.11,13.06
18323,Josh Sborz,TEX,-1.1,-0.56,-1.47,1.86,-0.32,-1.8,1.76,1.95,8.19,4.65,0.92,2.09,-3.19,12.99
19665,Kyle Wright,ATL,2.22,-0.56,-1.39,0.33,1.22,0.37,0.54,1.1,0.52,-2.58,-0.14,0.26,10.87,12.77
13449,Taylor Rogers,- - -,-0.21,7.3,-1.47,0.61,2.43,-0.8,0.46,3.81,6.65,-3.01,0.08,0.03,-3.25,12.63
6902,Martin Perez,TEX,2.56,-0.56,-0.39,-1.66,0.55,1.84,-0.7,-0.23,-1.59,0.02,-0.43,-0.21,13.41,12.61
20373,Andres Munoz,SEA,-0.19,0.46,-3.85,5.83,2.4,1.25,-0.4,4.23,13.94,-4.31,-2.14,-1.39,-3.25,12.57
15454,Nick Pivetta,BOS,2.2,-0.56,0.53,-0.75,-0.36,-0.92,1.38,-0.49,0.13,1.9,0.6,1.27,7.62,12.57
26378,Nick Lodolo,CIN,0.61,-0.56,-1.01,0.55,2.13,-0.97,0.06,1.15,5.7,0.31,-0.06,0.09,4.55,12.55
17780,Jose Alvarado,PHI,-0.49,-0.05,-3.55,3.16,-0.09,0.55,-0.93,2.48,12.6,4.36,-1.47,-0.8,-3.25,12.53
6399,Jose Cisnero,DET,-1.03,-0.56,2.23,0.33,-2.58,4.36,-2.06,-0.12,-0.44,17.37,-0.12,-1.68,-3.25,12.44
3137,Max Scherzer,NYM,1.49,-0.56,-1.54,1.97,1.83,-0.56,-0.82,1.68,6.46,-7.78,-1.14,-0.44,11.83,12.42
6655,Craig Kimbrel,LAD,-0.3,5.02,-0.0,0.5,0.72,-0.92,1.1,0.94,3.97,3.64,-0.51,1.27,-3.25,12.16
22250,Logan Gilbert,SEA,2.33,-0.56,-0.39,-0.3,0.92,0.2,1.42,-1.34,0.13,-3.59,0.08,1.44,11.77,12.11
17282,Michael Kopech,CHW,0.94,-0.56,1.69,-0.81,-1.43,-0.8,0.6,-0.23,-1.02,5.66,-0.09,0.79,7.34,12.1
18000,Triston McKenzie,CLE,2.45,-0.56,-0.47,0.95,0.52,-1.39,0.43,-0.02,2.63,-4.46,-0.48,0.97,11.48,12.06
14107,Kevin Gausman,TOR,2.1,-0.56,-2.47,2.37,2.37,-0.39,0.06,1.15,4.93,-8.22,-0.68,0.26,10.64,11.58
15474,Lucas Giolito,CHW,1.83,-0.56,-0.62,0.5,0.11,-0.04,0.16,0.78,2.44,0.6,0.19,0.15,5.94,11.48
16929,Touki Toussaint,LAA,-1.03,-0.56,1.54,0.04,-5.23,2.36,-0.17,-0.76,1.28,16.51,-0.01,0.5,-3.0,11.47
16609,Bryan Abreu,HOU,-0.3,-0.05,-2.55,3.56,-1.5,2.13,-1.12,1.52,11.26,3.78,-1.05,-1.15,-3.25,11.29
16149,Aaron Nola,PHI,2.74,-0.56,-2.39,0.72,3.07,0.2,-1.26,2.53,5.31,-8.94,-1.26,-0.5,11.57,11.25
15689,Luis Castillo,- - -,1.59,-0.56,-1.54,0.72,0.01,0.37,-0.19,0.41,3.78,-2.29,-0.71,0.26,9.3,11.17
19883,Alex Lange,DET,-0.23,-0.56,-1.47,4.41,-2.14,1.31,-0.55,3.59,6.65,5.52,-0.72,-1.45,-3.25,11.12
2036,Clayton Kershaw,LAD,1.09,-0.56,-2.31,1.46,2.57,1.9,-0.95,1.79,4.16,-7.06,-1.49,-0.86,11.25,10.99
21290,Lucas Gilbreath,COL,-0.66,-0.56,0.07,0.21,-0.52,2.72,0.48,0.25,2.82,9.13,0.14,-0.03,-3.25,10.8
14375,Amir Garrett,KCR,-0.61,-0.56,1.54,-0.52,-0.76,0.61,-1.56,0.04,2.24,14.19,-0.4,-0.15,-3.25,10.79
7115,Daniel Bard,COL,-0.3,8.06,-1.39,-0.01,-0.59,1.6,-0.07,1.58,4.54,2.63,-1.51,-0.5,-3.25,10.79
17995,Logan Webb,SFG,2.47,-0.56,-1.39,-0.41,1.46,1.13,0.14,0.89,-1.78,-4.31,-0.43,0.21,13.33,10.74
9761,Joe Kelly,CHW,-0.78,-0.3,-1.62,0.89,-2.51,2.42,-1.2,2.69,7.42,9.28,-0.86,-1.56,-3.19,10.68
19569,David Bednar,PIT,-0.48,4.26,-2.31,2.26,-0.32,0.08,1.5,2.05,8.38,-1.86,-0.79,1.15,-3.25,10.65
21390,Joe Ryan,MIN,1.53,-0.56,0.69,0.04,1.16,-0.68,-0.53,-0.18,2.24,-1.13,-0.45,-0.21,8.19,10.12
19200,Jose Quijada,LAA,-0.72,0.2,0.3,2.03,0.18,-1.85,0.02,0.3,7.04,7.25,-1.14,-0.27,-3.25,10.11
19316,Eric Lauer,MIL,1.76,-0.56,0.07,-0.86,0.25,-0.27,-0.09,-0.12,0.71,0.46,-0.01,0.15,8.55,10.03
1890,Matt Moore,TEX,-0.01,0.71,-0.24,1.97,-0.59,1.78,-1.31,0.89,4.16,7.4,-1.17,-0.5,-3.25,9.83
14916,Jon Gray,TEX,1.11,-0.56,-1.01,0.16,2.17,0.78,-0.03,0.89,2.82,-1.71,-0.43,-0.33,5.86,9.71
14524,Jose Leclerc,TEX,-0.57,1.22,0.77,3.45,1.43,0.43,-1.08,1.15,4.16,3.93,-0.84,-1.15,-3.25,9.63
17578,JT Brubaker,PIT,1.46,-0.56,-0.31,0.27,0.99,-0.1,0.56,1.05,-0.06,-0.55,0.52,0.62,5.74,9.62
12970,Joe Musgrove,SDP,2.24,-0.56,-1.08,-0.18,1.19,0.84,-1.1,1.68,1.67,-5.33,-0.74,-1.27,12.14,9.5
23488,Ron Marinaccio,NYY,-0.64,-0.56,0.15,1.46,-0.79,1.25,-2.46,2.0,7.23,8.7,-1.3,-2.39,-3.25,9.4
14986,Giovanny Gallegos,STL,-0.32,2.99,-1.01,3.39,2.1,-0.92,-0.53,2.21,6.85,-1.86,-1.09,0.74,-3.25,9.31
16873,Eric Stout,- - -,-1.1,-0.3,2.77,-1.15,1.53,-0.97,-0.34,0.67,-0.25,10.14,0.33,1.21,-3.25,9.29
15890,Luis Severino,NYY,0.58,-0.56,-1.16,0.55,1.02,0.31,0.6,0.25,4.35,-1.86,-1.07,0.5,5.75,9.28
20666,Felix Bautista,BAL,-0.19,3.25,-2.39,2.14,-0.15,-0.62,-0.38,1.36,10.68,1.18,-1.34,-1.03,-3.25,9.25
14814,Buck Farmer,CIN,-0.57,-0.05,-0.31,0.78,0.79,1.43,0.1,0.46,3.59,6.82,-0.51,-0.21,-3.25,9.06
17677,Jeffrey Springs,TBR,1.28,-0.56,-1.39,1.23,1.06,0.9,-0.17,1.15,3.2,-5.04,-0.74,-0.62,8.54,8.84
14771,Emilio Pagan,MIN,-0.24,1.72,-1.47,1.52,0.99,-1.39,1.15,0.3,7.04,1.9,-0.12,0.62,-3.25,8.79
17312,Justin Steele,CHC,0.94,-0.56,-1.08,-0.69,-0.39,2.07,-0.93,-0.87,1.48,1.9,-0.43,-0.8,8.12,8.76
21690,Edward Cabrera,MIA,-0.06,-0.56,0.15,1.12,-1.67,-0.68,-0.93,1.58,2.44,4.65,0.02,-1.09,3.69,8.65
6107,Huascar Brazoban,MIA,-0.89,-0.56,-0.24,3.22,-1.9,1.37,-2.16,1.15,4.54,10.87,-0.4,-3.16,-3.25,8.6
19309,Trevor Richards,TOR,-0.22,-0.56,-0.0,2.03,-2.54,-2.09,0.22,0.67,5.7,7.25,0.58,0.5,-2.93,8.6
25007,Alex Vesia,LAD,-0.42,-0.3,-1.93,1.97,-0.19,0.49,-0.72,1.58,10.11,3.35,-1.21,-0.92,-3.25,8.55
6562,Alex Cobb,SFG,1.57,-0.56,-2.16,-0.52,1.19,2.19,0.5,0.94,0.9,-3.3,-0.86,0.44,8.02,8.35
13074,Yu Darvish,SDP,2.52,-0.56,-0.85,0.04,1.09,-0.92,-0.22,1.05,2.24,-6.77,-0.53,-0.03,11.29,8.35
11156,Merrill Kelly,ARI,2.64,-0.56,-0.31,-0.92,0.45,-0.51,-0.36,-0.49,-0.83,-1.86,-0.4,-0.03,11.47,8.3
23735,Luis Garcia,HOU,1.74,-0.56,-0.31,0.95,-0.93,-0.21,-0.36,0.57,1.67,-2.0,-0.43,-0.09,8.07,8.1
17085,Pablo Lopez,MIA,2.22,-0.56,-0.93,0.78,0.65,-0.92,-0.59,0.25,0.71,-2.58,-0.28,-0.38,9.59,7.98
6632,Carlos Carrasco,NYM,1.63,-0.56,-1.08,0.95,2.5,0.26,0.24,-0.28,0.52,-4.02,0.05,-0.03,7.75,7.91
12768,Sonny Gray,MIN,0.94,-0.56,-0.62,-1.2,-0.15,1.13,0.2,0.94,1.28,-1.86,-0.35,-0.27,8.42,7.9
22201,MacKenzie Gore,SDP,-0.09,-0.56,0.77,-0.52,0.08,-1.33,1.38,-0.65,0.33,5.66,1.15,1.33,0.32,7.86
8048,Will Smith,- - -,-0.32,0.71,0.23,2.03,1.8,0.9,0.62,1.63,1.86,1.61,-0.45,0.21,-3.25,7.56
27468,Reid Detmers,LAA,1.15,-0.56,0.46,-0.13,-0.29,-0.33,0.02,-0.34,0.13,0.17,0.02,0.44,6.74,7.49
15010,Corey Knebel,PHI,-0.63,2.49,1.54,-0.01,-1.6,1.02,0.16,-0.44,-1.59,10.0,-0.23,-0.03,-3.25,7.41
23550,Aaron Ashby,MIL,0.69,-0.3,-1.39,0.61,0.25,0.37,-0.78,2.59,3.01,2.05,-0.28,-0.86,1.41,7.37
20302,David Peterson,NYM,0.65,-0.56,-1.39,0.84,-2.95,-0.15,0.62,0.04,4.16,3.35,-0.09,0.68,1.98,7.17
21992,Camilo Doval,SFG,-0.15,6.29,-1.85,1.35,-2.51,1.66,-0.34,1.05,4.35,3.21,-1.11,-1.56,-3.25,7.13
16511,Jordan Montgomery,- - -,2.18,-0.56,-1.08,0.89,1.59,0.2,-0.15,0.51,-0.63,-6.34,-0.03,-0.03,10.56,7.12
19249,Seranthony Dominguez,PHI,-0.49,1.72,-1.47,1.58,-1.0,-0.39,1.4,-0.23,5.5,3.35,-0.66,0.97,-3.25,7.05
13763,Dominic Leone,SFG,-0.53,0.2,0.15,4.07,-0.05,0.72,0.56,0.51,0.52,3.64,-0.3,0.79,-3.25,7.03
24580,Josiah Gray,WSN,1.55,-0.56,1.0,0.04,-1.06,-1.91,-0.26,0.14,0.71,2.63,0.21,-0.68,5.11,6.92
15038,German Marquez,COL,2.25,-0.56,-0.0,-0.69,1.39,0.2,1.65,-1.03,-3.13,-0.99,0.45,1.15,6.14,6.83
14527,Jorge Lopez,- - -,-0.07,5.27,-0.62,-0.24,0.38,1.54,-0.99,1.1,1.48,3.64,-0.71,-0.74,-3.25,6.8
1246,Matt Bush,- - -,-0.32,0.2,-1.39,0.55,1.12,1.19,0.27,3.22,6.65,-2.0,-1.36,1.03,-2.48,6.7
10657,Andrew Bellatti,PHI,-0.42,-0.05,-1.24,2.77,-1.77,-3.08,-0.47,1.47,9.34,3.78,-0.38,-0.15,-3.14,6.66
10310,Zack Wheeler,PHI,1.65,-0.56,-1.85,0.04,2.1,-0.15,-0.7,0.04,3.39,-5.33,-0.91,-1.68,10.61,6.65
18251,Art Warren,CIN,-0.8,0.2,1.0,0.44,-0.73,-2.62,0.46,0.89,1.09,8.12,0.76,1.03,-3.25,6.6
16358,Tyler Mahle,- - -,0.96,-0.56,-0.0,-0.18,0.22,-0.04,0.02,0.41,1.86,-0.26,-0.53,0.09,4.58,6.57
13743,Max Fried,ATL,2.33,-0.56,-1.78,0.38,0.18,2.01,-1.2,-0.07,0.33,-7.49,-1.16,-1.39,14.96,6.55
12863,Matt Barnes,BOS,-0.74,1.47,1.92,-0.01,0.52,-0.62,1.29,0.57,-2.74,6.39,0.24,1.5,-3.25,6.52
17610,Tanner Rainey,WSN,-0.93,2.49,-0.08,2.71,-1.57,-1.56,0.92,0.41,4.35,2.48,-0.06,0.5,-3.25,6.41
21455,Kris Bubic,KCR,1.15,-0.56,1.07,-1.37,-0.63,-0.21,1.29,-1.45,-3.32,4.22,1.6,0.85,3.77,6.41
17998,Pete Fairbanks,TBR,-1.06,1.47,-5.7,3.22,1.53,3.07,-2.31,3.59,18.35,-8.94,-2.93,-0.74,-3.25,6.3
6345,Chris Archer,MIN,0.59,-0.56,1.15,-1.03,-1.4,-0.68,1.11,-1.08,-2.74,4.65,0.76,0.56,4.96,6.29
20422,Jovani Moran,MIN,-0.72,-0.3,-2.16,2.94,-1.63,1.19,-1.89,2.32,8.96,4.65,-1.71,-2.09,-3.25,6.29
22267,Tarik Skubal,DET,0.9,-0.56,-1.16,0.21,1.36,1.13,0.24,0.04,1.67,-3.01,-0.68,0.44,5.7,6.28
17464,Jonathan Hernandez,TEX,-0.93,0.46,-0.0,0.67,-2.27,1.6,2.26,-0.12,-1.59,8.27,0.05,1.03,-3.25,6.16
11861,Jason Adam,TBR,-0.23,1.47,-1.62,3.73,1.06,1.43,-2.08,4.02,7.81,-2.29,-1.9,-1.98,-3.25,6.16
11423,Jose Quintana,- - -,1.91,-0.56,-0.62,-0.41,0.15,1.13,-0.45,-1.24,-2.36,-3.16,-0.17,-1.21,13.12,6.14
22810,Roansy Contreras,PIT,0.44,-0.56,0.84,0.78,-0.05,-2.09,1.48,1.15,-1.59,1.47,0.39,0.91,2.91,6.08
21029,Jhoan Duran,MIN,-0.15,1.47,-3.7,3.84,0.85,1.72,-0.61,2.64,9.53,-4.31,-1.77,-0.21,-3.25,6.06
15873,Sean Manaea,SDP,1.76,-0.56,-0.16,0.38,0.96,-0.97,0.85,-0.12,0.33,-2.14,0.02,1.03,4.69,6.05
14552,Jose Ruiz,CHW,-0.3,-0.56,0.3,0.38,-1.6,-0.62,1.55,-0.49,2.63,7.25,0.27,0.32,-3.25,5.89
21537,Daniel Lynch,KCR,1.2,-0.56,0.61,-0.01,-0.76,-0.8,1.82,-1.5,-1.78,0.46,1.02,1.56,4.65,5.89
15256,Cole Sulser,MIA,-0.85,-0.05,-0.62,1.18,0.96,-0.56,0.75,0.51,2.24,3.64,0.92,0.97,-3.25,5.84
23460,Brandon Hughes,CHC,-0.36,1.47,-0.47,2.09,2.0,-2.15,-0.13,1.58,4.74,0.17,-0.17,0.15,-3.25,5.66
19178,Tommy Nance,MIA,-0.65,-0.56,-1.24,0.55,-0.93,1.78,-0.42,1.47,5.31,3.49,-0.09,-0.03,-3.06,5.64
25880,Hunter Brown,HOU,-1.14,-0.56,-2.39,-0.75,0.96,0.9,1.71,2.0,4.35,0.6,-1.05,2.74,-1.86,5.51
11487,Joely Rodriguez,NYM,-0.51,-0.56,-1.08,-0.01,1.29,2.13,-1.22,2.21,3.01,5.81,-0.4,-1.92,-3.25,5.5
10058,Tyler Matzek,ATL,-0.65,-0.3,3.0,0.04,-1.5,-0.15,0.06,-1.77,-2.74,12.31,0.21,0.21,-3.25,5.46
14120,Lance McCullers Jr.,HOU,-0.57,-0.56,-0.77,-0.13,-2.41,1.49,-1.24,0.73,2.63,5.23,-0.45,-0.5,2.01,5.45
19409,Dane Dunning,TEX,1.66,-0.56,0.07,-0.75,-0.46,-0.86,-0.03,0.09,-1.78,1.47,0.45,-0.38,6.52,5.43
25385,Drew Rasmussen,TBR,1.51,-0.56,-0.85,0.44,0.59,0.49,-0.05,-0.92,-1.02,-5.61,-0.56,0.21,11.61,5.27
13475,Daniel Norris,- - -,-0.34,-0.56,-0.0,1.06,-1.0,-1.97,0.33,1.74,3.01,5.23,0.45,0.32,-3.01,5.27
19853,Michael King,NYY,-0.49,-0.3,-3.08,1.75,0.96,0.37,-0.43,3.75,9.15,-0.7,-1.17,-1.39,-3.25,5.15
19951,Ian Anderson,ATL,0.78,-0.56,0.38,0.55,-1.4,0.72,0.45,-1.03,-2.74,3.93,0.33,0.38,3.35,5.14
18679,Freddy Peralta,MIL,0.08,-0.56,-0.7,0.5,-1.0,2.31,-1.31,1.05,3.59,-0.26,-1.3,-0.86,3.51,5.03
20061,Kaleb Ort,BOS,-0.97,-0.3,2.31,0.21,-0.19,-0.86,1.84,0.2,-1.98,4.94,1.29,1.8,-3.25,5.03
14843,Michael Lorenzen,LAA,0.48,-0.56,0.38,-0.07,0.52,0.37,-0.2,-1.13,-1.59,4.07,-0.12,-0.27,3.11,4.99
11836,Taijuan Walker,NYM,1.74,-0.56,-0.31,-0.75,0.59,0.08,0.33,-0.55,-2.17,-3.01,-0.09,0.44,9.24,4.98
13580,Steven Okert,MIA,-0.49,-0.56,0.23,0.95,-1.33,1.08,-1.64,1.58,4.74,5.37,-0.79,-1.03,-3.25,4.84
17897,Garrett Cleavinger,- - -,-1.08,-0.56,-2.55,0.95,-1.13,-0.15,0.43,4.13,10.49,-1.57,-0.72,-0.21,-3.25,4.78
21111,Miguel Yajure,PIT,-1.05,-0.3,3.23,-0.52,-0.15,0.2,1.92,-1.5,-8.11,8.27,3.76,2.21,-3.2,4.72
14993,Scott Barlow,KCR,-0.0,5.53,-1.08,1.75,0.01,0.31,-1.6,2.96,3.59,-1.42,-1.05,-1.27,-3.25,4.47
19705,Matt Swarmer,CHC,-0.85,-0.56,1.23,1.18,-3.59,-3.49,1.98,-0.07,0.52,7.69,1.56,1.27,-2.46,4.4
22276,Dylan Coleman,KCR,-0.13,-0.56,0.77,1.01,-2.24,0.31,-0.3,0.46,1.86,7.98,-0.25,-1.27,-3.25,4.39
15043,Lou Trivino,- - -,-0.44,2.23,-1.31,0.55,-1.67,0.2,1.71,-0.02,3.78,2.19,0.33,0.09,-3.25,4.38
21844,Braxton Garrett,MIA,0.29,-0.56,-1.01,0.27,1.69,0.14,0.08,1.74,1.09,-3.88,0.02,0.5,3.9,4.27
21032,Emmanuel Clase,CLE,-0.04,10.09,-3.55,3.05,1.22,3.07,-1.14,1.47,5.12,-8.51,-2.02,-1.33,-3.25,4.19
12304,Chris Bassitt,NYM,2.25,-0.56,-0.62,-0.75,-0.02,0.49,-1.03,0.83,-0.44,-3.73,-0.56,-1.68,9.92,4.1
19932,Trevor Stephan,CLE,-0.23,0.2,-2.31,2.77,1.16,2.54,-0.72,2.05,7.04,-3.01,-1.65,-0.62,-3.25,3.95
21366,Glenn Otto,TEX,1.28,-0.56,1.69,-0.92,-2.58,-0.86,-0.13,-1.13,-3.7,3.93,0.96,0.26,5.47,3.71
19884,Corbin Martin,ARI,-1.1,-0.56,1.23,-0.35,-0.52,-1.68,2.82,-1.45,-1.78,5.52,2.65,1.92,-3.0,3.68
16631,Jeff Brigham,MIA,-1.06,-0.3,-0.31,0.33,0.82,0.67,-0.93,1.05,4.16,2.05,-0.09,0.56,-3.25,3.68
17701,Jose Cuas,KCR,-0.78,-0.3,1.77,-0.47,-0.12,2.36,-0.7,0.73,-3.13,8.84,0.3,-1.62,-3.25,3.63
30115,Robert Suarez,SDP,-0.57,-0.3,-1.47,0.33,-0.09,-0.68,-0.74,-0.49,7.61,4.07,-0.74,-0.09,-3.25,3.58
18403,Enyel De Los Santos,CLE,-0.44,-0.3,-1.62,1.52,1.56,-1.27,1.34,0.67,5.12,-0.84,-0.12,1.21,-3.25,3.57
22286,Trevor Rogers,MIA,0.69,-0.56,0.15,-0.3,0.15,-0.04,-0.15,-0.87,-0.63,1.33,0.79,-0.09,3.08,3.55
24586,Kyle Bradish,BAL,0.9,-0.56,0.07,-0.75,-1.06,-0.21,0.46,-0.92,-0.63,1.18,0.45,0.79,3.79,3.52
18331,James Kaprielian,OAK,1.25,-0.56,2.15,-1.03,-0.96,-0.33,-0.43,-1.45,-4.85,3.21,0.6,-0.09,6.0,3.5
13431,Marcus Stroman,CHC,1.34,-0.56,-1.01,-1.2,1.96,0.49,0.48,0.2,-1.78,-4.17,-0.09,0.26,7.45,3.38
14168,Jose Berrios,TOR,2.05,-0.56,0.46,-1.15,1.69,-1.21,1.0,0.04,-2.36,-4.46,1.05,0.85,5.95,3.37
11632,Heath Hembree,- - -,-1.1,-0.56,4.08,-2.68,-1.63,-4.49,2.4,-0.71,-6.0,12.6,3.44,1.27,-3.25,3.36
17871,Ian Gibaut,- - -,-0.8,-0.3,-1.01,-0.47,-2.21,1.84,0.1,0.73,6.08,4.51,-0.74,-1.15,-3.25,3.31
25377,Brady Singer,KCR,1.66,-0.56,-1.39,-1.15,-0.29,-0.45,0.52,1.42,1.48,-5.04,-0.06,0.44,6.71,3.3
25388,Cody Morris,CLE,-1.07,-0.56,0.38,1.46,0.69,-2.85,-0.24,-1.29,0.52,6.53,0.89,-0.33,-0.88,3.25
13892,Paul Sewald,SEA,-0.22,4.51,-0.77,2.03,-0.09,-1.15,-0.87,1.9,6.27,-2.43,-1.36,-1.33,-3.25,3.23
5365,Manny Banuelos,- - -,-0.7,-0.3,-0.08,0.16,1.39,2.19,-0.28,-0.55,0.9,5.81,-0.32,-1.74,-3.25,3.21
17192,Jalen Beeks,TBR,-0.28,-0.05,-1.47,1.52,1.29,-0.51,-0.19,0.67,4.74,0.75,-0.32,-1.09,-1.97,3.09
14309,Frankie Montas,- - -,1.47,-0.56,-0.77,0.72,-0.09,-0.27,-0.84,-1.08,0.71,-2.43,-0.01,-0.56,6.76,3.05
14975,Chad Kuhl,COL,1.32,-0.56,1.38,-0.81,-0.46,-1.33,1.23,-0.92,-4.28,1.18,1.25,1.15,3.86,3.02
13649,Clay Holmes,NYY,-0.23,4.51,-2.16,0.72,-1.87,3.3,0.89,1.47,2.24,-1.28,-1.59,0.26,-3.25,3.02
12800,Noe Ramirez,ARI,-0.51,-0.56,0.77,0.33,0.15,-0.86,-0.36,0.94,0.71,5.95,0.14,-0.44,-3.25,3.0
12880,Tyler Anderson,LAD,2.18,-0.56,0.15,0.27,1.73,1.49,-1.85,0.25,-2.94,-6.77,-0.91,-2.09,12.04,2.98
17639,Justin Lawrence,COL,-0.67,-0.3,-0.85,-0.92,0.11,1.9,0.2,0.83,1.86,4.94,-0.48,-0.44,-3.25,2.91
20517,Nick Sandlin,CLE,-0.64,-0.56,0.46,0.27,-2.37,1.72,-0.13,0.09,0.33,8.84,-0.66,-1.21,-3.25,2.89
11804,Hector Neris,HOU,-0.19,0.2,-1.39,1.63,-0.56,0.37,1.25,1.84,6.46,-3.45,-0.72,0.68,-3.25,2.87
14875,Caleb Smith,ARI,-0.09,-0.56,2.15,0.89,0.55,0.49,-1.58,-0.39,-1.21,7.4,-0.17,-1.5,-3.16,2.83
7738,Wily Peralta,DET,-0.76,-0.56,1.61,-1.66,-1.3,1.72,0.1,-1.19,-2.94,10.58,0.11,0.15,-3.1,2.77
7836,Hunter Strickland,CIN,-0.26,1.22,1.77,-0.13,0.22,-1.39,-0.22,-0.76,-1.59,5.08,1.32,0.74,-3.25,2.74
21367,Peter Strzelecki,MIL,-0.82,-0.3,-0.47,0.61,0.42,-0.1,-0.03,1.58,3.39,2.48,-0.63,-0.27,-3.25,2.61
19804,Bryan Baker,BAL,-0.11,-0.3,-0.85,-0.41,0.89,1.54,0.62,0.2,3.2,0.89,-0.79,0.74,-3.03,2.58
22264,Shane Baz,TBR,-0.99,-0.56,-1.08,1.12,-0.66,-0.21,2.38,0.89,2.63,-1.28,0.19,1.5,-1.45,2.48
2233,Adam Wainwright,STL,2.46,-0.56,0.15,-2.62,0.55,0.55,-0.34,0.14,-4.28,-3.45,0.49,-0.44,9.7,2.35
22296,Joe Barlow,TEX,-0.82,2.74,1.77,0.95,0.69,-2.03,0.85,0.57,-2.94,0.89,1.22,1.68,-3.25,2.31
12760,Rafael Montero,HOU,-0.13,2.99,-1.54,0.04,0.32,2.66,-1.07,0.73,3.97,0.17,-1.3,-1.33,-3.25,2.25
17117,Austin Davis,- - -,-0.38,-0.56,1.3,-0.18,-1.53,0.02,-1.39,-0.23,1.48,7.4,0.55,-1.21,-3.04,2.22
17130,Raisel Iglesias,- - -,-0.26,3.75,-1.93,2.94,-0.12,-1.85,-0.84,2.64,7.81,-5.04,-0.91,-0.74,-3.25,2.2
21025,Oliver Ortega,LAA,-0.85,-0.3,-0.08,-0.13,-1.2,0.08,1.08,-1.82,-0.25,6.82,0.99,1.09,-3.25,2.17
19871,Tucker Davidson,- - -,-0.47,-0.56,3.54,-1.03,-2.51,1.31,0.25,-1.61,-7.73,10.43,0.79,0.62,-1.0,2.03
17722,Trevor Megill,MIN,-0.61,-0.56,-0.93,0.1,0.62,-0.62,1.9,-0.34,2.24,0.46,0.86,2.15,-3.25,2.02
17594,Mitch Keller,PIT,1.78,-0.56,-0.08,-1.49,-1.4,0.2,-0.17,-0.97,-2.36,0.02,0.19,-0.38,7.21,2.0
18413,Jose Urquidy,HOU,1.89,-0.56,0.69,-0.75,1.46,-1.15,0.5,-0.97,-2.36,-5.04,0.52,0.68,7.06,1.96
18655,A.J. Minter,ATL,-0.09,0.71,-2.55,2.48,1.73,-0.8,-0.8,1.79,9.92,-5.47,-1.6,-0.15,-3.25,1.92
16300,Jesus Tinoco,TEX,-1.14,-0.56,1.54,-0.41,-0.89,1.13,0.01,0.78,-1.02,6.24,-0.51,-0.44,-2.83,1.9
17277,Ranger Suarez,PHI,1.7,-0.56,-0.39,-1.43,-1.13,0.37,-0.66,-1.13,-2.94,0.17,-0.25,-0.62,8.69,1.82
17485,Albert Abreu,- - -,-0.76,-0.56,0.61,-0.64,-1.53,1.13,-0.45,0.04,-0.44,7.83,0.36,-0.56,-3.25,1.78
4806,Rich Hill,BOS,1.05,-0.56,0.3,-1.2,0.79,-0.45,-0.8,0.94,-1.59,-2.43,0.05,-0.21,5.89,1.78
19618,Jordan Hicks,STL,-0.28,-0.56,-0.0,-0.98,-0.93,0.26,-1.12,-0.23,0.9,8.12,-0.12,-0.97,-2.32,1.77
10078,Caleb Thielbar,MIN,-0.32,-0.3,-1.78,2.09,2.57,0.37,-2.35,1.31,8.76,-1.86,-1.47,-2.15,-3.25,1.63
15009,Kyle Finnegan,WSN,-0.17,2.23,-1.54,0.72,0.22,-0.33,1.08,0.57,2.63,-0.84,-0.72,0.97,-3.25,1.55
17425,Erick Fedde,WSN,1.11,-0.56,1.3,-2.28,0.15,-0.21,0.96,-1.66,-5.43,2.48,1.39,0.5,3.74,1.49
16943,Sean Newcomb,- - -,-0.99,-0.56,2.0,-2.11,-2.17,-3.73,1.5,-0.81,-1.78,9.57,2.44,1.27,-3.21,1.41
19330,Matthew Festa,SEA,-0.43,-0.05,-1.01,1.52,-0.22,0.02,-1.35,1.79,5.89,-0.41,-0.3,-0.8,-3.25,1.4
20153,Nick Nelson,PHI,-0.13,-0.3,0.84,0.44,-0.73,2.25,-1.08,-1.03,-0.25,5.37,-0.38,-0.56,-3.09,1.36
9323,Patrick Corbin,WSN,1.64,-0.56,0.3,-1.2,2.67,-2.09,1.23,-0.97,-4.28,-3.16,2.33,1.33,4.12,1.36
19911,Jose Suarez,LAA,0.73,-0.56,-0.24,0.21,1.19,-0.56,0.01,-0.34,-0.25,-2.29,-0.35,0.09,3.67,1.31
7593,Jordan Lyles,BAL,2.2,-0.56,0.84,-1.15,0.15,-1.74,-0.01,-0.65,-3.32,-3.01,0.89,0.03,7.63,1.3
17734,Evan Phillips,LAD,-0.24,-0.05,-2.47,0.5,2.17,1.84,-1.33,2.69,8.57,-3.88,-1.81,-1.45,-3.25,1.29
19716,Dustin May,LAD,-0.93,-0.56,0.3,0.89,-0.63,1.37,-1.01,0.57,-0.06,4.07,-0.35,-1.15,-1.25,1.28
19541,Jimmy Lambert,CHW,-0.57,-0.56,1.23,0.1,0.28,1.72,-1.16,-0.39,-0.44,6.1,-0.96,-1.15,-3.0,1.19
30074,Chase Silseth,LAA,-0.97,-0.56,0.53,-0.3,1.12,-2.03,2.47,0.36,-3.32,1.61,2.52,1.38,-1.68,1.15
10133,Brad Boxberger,MIL,-0.22,-0.3,0.07,-1.03,1.69,0.61,-0.82,1.63,2.05,2.48,-0.58,-1.27,-3.25,1.07
23920,Brayan Bello,BOS,-0.36,-0.56,-0.39,0.21,0.59,1.19,-0.13,0.04,-1.78,3.06,-0.23,-0.33,-0.27,1.05
15507,Hunter Harvey,WSN,-0.74,-0.56,-1.24,0.38,0.48,1.43,1.11,0.41,4.93,-1.86,-1.24,1.09,-3.25,0.95
15761,Joe Jimenez,DET,-0.38,-0.05,-2.55,1.8,0.45,-0.21,0.29,1.52,9.34,-5.04,-1.11,0.03,-3.25,0.85
11801,Hansel Robles,BOS,-1.05,-0.05,1.69,-1.03,-2.61,-2.56,2.26,-1.82,-3.13,7.54,2.4,2.45,-3.25,0.84
18548,Sam Hentges,CLE,-0.26,-0.3,-2.62,1.29,0.22,1.25,-0.59,1.36,5.89,-1.13,-1.21,0.15,-3.25,0.78
19312,Cal Quantrill,CLE,2.35,-0.56,0.77,-1.77,0.99,-0.04,-0.49,-2.03,-5.05,-4.17,0.27,-0.56,10.98,0.68
17479,Jack Flaherty,STL,-0.8,-0.56,1.69,-0.52,-2.17,1.08,-1.41,-1.13,-2.74,7.83,0.89,-0.8,-0.73,0.62
20531,Kutter Crawford,BOS,0.06,-0.56,0.69,-0.01,0.15,-0.8,0.14,-0.07,0.52,0.46,0.58,0.68,-1.22,0.6
19874,Alex Faedo,DET,-0.44,-0.56,2.07,-0.81,-0.09,-1.39,0.18,-0.81,-3.89,3.35,1.47,1.5,-0.02,0.56
21453,Konnor Pilkington,CLE,-0.34,-0.56,1.69,-0.01,-2.24,-2.73,1.17,-2.03,-2.74,7.25,0.76,0.38,-0.05,0.55
19349,Caleb Ferguson,LAD,-0.84,-0.56,-0.31,0.04,-1.57,2.31,-1.52,0.89,2.63,5.66,-0.96,-2.21,-3.04,0.51
3321,Darren O'Day,ATL,-1.11,-0.56,0.23,0.5,0.96,1.25,-0.93,-0.87,3.97,3.35,-1.3,-1.74,-3.25,0.48
25436,George Kirby,SEA,1.17,-0.56,-1.31,-0.92,2.27,-0.68,-0.03,-0.92,1.67,-7.78,-0.71,0.44,7.84,0.47
12730,Nick Martinez,SDP,0.67,1.47,-0.0,0.33,1.49,-0.39,-0.22,0.83,-1.4,0.75,-0.2,-1.21,-1.66,0.45
6316,David Phelps,TOR,-0.23,-0.3,0.53,-2.51,-0.36,1.31,-0.66,-0.39,0.9,5.37,-0.12,-0.09,-3.12,0.34
13781,Alex Wood,SFG,1.17,-0.56,-1.16,-0.18,0.82,0.2,0.22,0.67,0.52,-5.76,-0.03,0.03,4.4,0.33
16256,Kyle Freeland,COL,2.1,-0.56,0.84,-1.15,0.32,-1.33,0.73,-1.45,-4.85,-3.16,1.05,0.74,7.01,0.3
16610,J.P. Feyereisen,TBR,-1.05,-0.3,-0.85,2.82,1.39,0.2,0.22,1.2,5.7,-4.75,-1.57,0.5,-3.25,0.25
11760,Drew Smyly,CHC,0.67,-0.56,0.3,0.61,2.54,-0.68,-0.7,-0.07,-2.17,-5.04,0.14,-1.09,6.27,0.22
15684,Miguel Castro,NYY,-0.95,-0.56,0.46,0.95,-3.05,-2.15,-1.16,2.64,1.09,5.52,0.82,-0.15,-3.25,0.21
7982,Anthony Bass,- - -,-0.09,-0.56,-1.31,1.8,1.86,0.84,-0.89,2.43,3.2,-2.29,-0.98,-0.56,-3.25,0.2
11674,Jameson Taillon,NYY,2.16,-0.56,-0.39,-0.81,0.89,-0.51,-0.47,-0.71,-1.59,-7.2,0.16,-0.03,9.06,0.0
21741,Javier Assad,CHC,-0.78,-0.56,1.69,-0.69,-0.46,1.31,-0.87,-1.34,-4.09,5.81,0.45,-0.62,0.16,0.0
18325,Taylor Hearn,TEX,0.54,-0.3,0.38,-0.86,0.92,-1.39,0.39,-0.92,-0.83,2.05,0.76,0.56,-1.33,-0.03
10123,Kyle Gibson,PHI,1.95,-0.56,-0.16,-0.18,-0.69,-0.04,-0.17,-0.76,-2.36,-3.45,0.42,-0.03,5.97,-0.05
9803,Miles Mikolas,STL,2.68,-0.56,-0.47,-1.77,0.82,0.31,-0.47,-0.87,-3.32,-6.77,-0.14,-0.44,10.92,-0.06
9132,Nathan Eovaldi,BOS,0.73,-0.56,-1.08,0.61,2.37,-1.91,1.29,0.41,-0.06,-7.35,0.27,0.68,4.51,-0.09
19343,A.J. Puk,OAK,-0.17,0.46,-0.62,0.89,-0.02,-0.74,-0.63,1.68,3.97,-0.41,-0.32,-0.97,-3.25,-0.14
19876,Kevin Ginkel,ARI,-0.95,-0.3,-0.85,0.21,2.0,1.49,-1.01,1.95,1.09,0.31,-1.11,0.26,-3.25,-0.16
20020,John Schreiber,BOS,-0.19,1.47,-1.93,1.12,-1.8,1.43,0.12,1.42,5.5,-1.86,-1.43,-0.8,-3.25,-0.2
13183,Zach Davies,ARI,1.26,-0.56,1.0,-1.6,-1.74,-0.33,-0.74,-0.49,-4.28,0.75,0.52,-0.68,6.67,-0.23
20277,Cory Abbott,WSN,-0.55,-0.56,3.15,0.27,-2.27,-2.73,0.69,-1.29,-1.78,5.08,0.39,1.03,-1.68,-0.25
10855,Chasen Shreve,NYM,-1.01,-0.56,-0.7,0.27,3.11,-2.67,0.35,0.57,2.05,0.17,0.86,0.56,-3.25,-0.26
17755,Drew Smith,NYM,-0.59,-0.56,-0.62,1.41,-1.26,-2.56,2.34,0.73,4.54,-1.13,-0.25,0.91,-3.25,-0.3
20253,Griffin Jax,MIN,-0.05,-0.3,-1.31,1.06,1.19,0.31,-0.22,2.32,3.78,-2.72,-0.84,-0.27,-3.25,-0.31
17948,Trent Thornton,TOR,-0.59,-0.56,1.0,-1.54,1.93,0.43,1.11,0.51,-2.55,1.04,1.11,0.91,-3.25,-0.45
14966,Reyes Moronta,- - -,-0.78,-0.05,1.46,0.1,-1.06,0.37,-0.61,0.46,0.52,4.36,-0.74,-1.27,-3.25,-0.49
13218,Michael Fulmer,- - -,-0.23,0.2,0.92,0.44,-2.24,1.78,-0.26,-0.07,-0.44,3.06,-0.25,-0.15,-3.25,-0.49
2429,Corey Kluber,TBR,1.88,-0.56,-0.16,0.04,2.5,0.31,-0.66,1.1,-1.98,-9.66,-0.03,-0.8,7.51,-0.49
20353,Steven Wilson,SDP,-0.45,-0.3,1.15,0.78,0.08,0.14,-0.51,0.62,1.67,1.18,-1.17,-0.56,-3.13,-0.5
19244,Cole Irvin,OAK,2.24,-0.56,0.69,-0.98,1.96,-1.27,0.25,-1.03,-4.47,-6.34,0.36,0.5,8.1,-0.53
19795,Keegan Thompson,CHC,0.86,-0.3,0.46,-0.75,-1.23,-0.68,0.12,-0.44,-0.63,0.31,0.42,0.26,1.03,-0.58
19350,Dean Kremer,BAL,1.07,-0.56,0.84,-0.69,1.43,0.08,0.14,-1.29,-4.85,-3.16,0.42,-0.09,6.07,-0.6
15551,Mark Leiter Jr.,CHC,-0.15,0.2,-0.77,0.33,-0.59,0.72,-0.7,1.31,2.44,0.31,-0.12,-0.8,-2.79,-0.61
19800,Wil Crowe,PIT,0.04,0.46,0.46,0.38,-1.37,1.49,-1.05,-0.28,-1.98,4.8,0.16,-0.56,-3.17,-0.62
14874,Sam Moll,OAK,-0.65,-0.56,0.15,-0.86,-3.42,1.31,-0.55,0.83,1.86,6.1,-1.05,-0.56,-3.25,-0.66
19879,Tanner Houck,BOS,-0.3,1.47,-0.62,0.89,-3.22,1.49,0.22,0.51,0.13,0.89,-0.17,0.68,-2.65,-0.67
19899,Clarke Schmidt,NYY,-0.36,-0.05,-0.08,0.33,-0.96,-1.33,-0.15,1.47,1.09,2.34,-0.51,0.32,-2.82,-0.7
24933,Andrew Wantz,LAA,-0.51,-0.56,0.77,1.01,-1.7,-2.03,-0.63,0.62,2.63,3.35,-0.14,-0.44,-3.13,-0.76
15514,Kendall Graveman,CHW,-0.19,0.96,-1.08,-0.07,-0.32,1.9,-0.66,0.89,0.52,1.33,-0.51,-0.27,-3.25,-0.78
2520,Lance Lynn,CHW,0.99,-0.56,-1.08,1.12,1.49,0.43,0.1,-0.49,1.48,-8.51,-0.4,-0.09,4.63,-0.89
19996,Dylan Lee,ATL,-0.51,-0.56,-1.78,4.35,-0.09,1.25,-0.05,2.11,5.5,-6.48,-1.43,0.03,-3.25,-0.9
17149,Domingo German,NYY,-0.05,-0.56,0.69,-0.01,1.63,0.31,0.46,0.46,-2.55,-3.73,-0.25,0.5,2.19,-0.91
19457,Bryan Garcia,DET,-1.14,-0.56,1.92,-0.18,-1.67,-3.26,-0.22,0.09,-1.98,6.24,1.25,0.15,-1.57,-0.93
6895,Chase Anderson,CIN,-1.06,-0.56,1.07,-1.26,-2.54,0.55,0.1,-2.3,-0.44,10.29,-0.28,-2.57,-1.95,-0.94
19278,Vladimir Gutierrez,CIN,-0.8,-0.56,4.31,-2.62,-2.11,-1.03,0.83,-1.77,-5.62,8.27,1.68,0.44,-1.99,-0.97
18333,Alex Young,- - -,-1.01,-0.56,-0.0,2.37,0.38,2.95,0.08,0.83,-4.09,1.33,-0.38,0.21,-3.08,-0.98
6483,Steve Cishek,WSN,-0.17,-0.3,0.23,-0.64,-0.36,-0.74,-0.22,1.05,2.44,1.18,0.52,-0.74,-3.25,-1.02
19206,Dakota Hudson,STL,1.36,-0.56,1.54,-2.34,-0.63,0.84,0.43,-2.46,-8.31,2.63,0.96,0.26,5.2,-1.08
13799,Matt Strahm,BOS,-0.63,0.46,0.07,-0.81,0.25,-0.1,-0.87,0.57,3.78,0.75,-0.68,-0.62,-3.25,-1.09
5448,Jesse Chavez,- - -,-0.11,-0.56,-1.31,-0.86,2.06,-0.39,1.54,1.58,2.05,-3.16,0.27,0.91,-3.15,-1.13
12988,Andrew Chafin,DET,-0.36,0.2,-1.39,1.46,0.82,-0.56,-0.84,1.26,4.35,-1.13,-1.09,-0.62,-3.25,-1.15
10061,Brooks Raley,TBR,-0.44,0.96,-1.39,0.21,0.85,3.07,-1.85,1.31,4.54,-2.87,-1.21,-1.09,-3.25,-1.15
6986,Ian Kennedy,ARI,-0.51,1.98,1.92,-1.6,1.83,-2.73,1.15,-2.14,-3.32,1.33,2.05,2.15,-3.25,-1.15
19268,Justin Dunn,CIN,-0.91,-0.56,3.69,-1.71,-1.5,-5.31,1.17,-0.6,-6.58,6.39,4.61,1.68,-1.53,-1.15
14646,Rowan Wick,CHC,-0.22,1.72,-0.62,-0.69,-0.59,-1.68,0.35,-0.02,0.52,2.05,1.29,-0.03,-3.25,-1.17
10430,Mychal Givens,- - -,-0.28,-0.05,-0.7,-0.35,-1.23,-0.45,-0.09,0.51,3.78,1.61,-0.32,-0.56,-3.14,-1.26
17432,Jeff Hoffman,CIN,-0.63,-0.56,1.92,-0.47,-2.74,-0.74,0.14,-0.97,-0.06,5.23,0.16,0.44,-3.15,-1.43
13424,Drew VerHagen,STL,-1.11,-0.56,2.77,0.21,-1.77,-1.27,-0.76,-0.71,-5.05,7.83,2.21,-0.15,-3.25,-1.6
20191,Garrett Whitlock,BOS,0.08,0.96,-1.54,1.35,1.66,-0.33,0.16,1.47,3.39,-6.48,-0.84,0.15,-1.62,-1.6
16094,Zach Thompson,PIT,0.99,-0.56,0.77,-0.47,0.69,0.61,0.27,-0.71,-5.43,-0.41,1.08,-0.15,1.67,-1.65
22224,Jon Heasley,KCR,0.62,-0.56,3.0,-2.06,-1.77,-1.15,1.31,-2.73,-6.39,3.06,1.29,0.97,2.73,-1.66
20132,Adam Oller,OAK,-0.0,-0.56,4.08,-1.15,-0.15,-1.5,0.66,-2.99,-7.73,5.66,1.75,0.91,-0.74,-1.77
5524,Madison Bumgarner,ARI,1.76,-0.56,1.54,-2.06,0.22,-1.39,0.89,-1.98,-5.81,-2.87,1.47,1.03,5.98,-1.79
19614,Cionel Perez,BAL,-0.36,-0.3,-0.85,0.04,0.18,0.61,0.14,0.14,0.9,1.04,-0.4,0.32,-3.25,-1.8
19479,Aaron Civale,CLE,0.48,-0.56,-0.7,-0.52,0.72,-0.04,0.35,-0.02,1.28,-5.47,-0.23,0.03,2.87,-1.8
20000,Tyler Wells,BAL,0.61,-0.56,1.23,-0.01,0.32,-0.27,0.12,-0.6,-3.89,-3.3,-0.25,-0.15,4.85,-1.91
8110,Bryan Shaw,CLE,-0.34,-0.3,0.69,-0.98,-0.26,0.43,1.04,-1.72,-2.17,2.77,0.69,1.33,-3.11,-1.92
21045,Seth Martinez,HOU,-0.76,-0.56,-0.16,-0.18,2.06,0.9,-1.1,0.67,1.67,1.18,-1.24,-1.15,-3.25,-1.92
13761,Chris Stratton,- - -,-0.23,-0.05,-0.0,0.1,-0.12,1.02,0.56,-0.07,-1.21,0.46,0.11,0.68,-3.16,-1.93
14739,Paul Blackburn,OAK,0.77,-0.56,-0.16,-0.98,0.89,0.26,0.45,-0.12,-2.94,-3.59,0.11,-0.21,4.11,-1.97
18384,Scott Effross,- - -,-0.38,0.46,-1.62,-0.52,1.66,2.01,-0.2,1.9,3.59,-3.59,-1.49,-0.74,-3.1,-2.04
16587,Erik Swanson,SEA,-0.44,0.2,-2.55,2.26,1.36,0.61,-1.49,1.36,9.92,-6.48,-1.69,-2.09,-3.02,-2.06
18064,Phil Maton,HOU,-0.19,-0.56,-0.31,1.35,-0.76,0.67,-1.66,1.2,3.01,0.17,0.24,-2.04,-3.25,-2.13
18769,Cody Poteet,MIA,-0.97,-0.56,0.15,1.58,-0.73,0.78,0.64,-0.07,-3.89,1.61,0.69,1.62,-2.99,-2.14
22815,Luis Patino,TBR,-1.14,-0.56,5.69,-1.03,1.46,-1.27,-1.28,-2.19,-9.65,8.7,1.15,0.09,-2.14,-2.16
27515,Hirokazu Sawamura,BOS,-0.51,-0.56,1.0,-0.13,-2.41,0.2,1.27,-1.19,-3.89,6.82,0.27,0.21,-3.25,-2.17
13654,Jharel Cotton,- - -,-0.66,-0.56,1.84,0.16,-1.0,-0.04,-1.41,-0.92,-0.83,4.65,-0.2,0.03,-3.25,-2.17
11189,Vince Velasquez,CHW,0.02,-0.56,1.0,0.27,0.48,-3.26,1.02,0.2,-0.83,-0.99,0.6,1.8,-2.0,-2.24
18297,Tyler Kinley,COL,-1.06,-0.56,-1.7,3.05,-1.33,3.48,0.81,0.94,3.39,-4.75,-1.43,0.09,-3.25,-2.32
12808,Mike Clevinger,SDP,0.84,-0.56,1.38,-0.41,-0.12,-1.21,0.1,-0.71,-3.51,-2.58,0.6,-0.21,4.05,-2.33
13273,Ross Stripling,TOR,1.26,-0.3,-0.62,-0.18,3.14,-1.03,-0.19,-0.07,-1.59,-8.51,-0.45,0.21,5.91,-2.44
19979,Zach Plesac,CLE,1.2,-0.56,0.84,-0.64,0.15,-1.27,0.52,-1.82,-4.28,-3.16,1.22,0.56,4.78,-2.46
27779,Bryce Elder,ATL,-0.43,-0.56,0.23,-0.81,-1.7,0.96,-0.72,-0.76,-1.78,2.48,0.21,-0.21,0.61,-2.48
22487,Johan Oviedo,- - -,-0.38,-0.56,0.23,-0.07,-0.36,0.72,-0.09,0.04,-0.44,1.47,-0.84,-0.74,-1.47,-2.49
16258,Aaron Bummer,CHW,-1.01,-0.05,-2.31,-0.69,-2.68,0.43,1.36,1.95,2.63,0.17,-0.06,0.97,-3.25,-2.55
19444,Yohan Ramirez,- - -,-0.78,-0.3,1.38,-1.49,-1.37,0.08,0.06,0.04,-3.13,5.95,0.66,-0.44,-3.25,-2.59
26260,Drey Jameson,ARI,-1.05,-0.56,-2.01,0.04,-0.93,-0.1,1.98,-0.02,1.28,-2.72,0.45,0.21,0.78,-2.65
17878,Dennis Santana,TEX,-0.34,-0.3,0.38,0.04,-2.71,1.6,-0.97,0.67,-1.21,4.65,-0.14,-1.15,-3.18,-2.65
14677,Duane Underwood Jr.,PIT,-0.36,-0.3,-0.24,0.72,-1.16,2.31,-0.42,-0.49,-0.83,1.61,0.08,-0.44,-3.17,-2.69
17968,Brock Burke,TEX,0.16,-0.56,-1.01,-0.13,-0.29,0.2,0.2,0.3,4.35,-2.0,-0.71,0.03,-3.25,-2.7
14078,Michael Wacha,BOS,1.11,-0.56,-0.0,-1.03,-0.05,-1.27,-0.53,-1.56,-1.98,-4.31,0.52,-0.21,7.15,-2.73
22925,Joan Adon,WSN,-0.21,-0.56,1.92,-2.74,-1.5,-1.5,-0.28,-2.3,-4.47,6.82,1.93,0.44,-0.31,-2.75
6984,Luis Garcia,SDP,-0.28,0.2,-1.78,1.41,-0.39,1.95,0.06,1.15,2.82,-3.73,-1.17,0.26,-3.25,-2.75
13259,Louis Head,- - -,-0.97,-0.3,2.92,-0.92,-2.48,1.19,0.6,-2.03,-3.51,3.93,0.6,1.44,-3.25,-2.78
12718,Adrian Houser,MIL,0.59,-0.56,1.15,-2.79,-1.13,1.08,0.64,-2.25,-6.58,2.92,0.89,0.09,3.1,-2.87
14416,Yunior Marte,SFG,-0.55,-0.56,0.53,-0.18,0.08,2.31,-0.17,-0.71,-1.98,2.77,-0.2,-1.03,-3.25,-2.93
6398,Trevor May,NYM,-1.03,-0.3,-0.54,1.12,-2.91,-1.33,1.19,1.52,3.39,-0.99,-0.38,0.5,-3.25,-3.02
13607,Carl Edwards Jr.,WSN,-0.26,-0.05,0.07,-0.35,0.11,1.66,-0.49,-0.34,-0.83,1.9,-0.71,-0.5,-3.25,-3.02
20070,Bailey Falter,PHI,0.2,-0.56,0.15,-0.18,1.76,-0.51,0.06,1.42,-1.4,-6.63,0.58,0.26,1.8,-3.03
21093,Nick Vespi,BAL,-1.01,-0.3,-1.31,2.09,-0.69,-1.91,0.35,2.11,2.24,-2.29,1.43,-0.5,-3.25,-3.07
13896,Chris Flexen,SEA,1.32,-0.05,2.07,-0.98,-0.73,-0.92,0.27,-2.73,-5.62,0.46,0.58,0.32,2.9,-3.09
8779,Wade Miley,CHC,-0.78,-0.56,0.69,-0.41,1.69,1.31,-0.47,0.83,-4.47,0.17,-0.17,-1.09,0.14,-3.11
21224,Bailey Ober,MIN,-0.38,-0.56,0.38,1.12,2.3,-2.5,-0.26,-0.18,-0.06,-6.48,0.66,0.91,1.9,-3.14
1247,Adam Ottavino,NYM,-0.19,0.2,-2.39,0.72,-0.15,2.48,-1.62,2.74,6.46,-4.31,-1.64,-2.21,-3.25,-3.16
26285,Tommy Henry,ARI,-0.57,-0.56,1.77,-0.35,-0.83,-0.92,0.22,-1.19,-4.47,2.77,0.82,0.85,-0.73,-3.18
3284,Anibal Sanchez,WSN,-0.11,-0.56,2.38,-1.94,-1.26,-0.15,-0.19,-2.67,-5.43,4.51,0.6,-0.03,1.65,-3.2
13164,Eduardo Rodriguez,DET,0.35,-0.56,0.84,-2.17,0.99,0.2,-0.42,-2.03,-3.51,0.46,0.16,-0.62,3.06,-3.25
21446,Ryan Feltner,COL,0.48,-0.56,0.77,-1.43,-1.33,-0.45,0.89,-1.13,-2.74,-0.84,0.86,0.68,1.4,-3.42
15036,Chase De Jong,PIT,-0.06,-0.3,1.77,-0.41,-0.42,-0.62,0.2,-0.39,-2.36,2.63,-0.14,-0.09,-3.25,-3.47
21101,Dauri Moreta,CIN,-0.76,-0.3,0.69,-0.13,0.32,-2.97,0.6,0.67,1.28,-0.99,-0.01,1.21,-3.18,-3.57
14665,Jandel Gustave,MIL,-0.97,-0.56,0.07,-2.51,1.09,0.67,0.83,-0.76,-0.44,0.89,-0.03,1.33,-3.25,-3.65
25174,Penn Murfee,SEA,-0.11,-0.56,-0.77,0.04,1.49,1.37,-1.54,1.15,4.74,-3.3,-1.36,-1.68,-3.12,-3.66
21205,Connor Brogdon,PHI,-0.64,-0.05,-1.08,2.43,1.69,0.67,-1.68,1.42,3.2,-4.89,-0.84,-0.68,-3.25,-3.71
5114,Jeurys Familia,- - -,-0.63,-0.56,0.53,-0.3,-3.35,-1.56,1.65,0.14,-2.36,3.78,0.82,1.33,-3.25,-3.76
19403,Colin Poche,TBR,-0.34,1.22,0.15,0.78,-1.84,-0.86,-1.37,-0.55,3.2,1.04,-0.51,-1.5,-3.25,-3.83
22361,Colin Holderman,- - -,-0.97,-0.56,1.46,-1.03,0.59,0.49,-1.01,-1.77,-2.17,5.52,-0.43,-0.74,-3.25,-3.88
5615,Ryan Brasier,BOS,-0.26,-0.3,-1.01,0.84,2.27,-0.68,1.59,0.2,1.67,-6.19,-0.06,1.27,-3.25,-3.93
19179,Kirby Snead,OAK,-0.63,-0.3,2.23,-1.77,0.65,0.49,0.04,-0.18,-5.05,3.78,0.39,-0.44,-3.25,-4.04
15467,Marco Gonzales,SEA,2.28,-0.56,1.77,-1.66,0.72,0.14,-0.7,-2.19,-8.11,-3.59,0.55,-1.09,8.41,-4.05
17496,Diego Castillo,SEA,-0.42,1.22,-0.24,0.44,-1.57,-0.1,-1.62,0.09,1.09,2.63,-1.05,-1.27,-3.25,-4.05
15139,Ashton Goudeau,COL,-1.14,-0.3,1.92,-0.81,-1.2,0.9,1.42,-1.93,-5.05,3.35,0.58,1.44,-3.25,-4.06
12917,Dylan Bundy,MIN,1.38,-0.56,1.38,-0.92,2.23,-0.86,0.02,-0.49,-5.81,-6.63,0.3,0.21,5.68,-4.06
25097,Garrett Hill,DET,-0.3,-0.56,3.15,-1.89,-0.05,-1.21,0.04,-1.72,-6.39,4.65,1.68,0.15,-1.64,-4.08
16990,Tanner Banks,CHW,-0.45,-0.56,-0.77,-1.37,2.43,0.02,0.52,-0.34,0.13,-0.26,0.05,-0.27,-3.25,-4.12
22294,Matthew Liberatore,STL,-0.84,-0.56,1.69,-1.77,-2.54,-0.8,1.92,-2.03,-4.66,4.36,1.43,1.56,-1.88,-4.13
23429,JP Sears,- - -,-0.09,-0.56,1.15,-1.89,0.85,-0.92,1.0,-0.23,-4.09,-0.7,0.45,1.15,-0.34,-4.2
17369,Brett Martin,TEX,-0.51,0.2,-0.39,0.1,0.75,1.31,0.27,-0.23,-3.13,0.17,-0.2,0.56,-3.16,-4.24
9111,Brad Hand,PHI,-0.61,0.71,1.61,-2.28,-1.63,1.25,-2.19,0.62,-3.13,5.08,0.36,-0.8,-3.25,-4.26
21267,Jake Bird,COL,-0.57,-0.56,0.15,-1.83,-2.81,0.67,0.79,-0.49,-2.55,3.78,0.73,1.56,-3.25,-4.39
16933,Elieser Hernandez,MIA,-0.26,-0.56,1.92,-0.64,2.74,-3.26,-0.43,-0.65,-1.21,-1.42,0.76,0.5,-1.93,-4.44
11847,Chris Martin,- - -,-0.38,-0.05,-3.85,1.12,5.66,-0.51,0.62,0.73,8.38,-11.25,-1.45,-0.21,-3.25,-4.45
15734,Brad Keller,KCR,1.36,-0.3,0.69,-0.86,-2.31,0.49,0.62,-2.25,-5.24,1.47,0.33,0.44,1.05,-4.51
22713,Carlos Hernandez,KCR,-0.38,-0.56,3.46,-0.35,-1.03,-0.33,0.01,-1.66,-8.11,5.81,1.22,0.09,-2.69,-4.54
19769,Will Vest,DET,-0.24,-0.3,-1.01,-0.47,0.28,0.2,1.11,-0.6,0.52,-0.55,-0.01,-0.44,-3.05,-4.56
14681,Andres Machado,WSN,-0.32,-0.56,1.0,-0.24,-0.02,-0.68,0.77,-0.81,-4.47,2.19,1.25,0.56,-3.25,-4.59
21956,Max Castillo,- - -,-0.74,-0.56,0.15,-0.98,-0.12,-1.68,1.11,-1.4,-0.63,0.75,0.69,1.27,-2.48,-4.62
10732,Drew Hutchison,DET,0.65,-0.56,1.84,-1.49,-0.22,-0.8,0.52,-2.14,-6.77,1.18,1.32,1.03,0.77,-4.66
13758,Tyler Duffey,MIN,-0.64,-0.05,-0.85,-0.13,-0.32,-0.62,0.94,-0.49,-1.21,-0.55,1.47,0.97,-3.25,-4.74
21420,Yerry De Los Santos,PIT,-1.03,0.2,-0.24,-1.37,0.82,-2.79,0.2,-0.39,0.33,1.9,0.63,0.15,-3.25,-4.84
7146,Daniel Hudson,LAD,-1.05,0.71,-3.08,2.82,-2.48,2.42,-0.28,-0.02,6.85,-6.19,-1.26,-0.15,-3.25,-4.97
13619,Jakob Junis,SFG,0.79,-0.56,-0.7,-1.09,2.0,0.02,-0.05,1.1,-1.98,-6.05,0.14,0.21,1.12,-5.05
19962,Joey Wentz,DET,-0.88,-0.56,1.15,-1.54,-0.83,0.02,-0.59,-1.88,-2.17,2.19,-0.4,0.15,0.17,-5.16
19374,Walker Buehler,LAD,-0.19,-0.56,-0.77,0.21,0.35,0.49,0.66,-0.76,-1.4,-4.31,0.24,-0.38,1.24,-5.19
6397,Jake Odorizzi,- - -,0.67,-0.56,1.3,-0.64,-2.24,0.08,-1.03,-2.14,-3.13,-1.42,0.08,-0.44,4.25,-5.21
13594,Robert Stephenson,- - -,-0.34,-0.56,0.15,1.58,0.62,-0.92,0.69,0.78,-0.63,-5.33,0.73,1.21,-3.25,-5.27
15047,Austin Voth,- - -,0.57,-0.56,0.69,-0.24,0.35,-0.62,-0.2,-0.65,-1.98,-2.58,0.36,-0.09,-0.32,-5.28
20203,Eli Morgan,CLE,-0.17,-0.56,-0.85,0.27,3.14,-0.86,-0.63,0.14,4.93,-6.05,-1.11,-0.44,-3.14,-5.32
10021,Mike Minor,CIN,0.5,-0.56,2.23,-1.71,-0.26,-0.56,-0.63,-1.08,-5.24,0.17,0.55,-0.21,1.46,-5.34
14542,Carlos Estevez,COL,-0.36,-0.05,0.46,-1.32,-0.32,-0.1,0.14,-3.36,0.13,1.9,0.14,0.62,-3.25,-5.38
12049,Kyle Hendricks,CHC,0.21,-0.56,0.77,-0.58,0.65,-1.44,0.12,0.36,-3.7,-3.45,1.02,-0.62,1.75,-5.49
17732,Nabil Crismatt,SDP,-0.15,-0.56,-1.08,0.16,-0.79,1.31,-0.4,1.26,0.33,-1.42,-0.53,-0.5,-3.12,-5.5
19647,Matt Foster,CHW,-0.61,-0.3,0.77,-0.98,1.09,0.84,-0.87,-2.25,-0.63,0.75,0.16,-0.21,-3.25,-5.5
20565,Jackson Tetreault,WSN,-1.12,-0.56,3.38,-2.06,-0.19,-0.97,3.62,-2.88,-11.57,3.06,3.3,2.5,-2.08,-5.56
11762,Noah Syndergaard,- - -,1.26,-0.56,0.53,-1.26,1.46,-0.21,-0.8,-0.71,-5.05,-5.33,0.39,-0.86,5.52,-5.61
17556,Jimmy Herget,LAA,-0.11,1.72,-1.01,-0.13,0.48,0.55,-0.38,1.58,1.09,-5.04,-1.09,-0.27,-3.1,-5.68
15451,Mike Mayers,LAA,-0.51,-0.56,1.23,0.1,-1.06,-3.08,1.9,-1.03,-1.98,-0.55,1.25,1.56,-3.01,-5.73
18694,Kolby Allard,TEX,-1.12,-0.3,0.61,-0.18,1.16,-4.31,0.85,0.78,-0.63,-2.72,1.6,1.8,-3.25,-5.74
20323,Erich Uelmen,CHC,-0.99,-0.3,2.23,-0.41,-0.09,-0.56,0.31,-0.23,-4.85,2.05,0.02,0.26,-3.25,-5.82
20116,Calvin Faucher,TBR,-1.12,-0.3,0.77,-0.64,-3.52,-3.26,0.73,0.3,-1.4,2.63,1.93,1.27,-3.25,-5.86
4264,Mark Melancon,ARI,-0.38,4.01,1.15,-0.86,0.45,0.37,0.14,-1.34,-7.35,-0.26,0.73,0.68,-3.25,-5.93
20010,Wyatt Mills,- - -,-0.95,-0.56,1.3,0.44,-2.64,1.54,-1.37,-0.12,-1.98,3.21,0.36,-1.98,-3.25,-6.0
19754,Reiver Sanmartin,CIN,-0.36,-0.56,0.69,-0.24,-0.93,0.14,-0.49,-0.39,-3.89,4.65,-0.14,-1.5,-2.97,-6.0
21461,Cole Sands,MIN,-0.93,-0.3,2.07,-0.86,-1.47,0.2,0.24,-1.13,-2.74,1.04,0.39,0.44,-2.95,-6.01
6893,Johnny Cueto,CHW,1.76,-0.56,0.77,-2.06,1.93,0.08,-0.43,-2.3,-5.81,-6.05,-0.01,-0.5,7.08,-6.11
21023,Adrian Martinez,OAK,-0.36,-0.56,0.23,-0.35,-0.49,-1.68,-0.13,-0.34,-1.78,-2.0,1.32,0.32,-0.38,-6.2
2859,Ross Detwiler,CIN,-1.01,-0.3,-0.24,-1.37,-0.66,-0.68,0.48,-0.44,-0.06,-0.84,1.36,0.79,-3.25,-6.23
15068,Yency Almonte,LAD,-0.82,-0.3,-0.7,1.63,-0.09,1.72,-2.52,3.01,1.28,-2.29,-1.0,-3.04,-3.25,-6.36
17489,Spenser Watkins,BAL,0.65,-0.56,1.38,-1.71,1.63,0.14,-0.11,-1.13,-7.54,-3.45,1.02,0.85,2.33,-6.5
19362,Keegan Akin,BAL,0.15,-0.05,-1.31,0.38,0.75,0.55,-0.26,0.73,0.71,-4.17,-0.4,-0.44,-3.13,-6.51
10291,Ryan Tepera,LAA,-0.36,0.96,0.53,0.95,-0.63,1.13,-2.02,-0.76,-1.98,0.31,-0.77,-0.68,-3.25,-6.55
20962,Elvin Rodriguez,DET,-0.95,-0.56,2.77,-2.68,-2.88,-4.26,2.45,-2.57,-4.28,3.78,2.74,2.56,-2.74,-6.6
10343,Aaron Loup,LAA,-0.34,-0.3,0.23,-0.01,-0.96,1.08,-0.74,-0.12,-2.17,0.02,0.3,-0.33,-3.25,-6.6
16350,Ryan Borucki,- - -,-1.03,-0.56,0.92,0.38,-3.22,-1.74,1.4,-0.71,-3.13,2.63,1.83,-0.27,-3.25,-6.74
9434,Dallas Keuchel,- - -,-0.3,-0.56,1.46,-1.2,-0.86,-0.8,0.12,-1.66,-6.77,3.21,1.43,0.15,-0.98,-6.78
21345,Bennett Sousa,CHW,-1.14,-0.3,2.77,0.27,-0.52,0.37,0.83,-1.13,-8.69,3.64,0.19,0.09,-3.25,-6.88
20369,Matt Manning,DET,-0.24,-0.56,0.77,-1.09,-1.2,0.72,-0.24,-1.56,-3.7,-2.14,-0.03,0.32,2.01,-6.93
15915,Victor Arano,WSN,-0.68,-0.3,-1.08,1.52,1.43,1.13,-0.53,0.36,0.52,-4.02,-0.4,-1.62,-3.25,-6.95
12857,Shawn Armstrong,- - -,-0.27,-0.05,-1.08,0.67,1.12,-0.15,-0.89,0.3,1.67,-3.88,-0.74,-0.68,-2.97,-6.96
25379,Sammy Long,SFG,-0.68,-0.3,1.23,-0.07,0.11,0.37,-0.4,0.41,-3.89,-1.71,0.24,0.03,-2.34,-6.99
16977,Trevor Williams,NYM,0.31,-0.3,-0.16,-0.64,2.47,-0.15,-0.26,-1.45,-0.25,-4.31,-0.35,-0.44,-1.48,-7.03
1943,Zack Greinke,KCR,1.32,-0.56,1.07,-2.28,1.29,0.37,0.27,-1.4,-8.69,-6.77,0.73,0.21,7.39,-7.05
14295,Wandy Peralta,NYY,-0.38,0.46,-0.77,2.82,-0.76,1.78,-1.26,0.09,-1.21,-1.42,-1.34,-1.8,-3.25,-7.05
17682,Ralph Garza,TBR,-0.82,-0.56,2.61,-1.66,2.57,0.37,-0.01,-0.92,-9.84,3.64,1.56,-0.74,-3.25,-7.05
7531,Collin McHugh,ATL,-0.11,-0.56,-1.47,0.72,1.39,1.37,-1.39,0.57,3.97,-6.19,-0.96,-1.15,-3.25,-7.06
13361,Steven Matz,STL,-0.55,-0.56,-1.7,0.44,1.12,-1.03,-0.38,1.47,2.63,-6.77,-0.38,-0.09,-1.26,-7.06
11589,Jose Urena,- - -,0.48,-0.56,1.07,-1.66,-0.89,0.37,0.06,-2.67,-7.15,2.19,0.89,-0.21,0.93,-7.15
16400,Reynaldo Lopez,CHW,-0.19,-0.56,-1.39,1.46,0.15,1.43,0.06,0.89,2.05,-7.35,-1.09,0.5,-3.11,-7.15
18152,Anthony Misiewicz,- - -,-0.95,-0.56,0.46,-0.47,-0.49,-2.62,0.67,-0.39,-0.25,-0.26,0.02,0.91,-3.25,-7.18
21318,Tylor Megill,NYM,-0.57,-0.56,-1.31,0.16,0.52,-1.74,-0.64,-0.49,2.24,-3.88,0.27,0.38,-1.57,-7.2
20515,Kyle Nelson,ARI,-0.78,-0.56,0.69,-0.01,-1.13,-0.15,0.06,-0.87,-2.55,1.04,-0.01,-0.03,-3.07,-7.38
21448,Davis Martin,CHW,-0.23,-0.56,0.84,0.04,0.11,0.26,-0.19,-0.81,-4.09,-2.43,0.66,0.32,-1.37,-7.44
13190,Jordan Weems,WSN,-0.74,-0.56,-0.16,0.55,-1.87,0.2,0.48,-1.66,1.48,-2.58,-0.63,1.21,-3.25,-7.53
13345,Luis Cessa,CIN,0.12,-0.56,0.46,-1.15,0.32,-1.09,0.9,-0.6,-4.47,-0.55,0.39,0.68,-2.04,-7.59
19666,Jason Alexander,MIL,-0.06,-0.56,0.92,-2.4,1.09,-0.45,1.04,-0.92,-7.35,0.02,1.43,0.91,-1.28,-7.6
14420,Jackson Stephens,ATL,-0.44,-0.05,0.07,-1.09,-0.46,1.49,-1.28,-1.03,-2.55,1.9,-0.17,-0.92,-3.15,-7.66
1157,Tommy Hunter,NYM,-1.1,-0.56,-0.16,-0.07,3.11,-3.61,1.4,-1.45,0.33,-4.02,0.49,1.21,-3.25,-7.69
13339,Adrian Sampson,CHC,0.63,-0.56,0.69,-1.15,-1.1,0.43,-0.43,-2.14,-5.05,-4.17,0.36,-0.38,5.08,-7.79
12777,John Brebbia,SFG,-0.13,-0.56,0.84,-0.07,2.64,0.55,0.08,-0.81,-3.51,-4.31,-0.53,-0.44,-1.55,-7.81
17490,Genesis Cabrera,STL,-0.63,-0.3,1.61,-0.81,0.99,0.14,-1.33,-1.13,-5.43,2.77,0.89,-1.33,-3.25,-7.82
19753,Jonathan Loaisiga,NYY,-0.55,-0.05,-0.39,0.27,0.22,3.18,-1.58,-0.44,-3.7,1.76,-0.56,-2.74,-3.25,-7.84
23221,Michael Grove,LAD,-0.95,-0.56,1.38,-0.64,-0.79,0.78,1.0,-1.4,-4.09,-2.0,-0.91,1.8,-1.58,-7.94
27681,Ken Waldichuk,OAK,-0.84,-0.56,0.53,0.16,0.22,-2.73,-0.15,-1.34,0.13,-2.87,0.55,0.09,-1.15,-7.96
20555,Kirk McCarty,CLE,-0.78,-0.56,1.69,-0.69,1.93,-2.03,-0.07,-0.6,-5.24,-0.41,1.25,0.56,-3.04,-7.98
19583,Sean Poppen,ARI,-0.97,-0.56,1.61,-2.79,-0.05,0.2,-0.32,-0.18,-3.89,2.34,-0.45,0.32,-3.25,-8.0
21481,Sean Hjelle,SFG,-1.03,-0.56,-2.47,-1.77,-0.32,0.61,1.29,0.46,1.28,-3.01,0.19,0.56,-3.25,-8.03
13394,Dylan Floro,MIA,-0.44,1.98,-0.85,-1.15,1.06,1.37,-1.08,0.3,-1.02,-3.3,-0.96,-0.68,-3.25,-8.03
19225,Mitch White,- - -,0.52,-0.56,0.77,-1.66,-0.15,1.08,-0.8,-1.98,-4.28,-1.13,0.11,-0.38,0.42,-8.06
12447,Seth Lugo,NYM,-0.19,0.2,-1.01,-1.26,0.15,-0.45,-1.1,0.94,2.05,-3.59,-0.56,-0.03,-3.25,-8.1
23252,Spencer Howard,TEX,-0.78,-0.56,1.61,-2.0,-0.96,-1.91,0.73,-1.24,-4.09,-0.12,1.47,1.68,-1.95,-8.12
17092,Domingo Acevedo,OAK,-0.15,0.46,-0.24,2.54,-0.66,0.02,-1.1,0.14,-0.63,-3.59,-0.56,-1.09,-3.25,-8.12
16703,Julian Merryweather,TOR,-1.01,-0.56,0.61,-0.18,2.4,-1.68,1.27,-0.02,-2.74,-4.6,0.45,1.03,-3.2,-8.23
19454,Michael Rucker,CHC,-0.42,-0.56,0.07,-0.13,-1.84,-0.45,-0.2,-1.08,-0.83,0.02,-0.38,0.74,-3.25,-8.3
27505,Kohei Arihara,TEX,-1.14,-0.56,2.46,-0.75,-1.2,-1.5,1.08,-2.83,-8.31,3.21,3.03,0.91,-2.74,-8.34
26108,Andre Pallante,STL,0.71,-0.56,-0.62,-2.23,-0.32,2.48,0.73,-1.66,-5.81,0.17,-0.25,0.5,-1.51,-8.36
12323,Jacob Barnes,- - -,-1.1,-0.56,2.07,-1.37,3.07,0.37,0.71,-2.88,-8.69,1.61,0.73,0.85,-3.25,-8.42
19990,Bryse Wilson,PIT,0.86,-0.56,0.92,-2.06,-0.36,-0.15,1.0,-1.66,-6.2,-4.17,1.47,1.33,1.14,-8.44
25918,Zack Thompson,STL,-0.84,-0.3,-0.16,-2.17,-0.73,0.67,-0.05,-0.81,-2.55,2.77,-0.3,-0.92,-3.06,-8.46
2608,Jhoulys Chacin,COL,-0.57,-0.56,1.61,-1.6,-1.16,-0.45,0.64,-1.08,-5.05,1.61,0.69,0.68,-3.25,-8.49
26079,Beau Brieske,DET,0.15,-0.56,1.54,-1.77,-0.36,-1.74,0.6,-2.94,-5.62,-1.86,1.53,0.38,2.11,-8.53
20430,Rony Garcia,DET,-0.49,-0.56,0.3,-1.77,-0.26,-5.19,2.47,-2.3,0.71,-3.73,2.25,1.74,-1.72,-8.55
21846,Cole Ragans,TEX,-0.72,-0.56,1.69,-0.24,-0.22,0.31,-1.03,-2.88,-6.0,1.47,0.73,-0.62,-0.52,-8.59
14706,Anthony Banda,- - -,-1.01,-0.56,0.92,-1.15,-2.07,0.43,-1.14,-1.29,-0.44,2.05,0.96,-2.15,-3.2,-8.65
15823,Zack Littell,SFG,-0.63,-0.3,0.23,0.84,1.63,-0.33,-0.19,-0.81,-1.98,-3.16,-0.38,-0.33,-3.25,-8.67
16981,Tyler Beede,- - -,-0.28,-0.56,2.07,-1.54,-1.97,1.31,0.83,-1.56,-7.73,2.63,0.79,0.09,-2.76,-8.68
20778,Cristopher Sanchez,PHI,-0.72,-0.3,0.3,-1.89,-1.5,0.49,-0.19,-0.87,-2.74,1.61,0.27,-0.38,-2.97,-8.87
12804,Matt Wisler,TBR,-0.64,-0.3,1.84,-0.3,1.09,-2.56,-1.43,-0.07,-2.17,-0.84,-0.77,-0.62,-2.19,-8.95
13942,Brent Suter,MIL,-0.17,-0.56,0.3,0.33,0.65,1.02,-1.49,0.04,-2.94,-0.99,-0.3,-1.68,-3.25,-9.04
22387,Josh Winckowski,BOS,-0.09,-0.56,1.23,-2.45,-0.39,-1.44,1.52,-1.13,-7.35,0.17,0.79,0.56,0.08,-9.07
20418,Josh Fleming,TBR,-0.82,-0.56,-0.77,-0.41,1.59,-0.27,0.98,-0.18,-4.66,-2.43,0.33,1.09,-2.96,-9.07
9784,Garrett Richards,TEX,-0.67,-0.3,-0.08,0.44,-0.69,-0.04,0.02,-0.49,-2.55,-2.43,0.36,0.44,-3.09,-9.1
27691,Louie Varland,MIN,-1.01,-0.56,0.3,-1.6,1.09,0.61,0.54,-0.71,-2.36,-4.89,0.52,0.09,-1.28,-9.26
17796,Dillon Tate,BAL,-0.02,0.71,-1.16,-0.41,1.26,1.25,-0.07,1.05,-1.78,-5.33,-0.86,-0.86,-3.25,-9.48
8337,Lucas Luetge,NYY,-0.36,-0.05,-0.08,0.5,-0.93,1.25,-2.92,0.46,1.28,-3.01,-0.45,-1.98,-3.25,-9.54
16647,Ryan Thompson,TBR,-0.67,0.2,-0.85,-0.64,-0.63,1.6,-0.34,1.42,-0.83,-4.17,-0.96,-0.44,-3.25,-9.55
12095,Yimi Garcia,TOR,-0.28,-0.3,0.23,-0.47,0.18,0.55,-0.97,-0.39,0.9,-3.45,-1.11,-1.21,-3.25,-9.57
18519,Phil Bickford,LAD,-0.28,-0.56,-0.85,-0.07,0.05,-2.44,-0.64,0.51,3.59,-5.33,-0.56,0.15,-3.25,-9.69
8246,Paolo Espino,WSN,0.82,-0.56,0.23,-1.26,-0.76,-0.27,0.58,0.46,-3.32,-6.63,0.73,0.44,-0.15,-9.69
19545,Stephen Nogosek,NYM,-1.1,-0.56,0.92,-1.15,0.38,-0.1,-0.05,-2.3,-0.63,-2.29,-0.14,0.56,-3.25,-9.7
15042,Tim Mayza,TOR,-0.55,-0.05,-2.08,-1.09,0.42,0.02,0.16,0.14,0.33,-4.02,0.14,0.03,-3.25,-9.82
14506,J.B. Wendelken,ARI,-0.95,-0.56,1.0,-1.2,-3.42,0.26,-1.07,-2.46,-4.85,4.8,2.25,-0.38,-3.25,-9.85
16918,Luke Weaver,- - -,-0.82,-0.56,-0.31,-0.35,-1.77,-1.97,1.31,-2.62,-0.83,-1.86,1.39,1.74,-3.19,-9.85
23420,Beau Sulser,- - -,-1.1,-0.56,0.61,-1.37,1.59,1.02,-0.2,-2.73,-2.94,0.89,-0.79,-1.15,-3.25,-9.98
18282,Jarlin Garcia,SFG,-0.19,-0.3,0.38,-0.13,-0.32,-1.97,0.64,0.14,-1.78,-3.59,0.24,0.15,-3.25,-10.0
18790,Dillon Peters,PIT,-0.74,-0.56,1.61,-1.94,-1.74,0.49,-0.4,-1.61,-6.0,2.77,0.45,0.15,-2.8,-10.31
24606,Josh Winder,MIN,-0.15,-0.56,1.84,-0.92,-0.12,-1.56,0.01,-0.92,-5.24,-3.88,1.15,0.32,-0.61,-10.63
14857,Joe Mantiply,ARI,-0.3,-0.05,-2.85,1.63,0.69,2.01,-0.22,2.64,1.86,-10.82,-0.79,-1.21,-3.25,-10.67
13767,JT Chargois,TBR,-1.1,-0.56,-0.24,-0.47,2.17,0.55,-0.2,1.05,-2.36,-4.75,-1.41,-0.8,-2.65,-10.76
23307,Collin Snider,KCR,-0.84,-0.56,1.0,-1.49,-4.02,0.2,1.08,-1.45,-6.77,2.77,1.93,0.62,-3.25,-10.79
18376,Connor Overton,CIN,-0.87,-0.56,1.77,-3.02,0.65,2.6,0.62,-1.19,-9.84,0.31,-0.61,0.97,-1.72,-10.88
17611,Taylor Clarke,KCR,-0.53,0.2,-0.7,0.5,1.86,0.72,0.16,-2.41,0.9,-8.07,-0.86,0.56,-3.25,-10.92
6661,Alex Colome,COL,-0.57,0.46,1.0,-1.54,-2.68,-1.44,1.5,-2.88,-6.77,2.63,1.71,0.91,-3.25,-10.95
11490,Aaron Sanchez,- - -,-0.3,-0.56,0.3,-2.0,0.32,0.9,1.88,-1.29,-6.2,-5.18,0.49,2.27,-1.67,-11.04
13774,Zach Eflin,PHI,0.02,-0.3,-0.39,-0.81,2.06,0.78,-1.35,-0.02,-1.78,-6.77,-0.74,-1.92,0.02,-11.2
19487,Devin Smeltzer,MIN,-0.09,-0.56,2.0,-2.23,-0.12,0.26,0.12,-1.29,-7.35,-3.3,0.3,0.15,0.68,-11.43
19995,Joel Kuhnel,CIN,-0.34,-0.3,-1.01,-0.07,-0.73,0.14,0.14,-0.23,-0.83,-5.61,-0.25,0.91,-3.25,-11.43
16502,Ryan Yarbrough,TBR,0.12,-0.56,1.54,-0.75,2.33,0.08,-1.37,-0.87,-4.66,-4.02,0.36,-2.04,-1.67,-11.51
16561,Austin Gomber,COL,1.05,-0.56,0.3,-0.86,-0.59,-0.62,-0.47,-1.34,-4.28,-3.88,0.55,-0.27,-0.62,-11.6
14663,Chi Chi Gonzalez,- - -,-1.08,-0.56,1.23,-2.68,2.27,-0.97,0.41,-0.55,-6.39,-2.72,1.6,0.09,-2.31,-11.67
15288,Adam Cimber,TOR,-0.09,0.46,-0.24,-1.32,1.29,1.37,0.12,-0.44,-2.36,-7.2,-0.38,0.32,-3.25,-11.72
27581,Hayden Wesneski,CHC,-0.87,-0.56,-0.77,0.21,0.65,1.72,-2.37,-0.23,1.86,-5.9,-1.81,-2.39,-1.34,-11.79
27517,Jared Koenig,OAK,-0.74,-0.56,2.38,-2.79,-1.5,1.31,1.06,-2.14,-8.69,0.17,1.08,1.09,-2.52,-11.85
3184,David Price,LAD,-0.72,-0.05,-1.54,-1.83,1.86,0.02,-0.03,-0.34,-0.63,-5.76,-0.2,0.56,-3.25,-11.91
27552,Graham Ashcraft,CIN,0.65,-0.56,0.07,-1.66,-0.86,1.54,-0.36,-2.19,-6.39,-3.88,-0.01,-0.97,2.6,-12.02
20039,Adrian Morejon,SDP,-0.85,-0.56,1.0,0.21,0.01,-0.74,-0.05,-1.98,-2.55,-4.02,-0.09,0.85,-3.25,-12.02
13346,Hoby Milner,MIL,-0.21,-0.56,-1.24,-1.03,-1.47,2.48,-0.93,1.68,0.52,-5.47,-0.63,-2.04,-3.25,-12.14
18356,Jaime Barria,LAA,0.1,-0.56,0.84,-0.3,2.5,-1.5,-0.45,-0.65,-4.66,-4.31,0.08,-0.15,-3.1,-12.17
7274,Craig Stammen,SDP,-0.72,-0.56,-0.62,-0.3,0.59,0.31,-0.38,0.3,-2.74,-5.33,0.05,0.09,-3.16,-12.46
21183,Humberto Castellanos,ARI,-0.63,-0.56,1.23,-1.94,-0.73,0.37,-0.09,-0.97,-5.43,-4.31,1.29,0.56,-1.29,-12.51
19903,Adonis Medina,NYM,-1.07,-0.3,0.69,-1.77,0.59,0.14,3.29,-1.45,-6.39,-5.61,1.22,1.27,-3.25,-12.66
15046,Trevor Gott,MIL,-0.61,-0.56,-0.39,-0.47,-1.33,-0.27,-1.28,0.36,0.71,-3.88,-1.07,-1.09,-3.25,-13.13
17735,Tyler Alexander,DET,0.56,-0.56,1.54,-2.11,1.86,-2.21,-0.11,-2.25,-7.15,-4.6,1.36,0.21,0.28,-13.19
23292,Packy Naughton,STL,-0.89,-0.3,-1.31,0.16,0.72,0.31,-0.55,-0.02,-0.83,-6.48,-0.28,-0.86,-2.96,-13.28
14361,Ty Blach,COL,-0.63,-0.3,1.07,-1.37,2.84,0.84,-0.2,0.2,-6.77,-5.18,0.05,-0.68,-3.19,-13.34
15488,Antonio Senzatela,COL,0.37,-0.56,0.07,-2.45,-0.73,1.72,0.62,-3.04,-8.31,-5.47,1.18,0.85,2.37,-13.36
20231,Zach Logue,OAK,-0.36,-0.56,2.61,-1.49,-3.35,-2.91,0.64,-2.57,-5.24,-1.13,1.9,0.56,-1.63,-13.52
17964,Tyler Gilbert,ARI,-0.84,-0.56,2.15,-1.71,-0.22,-2.26,0.67,-1.4,-7.73,-3.16,2.65,0.21,-1.5,-13.71
21850,Mason Thompson,WSN,-1.05,-0.3,1.0,-0.58,-0.86,2.07,-1.01,-1.66,-6.77,0.31,-0.3,-1.45,-3.25,-13.86
20370,Bruce Zimmermann,BAL,-0.02,-0.56,0.84,-1.37,1.66,-3.38,0.81,-1.34,-6.2,-8.36,2.44,1.5,-0.42,-14.4
7550,Jake McGee,- - -,-0.78,0.2,2.84,-1.54,-0.69,-2.62,0.75,-2.83,-6.39,-2.29,1.08,0.97,-3.25,-14.54
15126,Tyler Danish,BOS,-0.72,-0.56,0.23,-2.23,-2.41,-1.74,0.5,-0.65,-3.51,-2.72,2.21,0.26,-3.25,-14.58
13707,Joey Krehbiel,BAL,-0.36,-0.3,0.69,-1.03,-2.44,0.08,-0.85,-0.97,-3.51,-1.86,0.05,-1.03,-3.25,-14.8
15541,Tyler Rogers,SFG,0.02,-0.56,0.15,-1.83,0.99,2.19,-1.14,0.73,-6.39,-2.58,-0.66,-2.57,-3.25,-14.9
15594,Nick Wittgren,STL,-0.95,-0.3,2.07,-2.4,-0.66,3.77,-0.8,-1.98,-8.69,-2.14,0.16,0.26,-3.25,-14.9
20099,Chris Paddack,MIN,-1.1,-0.56,-1.62,-0.52,1.56,1.02,0.62,-0.23,-0.83,-11.25,-0.91,0.09,-1.41,-15.14
10314,Erasmo Ramirez,WSN,0.25,-0.56,-0.16,-0.58,1.29,1.49,-0.47,-0.81,-4.47,-8.07,-0.53,0.09,-2.98,-15.52
19531,Jason Foley,DET,-0.3,-0.56,-0.85,-1.83,1.29,1.72,0.73,-1.5,-4.85,-7.35,-0.4,1.27,-3.25,-15.89
20367,Brusdar Graterol,LAD,-0.53,0.46,-1.78,-0.52,1.69,1.84,-2.42,-1.08,-0.83,-6.34,-1.53,-1.8,-3.13,-15.96
18510,Josh Rogers,WSN,-1.01,-0.56,3.62,-3.02,-0.26,-0.86,0.14,-3.42,-10.42,1.76,0.96,0.03,-2.95,-15.98
14332,Joel Payamps,- - -,-0.4,-0.56,0.15,-0.92,-2.78,-0.15,1.0,-1.56,-4.66,-3.16,-0.17,0.26,-3.25,-16.19
12828,Andrew Kittredge,TBR,-1.14,0.71,-0.39,1.12,3.28,-0.62,-0.49,-0.55,-3.32,-10.39,-1.07,-0.09,-3.25,-16.2
22051,John King,TEX,-0.49,-0.56,-0.62,-1.43,-0.49,0.72,1.23,-1.4,-7.73,-3.73,0.16,1.27,-3.25,-16.32
3237,T.J. McFarland,STL,-0.88,-0.56,1.23,-2.68,-1.94,-0.21,2.59,-2.99,-10.03,-2.0,2.05,2.33,-3.25,-16.35
3281,Joe Smith,MIN,-0.99,-0.56,0.77,-2.79,1.56,-1.8,0.75,-2.51,-7.35,-1.86,1.22,0.44,-3.25,-16.37
15290,Austin Pruitt,OAK,-0.4,-0.3,0.38,0.1,2.33,-1.33,-0.78,-0.23,-4.85,-7.93,-0.09,-0.33,-3.16,-16.58
18454,Trevor Kelley,MIL,-1.07,-0.56,1.0,-0.98,-1.97,-2.85,-2.84,-0.49,-1.21,-0.55,0.16,-2.09,-3.25,-16.72
5372,Michael Pineda,DET,-0.59,-0.56,1.61,-2.06,0.18,-1.62,1.11,-2.09,-8.11,-7.93,1.83,1.92,-0.42,-16.72
7803,Richard Bleier,MIA,-0.51,-0.3,-0.54,-1.2,1.63,1.72,0.5,-1.34,-7.15,-7.35,-0.25,0.62,-3.15,-17.33
19345,Daulton Jefferies,OAK,-0.74,-0.56,0.69,-0.92,-0.96,-0.45,-0.01,-1.19,-5.43,-6.77,-0.28,0.32,-1.16,-17.45
20206,Mike Baumann,BAL,-0.84,-0.56,0.61,-2.68,-1.1,0.26,1.34,-4.32,-6.2,-4.31,0.39,1.92,-2.71,-18.2
14682,Luis Perdomo,MIL,-1.07,-0.56,-0.47,0.33,0.52,-0.8,2.51,0.25,-8.88,-9.66,0.86,0.56,-3.25,-19.67
19805,Daniel Castano,MIA,-0.82,-0.56,0.61,-2.4,1.26,0.61,-0.87,-2.41,-8.5,-5.04,0.76,-0.97,-1.39,-19.72
16814,Tim Hill,SDP,-0.55,-0.56,0.53,-2.57,-2.07,3.59,-0.8,-1.93,-8.69,-2.87,-0.93,-0.21,-3.25,-20.29
14444,Hyun-Jin Ryu,TOR,-0.99,-0.56,0.53,-2.11,-1.16,-1.33,1.13,-1.34,-7.15,-8.79,1.18,1.5,-1.66,-20.75
18674,Jake Woodford,STL,-0.55,-0.56,0.3,-1.77,-0.29,1.25,-0.38,-2.03,-8.69,-4.89,-0.03,-0.33,-3.07,-21.04
23779,Justin Bruihl,LAD,-1.07,-0.3,2.15,-0.24,0.35,0.61,-2.63,-2.35,-8.5,-4.75,-0.3,-1.39,-3.25,-21.68
20185,Zach Pop,- - -,-0.74,-0.56,-1.08,-1.77,0.05,1.08,1.34,-1.4,-5.81,-10.67,-0.66,-0.21,-3.25,-23.69
